smiles,pchembl_value,standard_type,type,value
CCCn1c(=O)c2nc(-c3ccc(OCC(=O)Nc4ccc(C(C)=O)cc4)cc3)[nH]c2n(CCC)c1=O,6.95,Ki,Ki,112.0
CCCn1c(=O)c2nc(-c3ccc(OCC(=O)Nc4ccccc4C(C)=O)cc3)[nH]c2n(CCC)c1=O,6.37,Ki,Ki,431.0
CCCn1c(=O)c2nc(-c3ccc(OCC(=O)O)cc3)[nH]c2n(CCC)c1=O,6.22,Ki,Ki,595.0
C=CCn1c(=O)c2nc(-c3ccc(OCC(=O)O)cc3)[nH]c2n(CC=C)c1=O,5.62,Ki,Ki,2370.0
CC(C)CCn1cc2c(nc(NC(=O)Cc3ccccc3)n3nc(-c4ccco4)nc23)n1,7.24,Ki,Ki,57.0
CC(C)CCn1cc2c(nc(NC(=O)Cc3cccc4ccccc34)n3nc(-c4ccco4)nc23)n1,7.38,Ki,Ki,42.0
CCCn1c(=O)c2nc(-c3ccc(OCC(=O)Nc4ccc(Br)cc4)cc3)[nH]c2n(CCC)c1=O,5.79,Ki,Ki,1640.0
O=C(Cc1ccccc1)Nc1nc2nn(CCCc3ccccc3)cc2c2nc(-c3ccco3)nn12,7.22,Ki,Ki,60.0
CC(C)CCn1cc2c(nc(NC(=O)COc3ccccc3)n3nc(-c4ccco4)nc23)n1,7.42,Ki,Ki,38.0
Cn1cc2c(nc(NC(=O)Cc3ccccc3)n3nc(-c4ccco4)nc23)n1,6.37,Ki,Ki,423.0
CCCn1c(=O)c2nc(-c3ccc(OCC(=O)Nc4ccc(C(F)(F)F)cc4)cc3)[nH]c2n(CCC)c1=O,6.62,Ki,Ki,238.0
CCCn1c(=O)c2nc(-c3ccc(OCC(=O)Nc4ccc(C(N)=O)cc4)cc3)[nH]c2n(CCC)c1=O,7.41,Ki,Ki,39.0
CCCn1c(=O)c2nc(-c3ccc(/C=C/C(=O)NN4C(=O)C(C)=C(C)C4=O)cc3)[nH]c2n(CCC)c1=O,6.65,Ki,Ki,223.0
CCCn1c(=O)c2nc(-c3ccc(OCC(=O)Nc4cccc(C(C)=O)c4)cc3)[nH]c2n(CCC)c1=O,7.23,Ki,Ki,58.9
O=C(COc1ccccc1)Nc1nc2nn(CCCc3ccccc3)cc2c2nc(-c3ccco3)nn12,7.35,Ki,Ki,45.0
Cn1cc2c(nc(NC(=O)Nc3ccccc3)n3nc(-c4ccco4)nc23)n1,6.42,Ki,Ki,381.0
CCCn1c(=O)c2nc(-c3ccc(/C=C/C(=O)O)cc3)[nH]c2n(CCC)c1=O,6.72,Ki,Ki,190.0
CCCn1c(=O)c2nc(-c3ccc(OCC(=O)Nc4ccccc4)cc3)[nH]c2n(CCC)c1=O,7.59,Ki,Ki,25.8
CCCn1c(=O)c2nc(-c3ccc(OCC(=O)Nc4ccc(F)cc4)cc3)[nH]c2n(CCC)c1=O,7.78,Ki,Ki,16.6
O=C(O)/C=C/c1ccc(-c2nc3c(=O)n(CC4CCCCC4)c(=O)n(CC4CCCCC4)c3[nH]2)cc1,5.82,Ki,Ki,1518.0
CCCn1c(=O)c2nc(-c3ccc(OCC(=O)Nc4ccc([N+](=O)[O-])cc4)cc3)[nH]c2n(CCC)c1=O,7.16,Ki,Ki,70.0
CCCn1c(=O)c2nc(-c3ccc(OCC(=O)Nc4ccc(C(=O)OC)cc4)cc3)[nH]c2n(CCC)c1=O,5.51,Ki,Ki,3100.0
CCCn1c(=O)c2[nH]c(-c3ccc(OCC(=O)NCCN)cc3)nc2n(CCC)c1=O,7.74,Ki,Ki,18.4
Nc1nc2nn(CCc3ccccc3)cc2c2nc(-c3ccco3)nn12,9.51,Ki,Ki,0.31
CCCn1c(=O)c2nc(-c3ccc(OCC(=O)Nc4ccc(Cl)cc4)cc3)[nH]c2n(CCC)c1=O,6.73,Ki,Ki,187.0
CCCn1c(=O)c2nc(-c3ccc(OCC(=O)Nc4ccc(I)cc4)cc3)[nH]c2n(CCC)c1=O,5.29,Ki,Ki,5140.0
CCCn1c(=O)c2nc(-c3ccc(OCC(=O)NN4C(=O)C(C)=C(C)C4=O)cc3)[nH]c2n(CCC)c1=O,5.71,Ki,Ki,1970.0
O=C(Cc1cccc2ccccc12)Nc1nc2nn(CCCc3ccccc3)cc2c2nc(-c3ccco3)nn12,6.1,Ki,Ki,800.0
CCCn1c(=O)c2nc(-c3ccc(OCC(=O)NCc4ccccc4)cc3)[nH]c2n(CCC)c1=O,7.62,Ki,Ki,23.8
CCCn1c(=O)c2nc(-c3ccc(OCC(=O)Nc4ccc(C(=O)O)cc4)cc3)[nH]c2n(CCC)c1=O,7.41,Ki,Ki,39.0
O=C(Cc1ccccc1)Nc1nc2nn(CCc3ccccc3)cc2c2nc(-c3ccco3)nn12,7.22,Ki,Ki,60.0
CCCCn1c(=O)c2nc(-c3ccc(OCC(=O)O)cc3)[nH]c2n(CCCC)c1=O,5.59,Ki,Ki,2540.0
Nc1nc2ccc(Cl)cc2c2nc(-c3ccco3)nn12,8.77,Ki,Ki,0.0017
CCCn1c(=O)c2nc(-c3ccc(OCC(=O)N(Cc4ccccc4)Cc4ccccc4)cc3)[nH]c2n(CCC)c1=O,6.19,Ki,Ki,642.0
CCCn1c(=O)c2[nH]c(-c3ccc(OCC(=O)Nc4ccc(C#N)cc4)cc3)nc2n(CCC)c1=O,6.3,Ki,Ki,503.0
O=C(COc1ccccc1)Nc1nc2nn(CCc3ccccc3)cc2c2nc(-c3ccco3)nn12,7.4,Ki,Ki,40.0
O=C(Cc1cccc2ccccc12)Nc1nc2nn(CCc3ccccc3)cc2c2nc(-c3ccco3)nn12,7.26,Ki,Ki,55.0
CCn1c(C#Cc2ccccc2)nc2c(N)ncnc21,6.22,Ki,Ki,0.6
Nc1ncnc2c1ncn2[C@H]1[C@H](O)[C@H](O)[C@]2(CO)C[C@H]12,4.65,Ki,Ki,22500.0
CCNC(=O)[C@H]1O[C@@H](n2cnc3c(N)ncnc32)[C@H](O)[C@@H]1O,7.7,Ki,Ki,0.02
Nc1ncnc2c1nc(/C=C/C(=O)c1ccccc1)n2[C@@H]1O[C@H](CO)[C@@H](O)[C@H]1O,4.33,Ki,Ki,46.6
CCN(CC)C(=O)c1cc(N)c2nc(-c3ccc(Br)o3)nn2c1,6.56,Ki,Ki,277.0
Nc1cc(C(=O)N2CCCC2)cn2nc(-c3ccc(Br)o3)nc12,7.46,Ki,Ki,35.0
CN(C)C(=O)CN(C)C(=O)c1cc(N)c2nc(-c3ccc(Br)o3)nn2c1,7.64,Ki,Ki,23.0
CNc1nc(C#C[C@@H](O)c2ccccc2)nc2c1ncn2[C@@H]1O[C@H](CO)[C@@H](O)[C@H]1O,6.79,Ki,Ki,163.0
CCNc1nc(C#C[C@@H](O)c2ccccc2)nc2c1ncn2[C@@H]1O[C@H](CO)[C@@H](O)[C@H]1O,7.19,Ki,Ki,64.0
CNc1nc(C#Cc2ccccc2)nc2c1ncn2[C@@H]1O[C@H](CO)[C@@H](O)[C@H]1O,5.07,Ki,Ki,8530.0
Nc1cc(C(=O)N2CCCCC2)cc2nc(-c3ccco3)nn12,7.57,Ki,Ki,27.0
Nc1nc(C#CC(O)c2ccccc2)nc2c1ncn2[C@@H]1O[C@H](CO)[C@@H](O)[C@H]1O,8.15,Ki,Ki,7.0
COC[C@H]1CCCN1C(=O)c1cc(N)c2nc(-c3ccc(Br)o3)nn2c1,7.21,Ki,Ki,61.0
Cc1ccc(-c2nc3cc(C(=O)N4CCCCC4)cc(N)n3n2)o1,7.85,Ki,Ki,14.0
CCCCC#Cc1nc(NCC)c2ncn([C@@H]3O[C@H](CO)[C@@H](O)[C@H]3O)c2n1,6.57,Ki,Ki,267.0
CCNc1nc(C#Cc2ccccc2)nc2c1ncn2C1O[C@H](CO)[C@@H](O)[C@H]1O,5.35,Ki,Ki,4450.0
CCNC(=O)[C@H]1O[C@@H](n2cnc3c(N)nc(C#CC(O)c4ccccc4)nc32)[C@H](O)[C@@H]1O,8.51,Ki,Ki,3.1
CCNC(=O)[C@H]1O[C@@H](n2cnc3c(N)nc(C#C[C@H](O)c4ccccc4)nc32)[C@H](O)[C@@H]1O,7.41,Ki,Ki,39.0
Cc1ccc(-c2nc3c(N)cc(C(=O)N4CCCC4)cn3n2)o1,7.12,Ki,Ki,76.0
CC1CCCCN1C(=O)c1cc(N)n2nc(-c3ccc(Br)o3)nc2c1,8.7,Ki,Ki,2.0
CC1CCCN(C(=O)c2cc(N)c3nc(-c4ccc(Br)o4)nn3c2)C1,7.82,Ki,Ki,15.0
CN(CCc1ccccc1)C(=O)c1cc(N)c2nc(-c3ccc(Br)o3)nn2c1,7.3,Ki,Ki,50.0
CN(C)C(=O)CN(C)C(=O)c1cc(N)n2nc(-c3ccc(Br)o3)nc2c1,8.52,Ki,Ki,3.0
CC1CCCN(C(=O)c2cc(N)n3nc(-c4ccc(Br)o4)nc3c2)C1,8.52,Ki,Ki,3.0
CC(C)Nc1nc(C#CC(O)c2ccccc2)nc2c1ncn2[C@@H]1O[C@H](CO)[C@@H](O)[C@H]1O,7.02,Ki,Ki,96.0
Nc1nc(C#C[C@@H](O)c2ccccc2)nc2c1ncn2[C@@H]1O[C@H](CO)[C@@H](O)[C@H]1O,8.74,Ki,Ki,1.8
CC1CCCCN1C(=O)c1cc(N)c2nc(-c3ccc(Br)o3)nn2c1,7.21,Ki,Ki,62.0
Nc1cc(C(=O)N2CCCC2)cc2nc(-c3ccccn3)nn12,7.24,Ki,Ki,57.0
CNc1nc(C#CC(O)c2ccccc2)nc2c1ncn2[C@@H]1O[C@H](CO)[C@@H](O)[C@H]1O,6.56,Ki,Ki,273.0
Nc1cc(C(=O)N2CCCC2)cc2nc(-c3ccc(Br)o3)nn12,8.05,Ki,Ki,9.0
Nc1cc(C(=O)N2CCCC2)cc2nc(-c3ccco3)nn12,7.96,Ki,Ki,11.0
CCOC(=O)c1cnc2c(cnn2CC(Cl)c2ccccc2)c1N1CCN(C)CC1,5.67,Ki,Ki,2140.0
CNc1nc(C#C[C@H](O)c2ccccc2)nc2c1ncn2[C@@H]1O[C@H](CO)[C@@H](O)[C@H]1O,5.81,Ki,Ki,1560.0
COC[C@H]1CCCN1C(=O)c1cc(N)n2nc(-c3ccc(Br)o3)nc2c1,8.7,Ki,Ki,2.0
CCNc1nc(C#CC(O)c2ccccc2)nc2c1ncn2[C@@H]1O[C@H](CO)[C@@H](O)[C@H]1O,7.03,Ki,Ki,94.0
CC(C)Nc1nc(C#C[C@H](O)c2ccccc2)nc2c1ncn2[C@@H]1O[C@H](CO)[C@@H](O)[C@H]1O,6.49,Ki,Ki,324.0
Nc1cc(C(=O)N2CCCCC2)cn2nc(-c3ccc(Br)o3)nc12,7.57,Ki,Ki,27.0
CCCN(C)C(=O)c1cc(N)n2nc(-c3ccc(Br)o3)nc2c1,8.22,Ki,Ki,6.0
Nc1cc(C(=O)N2CCCC2)cc2nc(-c3cccs3)nn12,6.98,Ki,Ki,104.0
Nc1nc2c(cnn2CCc2ccccc2)c2nc(-c3ccco3)nn12,9.22,Ki,Ki,0.6
Nc1nc(C#C[C@H](O)c2ccccc2)nc2c1ncn2[C@@H]1O[C@H](CO)[C@@H](O)[C@H]1O,7.54,Ki,Ki,29.0
Nc1cc(C(=O)N2CCCCC2)cn2nc(-c3ccco3)nc12,6.72,Ki,Ki,190.0
CCNc1nc(C#C[C@H](O)c2ccccc2)nc2c1ncn2[C@@H]1O[C@H](CO)[C@@H](O)[C@H]1O,5.93,Ki,Ki,1181.0
CC1CCCN1C(=O)c1cc(N)n2nc(-c3ccc(Br)o3)nc2c1,8.4,Ki,Ki,4.0
Nc1cc(C(=O)N2CCCCC2)cc2nc(-c3ccc(Br)o3)nn12,8.22,Ki,Ki,6.0
CCN(CCc1ccccn1)C(=O)c1cc(N)n2nc(-c3ccc(Br)o3)nc2c1,8.4,Ki,Ki,4.0
CN(CCc1ccccc1)C(=O)c1cc(N)n2nc(-c3ccc(Br)o3)nc2c1,8.3,Ki,Ki,5.0
CCCCC#Cc1nc(NC)c2ncn([C@@H]3O[C@H](CO)[C@@H](O)[C@H]3O)c2n1,5.91,Ki,Ki,1230.0
CCN(CC)C(=O)C1CCCN(C(=O)c2cc(N)c3nc(-c4ccc(Br)o4)nn3c2)C1,7.4,Ki,Ki,40.0
Nc1cc(C(=O)N2CCCC2)cn2nc(-c3ccccn3)nc12,6.72,Ki,Ki,192.0
COC[C@@H]1CCCN1C(=O)c1cc(N)n2nc(-c3ccc(Br)o3)nc2c1,7.92,Ki,Ki,12.0
CC(C)(C)OC(=O)C1CCCN1C[C@@H](O)[C@H](Cc1ccccc1)NC(=O)[C@H](CC(N)=O)NC(=O)OCc1ccccc1,8.19,Ki,Ki,6.4
CCNC(=O)[C@H]1O[C@@H](n2cnc3c(N)nc(C#C[C@@H](O)c4ccccc4)nc32)[C@H](O)[C@@H]1O,8.7,Ki,Ki,2.0
CCCN(C)C(=O)c1cc(N)c2nc(-c3ccc(Br)o3)nn2c1,7.36,Ki,Ki,44.0
CCNC(=O)[C@H]1O[C@@H](n2cnc3c(N)nc(C#Cc4ccccc4)nc32)[C@H](O)[C@@H]1O,6.21,Ki,Ki,620.0
CC1CCCN1C(=O)c1cc(N)c2nc(-c3ccc(Br)o3)nn2c1,7.57,Ki,Ki,27.0
Nc1cc(C(=O)N2CCSCC2)cn2nc(-c3ccc(Br)o3)nc12,7.14,Ki,Ki,73.0
Nc1nc(C#Cc2ccccc2)nc2c1ncn2[C@@H]1O[C@H](CO)[C@@H](O)[C@H]1O,6.44,Ki,Ki,363.0
COC[C@@H]1CCCN1C(=O)c1cc(N)c2nc(-c3ccc(Br)o3)nn2c1,7.8,Ki,Ki,16.0
Cc1ccc(-c2nc3c(N)cc(C(=O)N4CCCCC4)cn3n2)o1,7.24,Ki,Ki,57.0
Cc1ccc(-c2nc3cc(C(=O)N4CCCC4)cc(N)n3n2)o1,7.77,Ki,Ki,17.0
Nc1nc(NCCc2ccc(O)cc2)nc2nc(-c3ccco3)nn12,9.1,Ki,Ki,0.8
CCCCC#Cc1nc(N)c2ncn([C@@H]3O[C@H](CO)[C@@H](O)[C@H]3O)c2n1,8.24,Ki,Ki,5.7
Nc1cc(C(=O)N2CCSCC2)cc2nc(-c3ccc(Br)o3)nn12,8.05,Ki,Ki,9.0
CCCCC#Cc1nc(NC(C)C)c2ncn([C@@H]3O[C@H](CO)[C@@H](O)[C@H]3O)c2n1,6.71,Ki,Ki,196.0
Nc1cc(C(=O)N2CCCC2)cn2nc(-c3cccs3)nc12,6.71,Ki,Ki,197.0
CCN(CC)C(=O)c1cc(N)n2nc(-c3ccc(Br)o3)nc2c1,8.52,Ki,Ki,3.0
CCN(CC)C(=O)C1CCCN(C(=O)c2cc(N)n3nc(-c4ccc(Br)o4)nc3c2)C1,8.1,Ki,Ki,8.0
CC(C)Nc1nc(C#Cc2ccccc2)nc2c1ncn2[C@@H]1O[C@H](CO)[C@@H](O)[C@H]1O,5.96,Ki,Ki,1100.0
CC(C)Nc1nc(C#C[C@@H](O)c2ccccc2)nc2c1ncn2[C@@H]1O[C@H](CO)[C@@H](O)[C@H]1O,7.37,Ki,Ki,43.0
CCN(CCc1ccccn1)C(=O)c1cc(N)c2nc(-c3ccc(Br)o3)nn2c1,7.12,Ki,Ki,76.0
Nc1cc(C(=O)N2CCCC2)cn2nc(-c3ccco3)nc12,7.24,Ki,Ki,57.0
CCNC(=O)[C@H]1OC(n2cnc3c(NCCCCCCCCCCNc4ccc([N+](=O)[O-])c5nonc45)ncnc32)[C@H](O)[C@@H]1O,5.21,Ki,Ki,6100.0
CCNC(=O)[C@H]1OC(n2cnc3c(NCCCCCCNc4ccc([N+](=O)[O-])c5nonc45)ncnc32)[C@H](O)[C@@H]1O,5.22,Ki,Ki,6083.0
CCNC(=O)[C@H]1OC(n2cnc3c(NCCCCCCCCNc4ccc([N+](=O)[O-])c5nonc45)ncnc32)[C@H](O)[C@@H]1O,5.29,Ki,Ki,5096.0
CCNC(=O)[C@H]1O[C@@H](n2cnc3c(N)ncnc32)[C@H](O)[C@@H]1O,7.82,Ki,Ki,15.1
CCNC(=O)[C@H]1OC(n2cnc3c(NCCNc4ccc([N+](=O)[O-])c5nonc45)ncnc32)[C@H](O)[C@@H]1O,5.17,Ki,Ki,6750.0
COc1ccc2c(O)cc(-c3ccccc3)nc2n1,5.85,Ki,Ki,1400.0
COc1ccc2c(O)cc(-c3ccccc3)nc2n1,6.31,Ki,Ki,490.0
Oc1cc(-c2ccccc2)nc2nc(F)ccc12,6.77,Ki,Ki,170.0
Oc1cc(-c2ccccc2)nc2nc(F)ccc12,5.57,Ki,Ki,2700.0
Oc1cc(-c2ccccc2)nc2nc(Cl)ccc12,7.0,Ki,Ki,100.0
Oc1cc(-c2ccccc2)nc2nc(Cl)ccc12,6.35,Ki,Ki,450.0
Nc1nc2c(cnn2CCc2ccccc2)c2nc(-c3ccco3)nn12,8.7,Ki,Ki,2.0
Nc1nc2c(cnn2CCc2ccccc2)c2nc(-c3ccco3)nn12,8.49,Ki,Ki,3.25
Cc1ccc2c(NN)cc(-c3ccccc3)nc2n1,5.75,Ki,Ki,1800.0
Cc1ccc2c(NN)cc(-c3ccccc3)nc2n1,5.39,Ki,Ki,4100.0
Cc1ccc2c(O)cc(-c3cccc([N+](=O)[O-])c3)nc2n1,6.24,Ki,Ki,580.0
Cc1ccc2c(O)cc(-c3cccc([N+](=O)[O-])c3)nc2n1,5.47,Ki,Ki,3400.0
CN(C)c1ccc2c(O)cc(-c3ccccc3)nc2n1,5.64,Ki,Ki,2300.0
CN(C)c1ccc2c(O)cc(-c3ccccc3)nc2n1,5.89,Ki,Ki,1300.0
CCCn1c(=O)c2[nH]c(C3CCCC3)nc2n(CCC)c1=O,6.7,Ki,Ki,200.0
CCCn1c(=O)c2[nH]c(C3CCCC3)nc2n(CCC)c1=O,6.84,Ki,Ki,144.0
Cc1ccc2c(O)cc(-c3ccc(F)cc3)nc2n1,6.2,Ki,Ki,630.0
Cc1ccc2c(O)cc(-c3ccc(F)cc3)nc2n1,6.36,Ki,Ki,440.0
Cc1ccc2c(N(C)C)cc(-c3ccccc3)nc2n1,5.16,Ki,Ki,7000.0
Oc1cc(-c2ccccc2)nc2nc(NC3CCCCC3)ccc12,5.6,Ki,Ki,2500.0
Oc1cc(-c2ccccc2)nc2nc(NC3CCCCC3)ccc12,5.77,Ki,Ki,1700.0
Cc1ccc2c(O)ccnc2n1,5.75,Ki,Ki,1800.0
Cc1ccc2c(O)cc(-c3ccc(N)cc3)nc2n1,6.3,Ki,Ki,500.0
Cc1ccc2c(O)cc(-c3ccc(N)cc3)nc2n1,6.96,Ki,Ki,110.0
Oc1cc(-c2ccccc2)nc2nc(Oc3ccccc3)ccc12,5.72,Ki,Ki,1900.0
Oc1cc(-c2ccccc2)nc2nc(Oc3ccccc3)ccc12,5.32,Ki,Ki,4800.0
CCOc1cc(-c2ccccc2)nc2c1ccc(=O)n2CC,5.14,Ki,Ki,7200.0
CCOc1cc(-c2ccccc2)nc2c1ccc(=O)n2CC,5.42,Ki,Ki,3800.0
CCOc1ccc2c(=O)cc(-c3ccccc3)n(CC)c2n1,5.85,Ki,Ki,1400.0
CC(=O)Nc1ccc(-c2cc(O)c3ccc(C)nc3n2)cc1,5.64,Ki,Ki,2300.0
CC(=O)Nc1ccc(-c2cc(O)c3ccc(C)nc3n2)cc1,5.8,Ki,Ki,1600.0
Cn1c(=O)ccc2c(O)cc(-c3ccccc3)nc21,5.19,Ki,Ki,6500.0
CCCc1cc(O)c2ccc(C)nc2n1,6.05,Ki,Ki,900.0
CCCc1cc(O)c2ccc(C)nc2n1,6.0,Ki,Ki,1000.0
Oc1cc(-c2ccccc2)nc2nc(Br)ccc12,7.18,Ki,Ki,66.0
Oc1cc(-c2ccccc2)nc2nc(Br)ccc12,7.0,Ki,Ki,100.0
Cc1ccc2c(S)cc(-c3ccccc3)nc2n1,5.9,Ki,Ki,1250.0
Cc1ccc2c(S)cc(-c3ccccc3)nc2n1,6.64,Ki,Ki,230.0
Cc1ccc2c(O)cc(-c3ccccc3)nc2n1,6.34,Ki,Ki,460.0
Cc1ccc2c(O)cc(-c3ccccc3)nc2n1,6.26,Ki,Ki,550.0
CCOc1cc(-c2ccccc2)nc2nc(Br)ccc12,5.54,Ki,Ki,2900.0
CCOc1cc(-c2ccccc2)nc2nc(Br)ccc12,6.01,Ki,Ki,970.0
Cc1ccc2c(NC3CCCCC3)cc(-c3ccccc3)nc2n1,6.08,Ki,Ki,830.0
Cc1ccc2c(NC3CCCCC3)cc(-c3ccccc3)nc2n1,6.31,Ki,Ki,490.0
CSc1cc(-c2ccccc2)nc2nc(C)ccc12,5.0,Ki,Ki,10000.0
CSc1cc(-c2ccccc2)nc2nc(C)ccc12,6.68,Ki,Ki,210.0
Cc1ccc2c(O)cc(-c3cccc(N)c3)nc2n1,6.64,Ki,Ki,230.0
Cc1ccc2c(O)cc(-c3cccc(N)c3)nc2n1,5.89,Ki,Ki,1300.0
Cc1cc(O)c2ccc(N)nc2n1,5.12,Ki,Ki,7500.0
Cc1ccc2c(N)cc(-c3ccccc3)nc2n1,6.38,Ki,Ki,420.0
Cc1ccc2c(N)cc(-c3ccccc3)nc2n1,6.68,Ki,Ki,210.0
Oc1cc(-c2ccccc2)nc2ncccc12,5.7,Ki,Ki,2000.0
CCOc1ccc2c(O)cc(-c3ccccc3)nc2n1,5.82,Ki,Ki,1500.0
Cc1ccc2c(O)cc(-c3ccc([N+](=O)[O-])cc3)nc2n1,6.34,Ki,Ki,460.0
Cc1ccc2c(O)cc(-c3ccc([N+](=O)[O-])cc3)nc2n1,6.19,Ki,Ki,640.0
Cc1ccc2c(O)cc(-c3ccccc3F)nc2n1,6.33,Ki,Ki,470.0
Cc1ccc2c(O)cc(-c3ccccc3F)nc2n1,7.4,Ki,Ki,40.0
Nc1ccc2c(O)cc(-c3ccccc3)nc2n1,5.23,Ki,Ki,5900.0
Nc1ccc2c(O)cc(-c3ccccc3)nc2n1,5.05,Ki,Ki,9000.0
CCCn1c(=O)c2nn(-c3ccc(Cl)cc3N)nc2n(CCC)c1=O,4.54,Ki,Ki,28.9
CNC(=O)[C@H]1S[C@@H](n2cnc3c(NCc4cccc(I)c4)nc(Cl)nc32)[C@H](O)[C@@H]1O,6.65,Ki,Ki,223.0
Cn1c(=O)c2c(nnn2C2CC3CCC2C3)n(C)c1=O,5.35,Ki,Ki,4.5
Cn1c(=O)c2c(nnn2-c2ccc(Cl)cc2N)n(C)c1=O,4.34,Ki,Ki,46.0
CCCn1c(=O)c2nn(C3CCCCC3)nc2n(CCC)c1=O,4.66,Ki,Ki,21.7
Cn1c(=O)c2c(ncn2C)n(C)c1=O,4.32,Ki,Ki,48.0
Cn1c(=O)c2c(nnn2C2CCCCC2)n(C)c1=O,5.08,Ki,Ki,8.4
CNC(=O)[C@H]1S[C@@H](n2cnc3c(N)nc(Cl)nc32)[C@H](O)[C@@H]1O,6.8,Ki,Ki,158.0
Cn1c(=O)c2nn(C3CC4CCC3C4)nc2n(C)c1=O,4.31,Ki,Ki,49.0
CCCn1c(=O)c2c(nnn2C2CCCCC2)n(CCC)c1=O,4.64,Ki,Ki,22.9
CNC(=O)[C@H]1O[C@@H](n2cnc3c(NCc4cccc(I)c4)nc(Cl)nc32)[C@H](O)[C@@H]1O,5.27,Ki,Ki,5360.0
Cn1c(=O)c2nc[nH]c2n(C)c1=O.O,4.6,Ki,Ki,25.0
Cn1nc2c(=O)n(C)c(=O)n(C)c2n1,4.28,Ki,Ki,52.8
CCCn1c(=O)c2nn(C3CCCC3)nc2n(CCC)c1=O,4.89,Ki,Ki,13.0
CCCn1c(=O)c2c(nnn2C2CCCCC2O)n(CCC)c1=O,4.87,Ki,Ki,13.5
CCCn1c(=O)c2[nH]c(C3CCCC3)nc2n(CCC)c1=O,6.47,Ki,Ki,0.34
CNC(=O)[C@H]1S[C@@H](n2cnc3c(NC)nc(Cl)nc32)[C@H](O)[C@@H]1O,7.7,Ki,Ki,20.0
Cn1c(=O)c2nn(C3CCCC3)nc2n(C)c1=O,4.24,Ki,Ki,58.0
CCCn1c(=O)c2c(nnn2C2CCCC2)n(CCC)c1=O,5.0,Ki,Ki,10.0
CCNC(=O)[C@H]1O[C@@H](n2cnc3c(NCC(c4ccccc4)c4ccccc4)nc(N[C@@H]4CCC[C@H]4O)nc32)[C@H](O)[C@@H]1O,9.8,Ki,Ki,0.16
CCNC(=O)[C@H]1O[C@@H](n2cnc3c(NCC(c4ccccc4)c4ccccc4)nc(NCCN4CCCCC4)nc32)[C@H](O)[C@@H]1O.O=C(O)C(F)(F)F,10.1,Ki,Ki,0.08
CCNC(=O)[C@H]1O[C@@H](n2cnc3c(NCC(c4ccccc4)c4ccccc4)nc(NC4CCCC4)nc32)[C@H](O)[C@@H]1O,8.21,Ki,Ki,6.2
CCCn1c(=O)c2nc(-c3ccccc3)[nH]c2n(CCC)c1=O,5.68,Ki,Ki,2.1
OC[C@H]1O[C@@H](n2cnc3c(NCCc4cccc(Cl)c4)nc(NC4CCCC4)nc32)[C@H](O)[C@@H]1O,7.41,Ki,Ki,39.0
Nc1nc(NC2CCCC2)nc2c1ncn2[C@@H]1O[C@H](CO)[C@@H](O)[C@H]1O,8.29,Ki,Ki,5.1
OC[C@H]1O[C@@H](n2cnc3c(NCC(c4ccccc4)c4ccccc4)nc(NC4CCCC4)nc32)[C@H](O)[C@@H]1O,7.44,Ki,Ki,36.0
Nc1nc(N[C@@H]2CCC[C@H]2O)nc2c1ncn2[C@@H]1O[C@H](CO)[C@@H](O)[C@H]1O,9.1,Ki,Ki,0.8
Nc1nc(N[C@H]2CCC[C@@H]2O)nc2c1ncn2[C@@H]1O[C@H](CO)[C@@H](O)[C@H]1O,8.74,Ki,Ki,1.8
CCNC(=O)[C@H]1O[C@@H](n2cnc3c(NCC(c4ccccc4)c4ccccc4)nc(N[C@H]4CC[C@H](N)CC4)nc32)[C@H](O)[C@@H]1O.O=C(O)C(F)(F)F,10.3,Ki,Ki,0.05
OC[C@H]1O[C@@H](n2cnc3c(NC4CCC[C@@H]4O)nc(Cl)nc32)[C@H](O)[C@@H]1O,6.77,Ki,Ki,171.0
CCNC(=O)[C@H]1O[C@@H](n2cnc3c(N)ncnc32)[C@H](O)[C@@H]1O,9.0,Ki,Ki,1.0
CCNC(=O)[C@H]1O[C@@H](n2cnc3c(N)nc(NC4CCCC4)nc32)[C@H](O)[C@@H]1O,8.66,Ki,Ki,2.2
CCNC(=O)[C@H]1O[C@@H](n2cnc3c(NCC(c4ccccc4)c4ccccc4)nc(NCCc4c[nH]cn4)nc32)[C@H](O)[C@@H]1O,10.52,Ki,Ki,0.03
CCNC(=O)[C@H]1O[C@@H](n2cnc3c(N)nc(NC(CC)CC)nc32)[C@H](O)[C@@H]1O,7.07,Ki,Ki,85.0
OC[C@H]1O[C@@H](n2cnc3c(NC4CCCC4)nc(Cl)nc32)[C@H](O)[C@@H]1O,7.77,Ki,Ki,17.0
OC[C@H]1O[C@@H](n2cnc3c(NCc4cccc5ccccc45)nc(NC4CCCC4)nc32)[C@H](O)[C@@H]1O,7.6,Ki,Ki,25.0
CCNC(=O)[C@H]1O[C@@H](n2cnc3c(N)nc(N[C@@H]4CCC[C@H]4O)nc32)[C@H](O)[C@@H]1O,10.0,Ki,Ki,0.1
NC(=O)/N=N/Nc1nc(N)c2ncn([C@@H]3O[C@H](CO)[C@@H](O)[C@H]3O)c2n1,7.06,Ki,Ki,88.0
Cc1cccc(-n2nc3c(N)nc4ccccc4n3c2=O)c1,7.84,Ki,Ki,14.6
Nc1cccc2c1nc(N)c1nn(-c3ccccc3)c(=O)n12,7.73,Ki,Ki,18.7
Cc1ccc(-n2nc3c(N)nc4ccccc4n3c2=O)cc1,7.07,Ki,Ki,85.8
Nc1nc(/N=N/NC(=O)Nc2nccs2)nc2c1ncn2[C@@H]1O[C@H](CO)[C@@H](O)[C@H]1O,7.6,Ki,Ki,25.0
Nc1nc(/N=N/NC(=O)NCc2ccccc2)nc2c1ncn2[C@@H]1O[C@H](CO)[C@@H](O)[C@H]1O,7.6,Ki,Ki,25.0
Nc1nc(/N=N/NC(=O)Nc2ccccc2Cl)nc2c1ncn2[C@@H]1O[C@H](CO)[C@@H](O)[C@H]1O,7.35,Ki,Ki,45.0
OC[C@H]1O[C@@H](n2cnc3c(NC4CCCC4)nc(Cl)nc32)[C@H](O)[C@@H]1O,6.19,Ki,Ki,639.0
Nc1nc(/N=N/NC(=O)Nc2ccccc2)nc2c1ncn2[C@@H]1O[C@H](CO)[C@@H](O)[C@H]1O,7.6,Ki,Ki,25.0
Nc1nc(N=O)nc2c1ncn2[C@@H]1O[C@H](CO)[C@@H](O)[C@H]1O,6.14,Ki,Ki,720.0
O=c1n(-c2ccccc2)nc2c(NC3CCCCC3)nc3ccccc3n12,5.86,Ki,Ki,1370.0
O=c1n(-c2cccc(F)c2)nc2c(NC3CCCCC3)nc3ccccc3n12,7.18,Ki,Ki,66.0
O=C(N/N=N/c1nc(Nc2ccccc2)c2ncn([C@@H]3O[C@H](CO)[C@@H](O)[C@H]3O)c2n1)Nc1ccccc1,7.61,Ki,Ki,24.3
O=C(N/N=N/c1nc(NCC(c2ccccc2)c2ccccc2)c2ncn([C@@H]3O[C@H](CO)[C@@H](O)[C@H]3O)c2n1)Nc1ccccc1,6.01,Ki,Ki,980.0
Nc1nc(/N=N/NC(=O)NC2CCCCC2)nc2c1ncn2[C@@H]1O[C@H](CO)[C@@H](O)[C@H]1O,7.6,Ki,Ki,25.0
Nc1nc2ccccc2n2c(=O)n(-c3ccccc3)nc12,7.31,Ki,Ki,49.0
CCNC(=O)/N=N/Nc1nc(N)c2ncn([C@@H]3O[C@H](CO)[C@@H](O)[C@H]3O)c2n1,7.72,Ki,Ki,19.0
CCNC(=O)[C@H]1O[C@@H](n2cnc3c(N)ncnc32)[C@H](O)[C@@H]1O,7.22,Ki,Ki,60.0
Nc1nc2c(NCc3ccccc3)cccc2n2c(=O)n(-c3ccccc3)nc12,8.19,Ki,Ki,6.5
Nc1nc2ccccc2n2c(=O)n(-c3cccc(F)c3)nc12,7.14,Ki,Ki,72.0
COc1ccccc1NC(=O)/N=N/Nc1nc(N)c2ncn([C@@H]3O[C@H](CO)[C@@H](O)[C@H]3O)c2n1,6.9,Ki,Ki,125.0
Nc1nc(/N=N/c2ccccc2)nc2c1ncn2[C@@H]1O[C@H](CO)[C@@H](O)[C@H]1O,6.75,Ki,Ki,180.0
COc1ccc(-n2nc3c(N)nc4ccccc4n3c2=O)cc1,6.42,Ki,Ki,376.0
Nc1nc(/N=N/NC(=O)c2ccccc2)nc2c1ncn2[C@@H]1O[C@H](CO)[C@@H](O)[C@H]1O,6.0,Ki,Ki,1000.0
COc1ccc(NC(=O)/N=N/Nc2nc(N)c3ncn([C@@H]4O[C@H](CO)[C@@H](O)[C@H]4O)c3n2)cc1,7.6,Ki,Ki,25.0
O=C(N/N=N/c1nc(NC2CCCC2)c2ncn([C@@H]3O[C@H](CO)[C@@H](O)[C@H]3O)c2n1)Nc1ccccc1,6.68,Ki,Ki,210.0
CCNC(=O)[C@H]1O[C@@H](n2cnc3c(N)nc(NCCc4ccc(CCC(=O)O)cc4)nc32)[C@H](O)[C@@H]1O,7.44,Kd,Kd,36.4
CCNC(=O)[C@H]1O[C@@H](n2cnc3c(N)nc(NCCc4ccc(CCC(=O)O)cc4)nc32)[C@H](O)[C@@H]1O,7.56,Kd,Kd,27.3
CCNC(=O)[C@H]1O[C@@H](n2cnc3c(N)nc(NCCc4ccc(CCC(=O)O)cc4)nc32)[C@H](O)[C@@H]1O,8.12,Kd,Kd,7.6
CCNC(=O)[C@H]1O[C@@H](n2cnc3c(N)nc(NCCc4ccc(CCC(=O)O)cc4)nc32)[C@H](O)[C@@H]1O,7.66,Kd,Kd,22.0
CCNC(=O)[C@H]1O[C@@H](n2cnc3c(N)nc(NCCc4ccc(CCC(=O)O)cc4)nc32)[C@H](O)[C@@H]1O,8.37,Kd,Kd,4.3
CCNC(=O)[C@H]1O[C@@H](n2cnc3c(N)nc(NCCc4ccc(CCC(=O)O)cc4)nc32)[C@H](O)[C@@H]1O,7.44,Kd,Kd,36.4
CCNC(=O)[C@H]1O[C@@H](n2cnc3c(N)nc(NCCc4ccc(CCC(=O)O)cc4)nc32)[C@H](O)[C@@H]1O,8.12,Kd,Kd,7.6
CCNC(=O)[C@H]1O[C@@H](n2cnc3c(N)nc(NCCc4ccc(CCC(=O)O)cc4)nc32)[C@H](O)[C@@H]1O,7.13,Kd,Kd,74.0
CCNC(=O)[C@H]1O[C@@H](n2cnc3c(N)nc(NCCc4ccc(CCC(=O)O)cc4)nc32)[C@H](O)[C@@H]1O,7.94,Kd,Kd,11.6
CCNC(=O)[C@H]1O[C@@H](n2cnc3c(N)nc(NCCc4ccc(CCC(=O)O)cc4)nc32)[C@H](O)[C@@H]1O,6.2,Kd,Kd,632.0
CCNC(=O)[C@H]1O[C@@H](n2cnc3c(N)nc(NCCc4ccc(CCC(=O)O)cc4)nc32)[C@H](O)[C@@H]1O,7.0,Kd,Kd,99.0
COc1cc(OC)cc(C(CNc2ncnc3c2ncn3[C@@H]2O[C@H](CO)[C@@H](O)[C@H]2O)c2ccccc2C)c1,7.42,Ki,Ki,38.1
COc1cc(OC)cc(C(CNc2ncnc3c2ncn3[C@@H]2O[C@H](CO)[C@@H](O)[C@H]2O)c2ccccc2C)c1,7.72,Ki,Ki,18.9
COc1cc(OC)cc(C(CNc2ncnc3c2ncn3[C@@H]2O[C@H](CO)[C@@H](O)[C@H]2O)c2ccccc2C)c1,7.45,Ki,Ki,35.9
Nc1nc2ccc(Cl)cc2c2nc(-c3ccco3)nn12,9.85,Ki,Ki,0.142
Nc1nc2ccc(Cl)cc2c2nc(-c3ccco3)nn12,9.07,Ki,Ki,0.842
Nc1nc2ccc(Cl)cc2c2nc(-c3ccco3)nn12,9.34,Ki,Ki,0.457
CCCn1c(=O)c2[nH]c(-c3ccc(OCC(=O)NCCN)cc3)nc2n(CCC)c1=O,8.1,Ki,Ki,7.89
CCCn1c(=O)c2[nH]c(-c3ccc(OCC(=O)NCCN)cc3)nc2n(CCC)c1=O,7.34,Ki,Ki,45.6
CCCn1c(=O)c2[nH]c(-c3ccc(OCC(=O)NCCN)cc3)nc2n(CCC)c1=O,7.81,Ki,Ki,15.6
N=C(N)NC(=O)c1nc(Cl)c(N)nc1N,4.92,Ki,Ki,12000.0
N=C(N)NC(=O)c1nc(Cl)c(N)nc1N,4.94,Ki,Ki,11600.0
N=C(N)NC(=O)c1nc(Cl)c(N)nc1N,5.48,Ki,Ki,3280.0
COC(=O)C1=C(C)NC(C)=C(C(=O)OC)C1c1ccccc1[N+](=O)[O-],4.65,Ki,Ki,22200.0
COC(=O)C1=C(C)NC(C)=C(C(=O)OC)C1c1ccccc1[N+](=O)[O-],4.65,Ki,Ki,22200.0
CCCn1c(=O)c2[nH]c(C3CCCC3)nc2n(CCC)c1=O,6.65,Ki,Ki,226.0
CCCn1c(=O)c2[nH]c(C3CCCC3)nc2n(CCC)c1=O,6.1,Ki,Ki,788.0
CCCn1c(=O)c2[nH]c(C3CCCC3)nc2n(CCC)c1=O,6.54,Ki,Ki,291.0
O=c1c(O)c(-c2ccccc2)oc2cc(O)cc(O)c12,4.78,Ki,Ki,16700.0
O=c1c(O)c(-c2ccccc2)oc2cc(O)cc(O)c12,4.74,Ki,Ki,18100.0
O=c1c(O)c(-c2ccccc2)oc2cc(O)cc(O)c12,4.48,Ki,Ki,33000.0
CNC(=O)[C@H]1O[C@@H](n2cnc3c(NCc4cccc(I)c4)ncnc32)[C@H](O)[C@@H]1O,6.43,Ki,Ki,370.0
CNC(=O)[C@H]1O[C@@H](n2cnc3c(NCc4cccc(I)c4)ncnc32)[C@H](O)[C@@H]1O,6.84,Ki,Ki,143.0
CNC(=O)[C@H]1O[C@@H](n2cnc3c(NCc4cccc(I)c4)ncnc32)[C@H](O)[C@@H]1O,7.5,Ki,Ki,32.0
CCNC(=O)[C@H]1O[C@@H](n2cnc3c(N)ncnc32)[C@H](O)[C@@H]1O,7.67,Ki,Ki,21.6
CCNC(=O)[C@H]1O[C@@H](n2cnc3c(N)ncnc32)[C@H](O)[C@@H]1O,7.67,Ki,Ki,21.5
CCNC(=O)[C@H]1O[C@@H](n2cnc3c(N)ncnc32)[C@H](O)[C@@H]1O,8.28,Ki,Ki,5.24
CCOC(=O)c1sc(SCc2ccccc2)c2c1CCCC2=O,4.14,Ki,Ki,72600.0
CCOC(=O)c1sc(SCc2ccccc2)c2c1CCCC2=O,4.26,Ki,Ki,54300.0
Cc1cn2c(NC3CCCC3)nc(-c3ccccc3)nc2n1,5.39,Ki,Ki,4100.0
NC[C@H]1[C@@H](O)[C@H](n2cnc3c(NCc4cccc(I)c4)ncnc32)O[C@@H]1CO,7.1,Ki,Ki,79.0
NC[C@H]1[C@@H](O)[C@H](n2cnc3c(NCc4cccc(I)c4)ncnc32)O[C@@H]1CO,8.19,Ki,Ki,6.5
NC[C@H]1[C@@H](O)[C@H](n2cnc3c(NCc4cccc(I)c4)ncnc32)O[C@@H]1CO,7.19,Ki,Ki,64.0
NC[C@H]1[C@@H](O)[C@H](n2cnc3c(NCc4cccc(I)c4)ncnc32)O[C@@H]1CO,7.24,Ki,Ki,58.0
NC[C@H]1[C@@H](O)[C@H](n2cnc3c(NCc4cccc(I)c4)ncnc32)O[C@@H]1CO,7.17,Ki,Ki,67.0
NC[C@H]1[C@@H](O)[C@H](n2cnc3c(NCc4cccc(I)c4)ncnc32)O[C@@H]1CO,7.23,Ki,Ki,59.0
NC[C@H]1[C@@H](O)[C@H](n2cnc3c(NCc4cccc(I)c4)ncnc32)O[C@@H]1CO,7.25,Ki,Ki,56.0
NCCNC(=O)[C@H]1O[C@@H](n2cnc3c(N)ncnc32)[C@H](O)[C@@H]1O,7.34,Ki,Ki,46.1
NCCNC(=O)[C@H]1O[C@@H](n2cnc3c(N)ncnc32)[C@H](O)[C@@H]1O,8.36,Ki,Ki,4.4
NCCNC(=O)[C@H]1O[C@@H](n2cnc3c(N)ncnc32)[C@H](O)[C@@H]1O,7.24,Ki,Ki,57.0
NCCNC(=O)[C@H]1O[C@@H](n2cnc3c(N)ncnc32)[C@H](O)[C@@H]1O,8.44,Ki,Ki,3.6
NCCNC(=O)[C@H]1O[C@@H](n2cnc3c(N)ncnc32)[C@H](O)[C@@H]1O,7.39,Ki,Ki,41.0
NCCNC(=O)[C@H]1O[C@@H](n2cnc3c(N)ncnc32)[C@H](O)[C@@H]1O,6.92,Ki,Ki,121.0
NCCNC(=O)[C@H]1O[C@@H](n2cnc3c(N)ncnc32)[C@H](O)[C@@H]1O,7.14,Ki,Ki,72.0
CCc1cn2c(NC(=O)C3CCCC3)nc(-c3ccccc3)nc2n1,5.58,Ki,Ki,2600.0
NC[C@H]1O[C@@H](n2cnc3c(N)ncnc32)[C@H](O)[C@@H]1O,6.27,Ki,Ki,534.0
NC[C@H]1O[C@@H](n2cnc3c(N)ncnc32)[C@H](O)[C@@H]1O,6.39,Ki,Ki,407.0
NC[C@H]1O[C@@H](n2cnc3c(N)ncnc32)[C@H](O)[C@@H]1O,6.31,Ki,Ki,492.0
NC[C@H]1O[C@@H](n2cnc3c(N)ncnc32)[C@H](O)[C@@H]1O,7.28,Ki,Ki,52.0
NC[C@H]1O[C@@H](n2cnc3c(N)ncnc32)[C@H](O)[C@@H]1O,6.22,Ki,Ki,604.0
Nc1ccc(CCCn2ncc3c2nc(N)n2nc(-c4ccco4)nc32)cc1,9.66,Ki,Ki,0.22
O=C(Nc1nc(-c2ccccc2)nc2nc(-c3ccccc3)cn12)C1CCCC1,5.6,Ki,Ki,2500.0
CCNC(=O)[C@H]1O[C@@H](n2cnc3c(N)ncnc32)[C@H](O)[C@@H]1O,7.67,Ki,Ki,21.4
CCNC(=O)[C@H]1O[C@@H](n2cnc3c(N)ncnc32)[C@H](O)[C@@H]1O,8.82,Ki,Ki,1.5
CCNC(=O)[C@H]1O[C@@H](n2cnc3c(N)ncnc32)[C@H](O)[C@@H]1O,7.54,Ki,Ki,29.2
CCNC(=O)[C@H]1O[C@@H](n2cnc3c(N)ncnc32)[C@H](O)[C@@H]1O,7.72,Ki,Ki,19.1
CCNC(=O)[C@H]1O[C@@H](n2cnc3c(N)ncnc32)[C@H](O)[C@@H]1O,7.61,Ki,Ki,24.6
CC(=O)Nc1nc(-c2ccccc2)nc2nc(-c3ccccc3)cn12,5.5,Ki,Ki,3200.0
N[C@H]1[C@@H](O)[C@H](n2cnc3c(NCc4cccc(I)c4)ncnc32)O[C@@H]1CO,7.17,Ki,Ki,67.0
N[C@H]1[C@@H](O)[C@H](n2cnc3c(NCc4cccc(I)c4)ncnc32)O[C@@H]1CO,7.75,Ki,Ki,18.0
N[C@H]1[C@@H](O)[C@H](n2cnc3c(NCc4cccc(I)c4)ncnc32)O[C@@H]1CO,7.24,Ki,Ki,57.0
N[C@H]1[C@@H](O)[C@H](n2cnc3c(NCc4cccc(I)c4)ncnc32)O[C@@H]1CO,8.19,Ki,Ki,6.4
N[C@H]1[C@@H](O)[C@H](n2cnc3c(NCc4cccc(I)c4)ncnc32)O[C@@H]1CO,7.06,Ki,Ki,88.0
N[C@H]1[C@@H](O)[C@H](n2cnc3c(NCc4cccc(I)c4)ncnc32)O[C@@H]1CO,7.06,Ki,Ki,87.0
N[C@H]1[C@@H](O)[C@H](n2cnc3c(NCc4cccc(I)c4)ncnc32)O[C@@H]1CO,7.19,Ki,Ki,64.0
Cc1cn2c(NC(=O)C3CCCC3)nc(-c3ccccc3)nc2n1,5.37,Ki,Ki,4300.0
Cc1cn2c(N)nc(-c3ccccc3)nc2n1,6.17,Ki,Ki,682.0
Nc1nc2ccc(Cl)cc2c2nc(-c3ccco3)nn12,9.08,Ki,Ki,0.84
Nc1nc2ccc(Cl)cc2c2nc(-c3ccco3)nn12,9.04,Ki,Ki,0.91
Nc1nc2ccc(Cl)cc2c2nc(-c3ccco3)nn12,9.17,Ki,Ki,0.67
Nc1nc2ccc(Cl)cc2c2nc(-c3ccco3)nn12,9.46,Ki,Ki,0.35
Nc1nc2ccc(Cl)cc2c2nc(-c3ccco3)nn12,9.0,Ki,Ki,1.0
Nc1nc2ccc(Cl)cc2c2nc(-c3ccco3)nn12,9.39,Ki,Ki,0.41
Nc1nc2ccc(Cl)cc2c2nc(-c3ccco3)nn12,9.28,Ki,Ki,0.52
Nc1ncnc2c1ncn2[C@@]12C[C@H]1[C@H](CO)[C@@H](O)[C@H]2O,4.0,Ki,Ki,100000.0
Nc1ncnc2c1ncn2[C@H]1[C@H](O)[C@H](O)[C@]2(CO)C[C@H]12,4.65,Ki,Ki,22500.0
CCCCn1cc2c(nc(NC(=O)Nc3ccc(Br)cc3)n3nc(-c4ccco4)nc23)n1,7.18,Ki,Ki,66.0
CCn1cc2c(nc(NC(=O)Cc3ccccc3)n3nc(-c4ccco4)nc23)n1,6.47,Ki,Ki,335.0
COc1ccc(NC(=O)Nc2nc3nn(C)cc3c3nc(-c4ccco4)nn23)cc1,5.86,Ki,Ki,1390.0
CCCn1cc2c(nc(NC(=O)Nc3ccc(Cl)c(Cl)c3)n3nc(-c4ccco4)nc23)n1,6.4,Ki,Ki,401.0
O=C(Nc1cccc(Cl)c1)Nc1nc2ccc(Cl)cc2c2nc(-c3ccco3)nn12,8.02,Ki,Ki,9.5
CCCn1cc2c(nc(NC(=O)Nc3ccc(F)cc3)n3nc(-c4ccco4)nc23)n1,7.38,Ki,Ki,42.0
CCCCn1cc2c(nc(NC(=O)Nc3ccc(F)cc3)n3nc(-c4ccco4)nc23)n1,7.3,Ki,Ki,50.0
OC[C@H]1O[C@@H](n2cnc3c(NC4CCCC4)nc(Cl)nc32)[C@H](O)[C@@H]1O,5.64,Ki,Ki,2270.0
Cn1cc2c(nc(NC(=O)Nc3ccc(S(=O)(=O)O)cc3)n3nc(-c4ccco4)nc23)n1,6.23,Ki,Ki,594.0
Cn1cc2c(nc(NC(=O)Nc3ccc(Cl)c(Cl)c3)n3nc(-c4ccco4)nc23)n1,6.84,Ki,Ki,143.0
Cn1cc2c(nc(NC(=O)Nc3ccc(Br)cc3)n3nc(-c4ccco4)nc23)n1,7.0,Ki,Ki,100.0
CCCCn1cc2c(nc(NC(=O)Nc3ccc(Cl)cc3)n3nc(-c4ccco4)nc23)n1,6.96,Ki,Ki,111.0
CCn1cc2c(nc(NC(=O)Nc3ccc4c(c3)OCO4)n3nc(-c4ccco4)nc23)n1,6.24,Ki,Ki,576.0
CCCn1cc2c(nc(NC(=O)Nc3ccc(C(F)(F)F)cc3)n3nc(-c4ccco4)nc23)n1,7.47,Ki,Ki,34.0
CCCCn1cc2c(nc(NC(=O)Nc3cccc(Cl)c3)n3nc(-c4ccco4)nc23)n1,7.02,Ki,Ki,95.0
CCn1cc2c(nc(NC(=O)Nc3ccc(F)cc3)n3nc(-c4ccco4)nc23)n1,7.22,Ki,Ki,60.0
CCCCn1cc2c(nc(NC(=O)Nc3ccccc3Cl)n3nc(-c4ccco4)nc23)n1,7.0,Ki,Ki,100.0
CCCCn1cc2c(nc(NC(=O)Nc3ccc([N+](=O)[O-])cc3)n3nc(-c4ccco4)nc23)n1,6.3,Ki,Ki,503.0
CCCn1cc2c(nc(NC(=O)Nc3ccc(OC)cc3)n3nc(-c4ccco4)nc23)n1,6.85,Ki,Ki,140.0
CCn1cc2c(nc(NC(=O)Nc3ccc(C(F)(F)F)cc3)n3nc(-c4ccco4)nc23)n1,7.28,Ki,Ki,53.0
COc1cccc(NC(=O)Nc2nc3nn(C)cc3c3nc(-c4ccco4)nn23)c1,6.8,Ki,Ki,160.0
CCCn1cc2c(nc(NC(=O)Nc3ccc(S(=O)(=O)O)cc3)n3nc(-c4ccco4)nc23)n1,6.52,Ki,Ki,305.0
CCCn1cc2c(nc(NC(=O)Nc3ccccc3)n3nc(-c4ccco4)nc23)n1,7.21,Ki,Ki,62.0
CCCn1cc2c(nc(NC(=O)Nc3ccccc3Cl)n3nc(-c4ccco4)nc23)n1,6.92,Ki,Ki,121.0
CCCCn1cc2c(nc(NC(=O)Nc3ccccc3OC)n3nc(-c4ccco4)nc23)n1,7.04,Ki,Ki,91.0
Nc1nc(NC(=O)CCC2CCCC2)nc2c1ncn2[C@@H]1O[C@H](CO)[C@@H](O)[C@H]1O,5.7,Ki,Ki,2000.0
CCn1cc2c(nc(NC(=O)Nc3cccc(OC)c3)n3nc(-c4ccco4)nc23)n1,6.85,Ki,Ki,140.0
Cn1cc2c(nc(NC(=O)Cc3ccccc3)n3nc(-c4ccco4)nc23)n1,6.37,Ki,Ki,423.0
Cn1cc2c(nc(NC(=O)Nc3ccccc3Cl)n3nc(-c4ccco4)nc23)n1,6.7,Ki,Ki,200.0
CCCn1cc2c(nc(NC(=O)Nc3cccc(OC)c3)n3nc(-c4ccco4)nc23)n1,6.95,Ki,Ki,113.0
CCCn1cc2c(nc(NC(=O)Nc3ccc([N+](=O)[O-])cc3)n3nc(-c4ccco4)nc23)n1,5.95,Ki,Ki,1115.0
CCNc1nc(NC(=O)CC2CCCCC2)nc2c1ncn2[C@@H]1O[C@H](CO)[C@@H](O)[C@H]1O,5.11,Ki,Ki,7750.0
CCCCn1cc2c(nc(NC(=O)Nc3ccc(OC)cc3)n3nc(-c4ccco4)nc23)n1,7.1,Ki,Ki,80.0
CCCn1cc2c(nc(NC(=O)Nc3ccc(Br)cc3)n3nc(-c4ccco4)nc23)n1,7.3,Ki,Ki,50.0
CCCCn1cc2c(nc(NC(=O)Nc3cccc(OC)c3)n3nc(-c4ccco4)nc23)n1,7.02,Ki,Ki,95.0
Cn1cc2c(nc(NC(=O)Nc3ccc([N+](=O)[O-])cc3)n3nc(-c4ccco4)nc23)n1,6.16,Ki,Ki,695.0
CCCn1cc2c(nc(NC(=O)Nc3ccc(C)cc3)n3nc(-c4ccco4)nc23)n1,7.92,Ki,Ki,12.0
CCCn1cc2c(nc(NC(=O)Nc3ccc(Cl)cc3)n3nc(-c4ccco4)nc23)n1,6.85,Ki,Ki,140.0
Nc1nc(NC(=O)C2CCCCC2)nc2c1ncn2[C@@H]1O[C@H](CO)[C@@H](O)[C@H]1O,5.75,Ki,Ki,1780.0
CCn1cc2c(nc(NC(=O)Nc3ccccc3)n3nc(-c4ccco4)nc23)n1,7.4,Ki,Ki,40.0
CCCn1cc2c(nc(NC(=O)Nc3ccc4c(c3)OCO4)n3nc(-c4ccco4)nc23)n1,6.18,Ki,Ki,667.0
Cn1cc2c(nc(NC(=O)Nc3ccc4c(c3)OCO4)n3nc(-c4ccco4)nc23)n1,6.17,Ki,Ki,680.0
Cn1cc2c(nc(NC(=O)Nc3ccc(C(F)(F)F)cc3)n3nc(-c4ccco4)nc23)n1,6.85,Ki,Ki,140.0
CCCCn1cc2c(nc(NC(=O)Nc3ccc(C)cc3)n3nc(-c4ccco4)nc23)n1,7.62,Ki,Ki,24.0
CCCn1cc2c(nc(NC(=O)Nc3ccccc3OC)n3nc(-c4ccco4)nc23)n1,7.0,Ki,Ki,100.0
CCn1cc2c(nc(NC(=O)Nc3ccc([N+](=O)[O-])cc3)n3nc(-c4ccco4)nc23)n1,6.21,Ki,Ki,614.0
CCn1cc2c(nc(NC(=O)Nc3ccc(OC)cc3)n3nc(-c4ccco4)nc23)n1,5.98,Ki,Ki,1040.0
Cn1cc2c(nc(NC(=O)Nc3ccc(F)cc3)n3nc(-c4ccco4)nc23)n1,6.92,Ki,Ki,120.0
COc1ccccc1NC(=O)Nc1nc2nn(C)cc2c2nc(-c3ccco3)nn12,6.75,Ki,Ki,180.0
CCn1cc2c(nc(NC(=O)Nc3ccc(Cl)c(Cl)c3)n3nc(-c4ccco4)nc23)n1,6.45,Ki,Ki,352.0
Nc1nc(NC(=O)CCc2ccccc2)nc2c1ncn2[C@@H]1O[C@H](CO)[C@@H](O)[C@H]1O,5.34,Ki,Ki,4570.0
Nc1nc(NC(=O)CC2CCCCC2)nc2c1ncn2[C@@H]1O[C@H](CO)[C@@H](O)[C@H]1O,5.62,Ki,Ki,2410.0
O=C(CCc1ccccc1)Nc1nc(NC2CCCC2)c2ncn([C@@H]3O[C@H](CO)[C@@H](O)[C@H]3O)c2n1,5.25,Ki,Ki,5660.0
CCCCn1cc2c(nc(NC(=O)Nc3ccc(Cl)c(Cl)c3)n3nc(-c4ccco4)nc23)n1,6.3,Ki,Ki,495.0
CCCCn1cc2c(nc(NC(=O)Nc3ccccc3)n3nc(-c4ccco4)nc23)n1,6.83,Ki,Ki,148.0
CCCCn1cc2c(nc(NC(=O)Nc3ccc(C(F)(F)F)cc3)n3nc(-c4ccco4)nc23)n1,7.51,Ki,Ki,31.0
CCCn1cc2c(nc(NC(=O)Nc3cccc(Cl)c3)n3nc(-c4ccco4)nc23)n1,5.91,Ki,Ki,1220.0
COc1ccc(NC(=O)Nc2nc3ccc(Cl)cc3c3nc(-c4ccco4)nn23)cc1,8.03,Ki,Ki,9.4
Cc1ccc(NC(=O)Nc2nc3nn(C)cc3c3nc(-c4ccco4)nn23)cc1,6.96,Ki,Ki,110.0
CCNC(=O)[C@H]1O[C@@H](n2cnc3c(N)nc(NC(=O)CCC4CCCC4)nc32)[C@H](O)[C@@H]1O,4.97,Ki,Ki,10800.0
CCn1cc2c(nc(NC(=O)Nc3ccc(Cl)cc3)n3nc(-c4ccco4)nc23)n1,6.8,Ki,Ki,160.0
Nc1nc(NC(=O)/C=C/c2ccccc2)nc2c1ncn2[C@@H]1O[C@H](CO)[C@@H](O)[C@H]1O,5.39,Ki,Ki,4100.0
Nc1nc(NC(=O)CCCC2CCCCC2)nc2c1ncn2[C@@H]1O[C@H](CO)[C@@H](O)[C@H]1O,5.71,Ki,Ki,1940.0
O=C(CCC1CCCC1)Nc1nc(NC2CCCC2)c2ncn([C@@H]3O[C@H](CO)[C@@H](O)[C@H]3O)c2n1,5.66,Ki,Ki,2180.0
CCn1cc2c(nc(NC(=O)Nc3ccccc3OC)n3nc(-c4ccco4)nc23)n1,6.88,Ki,Ki,133.0
CCCn1cc2c(nc(NC(=O)Cc3ccccc3)n3nc(-c4ccco4)nc23)n1,6.51,Ki,Ki,306.0
CCn1cc2c(nc(NC(=O)Nc3cccc(Cl)c3)n3nc(-c4ccco4)nc23)n1,6.75,Ki,Ki,180.0
Cn1cc2c(nc(NC(=O)Nc3ccc(Cl)cc3)n3nc(-c4ccco4)nc23)n1,6.75,Ki,Ki,180.0
CCn1cc2c(nc(NC(=O)Nc3ccc(S(=O)(=O)O)cc3)n3nc(-c4ccco4)nc23)n1,6.6,Ki,Ki,249.0
CCCCn1cc2c(nc(NC(=O)Nc3ccc(S(=O)(=O)O)cc3)n3nc(-c4ccco4)nc23)n1,6.45,Ki,Ki,352.0
CCn1cc2c(nc(NC(=O)Nc3ccc(Br)cc3)n3nc(-c4ccco4)nc23)n1,7.4,Ki,Ki,40.0
Cn1cc2c(nc(NC(=O)Nc3cccc(Cl)c3)n3nc(-c4ccco4)nc23)n1,5.92,Ki,Ki,1195.0
CCCCn1cc2c(nc(NC(=O)Nc3ccc4c(c3)OCO4)n3nc(-c4ccco4)nc23)n1,6.42,Ki,Ki,376.0
CCCCn1cc2c(nc(NC(=O)Cc3ccccc3)n3nc(-c4ccco4)nc23)n1,6.4,Ki,Ki,400.0
Cn1cc2c(nc(NC(=O)Nc3ccccc3)n3nc(-c4ccco4)nc23)n1,6.42,Ki,Ki,381.0
CCn1cc2c(nc(NC(=O)Nc3ccc(C)cc3)n3nc(-c4ccco4)nc23)n1,7.52,Ki,Ki,30.0
CCn1cc2c(nc(NC(=O)Nc3ccccc3Cl)n3nc(-c4ccco4)nc23)n1,6.82,Ki,Ki,150.0
C[C@@]1(O)[C@H](O)[C@@H](CO)O[C@H]1n1cnc2c(NC3CCCC3)ncnc21,5.14,Ki,Ki,7220.0
C[C@H](Cc1ccccc1)Nc1ncnc2c1ncn2[C@@H]1O[C@H](CO)[C@@H](O)[C@H]1O,6.12,Ki,Ki,750.0
OC[C@H]1O[C@@H](n2cnc3c(NC4CCCC4)nc(Cl)nc32)[C@H](O)[C@@H]1O,6.24,Ki,Ki,580.0
CCNC(=O)[C@H]1O[C@@H](n2cnc3c(N)ncnc32)[C@H](O)[C@@H]1O,7.8,Ki,Ki,16.0
C[C@@H](Cc1ccccc1)Nc1ncnc2c1ncn2[C@@H]1O[C@H](CO)[C@@H](O)[C@H]1O,5.75,Ki,Ki,1800.0
CNC(=O)[C@H]1O[C@@H](n2cnc3c(NCc4cccc(I)c4)ncnc32)[C@H](O)[C@@H]1O,6.94,Ki,Ki,116.0
C[C@H](Cc1ccccc1)Nc1ncnc2c1ncn2[C@@H]1O[C@H](CO)[C@@H](O)[C@@]1(C)O,5.13,Ki,Ki,7440.0
C[C@@]1(O)[C@H](O)[C@@H](CO)O[C@H]1n1cnc2c(NC3CCCC3)nc(Cl)nc21,8.41,Ki,Ki,3.9
OC[C@H]1O[C@@H](n2cnc3c(NCc4cccc(I)c4)ncnc32)[C@H](O)[C@@H]1O,7.69,Ki,Ki,20.4
C[C@]1(O)C(n2cnc3c(N)nc(Cl)nc32)O[C@H](CO)[C@H]1O,5.88,Ki,Ki,1330.0
OC[C@H]1O[C@@H](n2cnc3c(NC4CCCC4)ncnc32)[C@H](O)[C@@H]1O,6.42,Ki,Ki,385.0
CCNC(=O)[C@H]1O[C@@H](n2cnc3c(N)ncnc32)[C@](C)(O)[C@@H]1O,6.66,Ki,Ki,218.0
C[C@@]1(O)[C@H](O)[C@@H](CO)O[C@H]1n1cnc2c(N)ncnc21,5.47,Ki,Ki,3420.0
C[C@@]1(O)[C@H](O)[C@@H](CO)O[C@H]1n1cnc2c(NCc3cccc(I)c3)ncnc21,6.03,Ki,Ki,935.0
CNC(=O)[C@H]1OC(n2cnc3c(NCc4cccc(I)c4)ncnc32)[C@](C)(O)[C@@H]1O,5.81,Ki,Ki,1533.0
Nc1nc(Cl)nc2c1ncn2[C@@H]1O[C@H](CO)[C@@H](O)[C@H]1O,6.92,Ki,Ki,120.0
CSc1c2c(nc(NC(=O)Cc3ccc(CC(C)C)cc3)n3nc(-c4ccco4)nc23)nn1C,7.3,Ki,Ki,50.0
CCCSc1c2c(nc(N)n3nc(-c4ccco4)nc23)nn1C,8.68,Ki,Ki,2.1
CCCSc1c2c(nc(N)n3nc(-c4ccco4)nc23)nn1C,7.83,IC50,IC50,14.8
CCCn1c(=O)c2[nH]c(-c3ccc(OCC(=O)Nc4ccc(C#N)cc4)cc3)nc2n(CCC)c1=O,6.3,Ki,Ki,503.0
COc1ccc(NC(=O)Nc2nc3nn(C)c(SC)c3c3nc(-c4ccco4)nn23)cc1,8.51,Ki,Ki,3.1
COc1ccc(NC(=O)Nc2nc3nn(C)c(SC)c3c3nc(-c4ccco4)nn23)cc1,7.76,IC50,IC50,17.5
CCNc1c2c(nc(N)n3nc(-c4ccco4)nc23)nn1C,8.0,Ki,Ki,10.0
COc1ccc(CC(=O)Nc2nc3nn(C)c(SC)c3c3nc(-c4ccco4)nn23)cc1,7.82,Ki,Ki,15.0
CCNc1c2c(nc(NC(=O)Nc3ccc(OC)cc3)n3nc(-c4ccco4)nc23)nn1C.Cl,7.8,Ki,Ki,16.0
CCNc1c2c(nc(NC(=O)Nc3ccc(OC)cc3)n3nc(-c4ccco4)nc23)nn1C.Cl,7.21,IC50,IC50,61.0
CN1CCN(c2c3c(nc(N)n4nc(-c5ccco5)nc34)nn2C)CC1,6.81,Ki,Ki,156.0
CSc1c2c(nc(NC(=O)Cc3ccc4c(c3)OCO4)n3nc(-c4ccco4)nc23)nn1C,8.39,Ki,Ki,4.1
CSc1c2c(nc(NC(=O)Cc3ccc4c(c3)OCO4)n3nc(-c4ccco4)nc23)nn1C,7.67,IC50,IC50,21.5
CSc1c2c(nc(N)n3nc(-c4ccco4)nc23)nn1CCCc1ccccc1,7.66,Ki,Ki,22.0
CCNc1c2c(nc(NC(=O)Nc3ccc(OC)cc3)n3nc(-c4ccco4)nc23)nn1C,7.68,Ki,Ki,21.0
CSc1c2c(nc(N)n3nc(-c4ccco4)nc23)nn1C,8.92,Ki,Ki,1.2
CSc1c2c(nc(N)n3nc(-c4ccco4)nc23)nn1C,8.21,IC50,IC50,6.1
CCNc1c2c(nc(NC(=O)Cc3ccc4c(c3)OCO4)n3nc(-c4ccco4)nc23)nn1C,7.21,Ki,Ki,61.0
CN1CCN(c2c3c(nc(N)n4nc(-c5ccco5)nc34)nn2C)CC1.Cl.Cl,6.87,Ki,Ki,135.0
CCNc1c2c(nc(N)n3nc(-c4ccco4)nc23)nn1C.Cl,8.0,Ki,Ki,10.0
CCNc1c2c(nc(N)n3nc(-c4ccco4)nc23)nn1C.Cl,7.32,IC50,IC50,48.0
CC(=O)NCCNc1[nH]c(-c2ccccc2)nc2nc(C)c(C)c1-2,7.32,IC50,IC50,48.0
CC(=O)NCCNc1[nH]c(-c2ccccc2)nc2nc(C)c(C)c1-2,7.32,IC50,IC50,48.0
CC(=O)NCCNc1[nH]c(-c2ccccc2)nc2nc(C)c(C)c1-2,7.64,Ki,Ki,23.0
CCCn1c(=O)c2[nH]c(C3CCCC3)nc2n(CCC)c1=O,6.58,IC50,IC50,261.0
CCCn1c(=O)c2[nH]c(C3CCCC3)nc2n(CCC)c1=O,6.66,IC50,IC50,217.0
CCCn1c(=O)c2[nH]c(C3CCCC3)nc2n(CCC)c1=O,7.16,Ki,Ki,70.0
CCCCc1nc2[nH]ncc2c2nc(-c3ccc(OC)cc3)nn12,5.58,IC50,IC50,2600.0
Cc1[nH]c2nc(-c3ccccc3)nc(N[C@@H]3CCCCNC3=O)c2c1C,5.68,IC50,IC50,2108.0
Cc1[nH]c2nc(-c3ccccc3)nc(N[C@@H]3CCCCNC3=O)c2c1C,5.69,IC50,IC50,2060.0
Cc1[nH]c2nc(-c3ccccc3)nc(N[C@@H]3CCCCNC3=O)c2c1C,6.02,Ki,Ki,962.0
CCCCc1nc2[nH]cnc2c2nc(-c3ccc(OC)cc3)nn12,5.8,IC50,IC50,1600.0
Cc1[nH]c2nc(-c3ccccc3)nc(NCCN3CCNC3=O)c2c1C,6.14,IC50,IC50,725.0
Cc1[nH]c2nc(-c3ccccc3)nc(NCCN3CCNC3=O)c2c1C,6.22,IC50,IC50,604.0
Cc1[nH]c2nc(-c3ccccc3)nc(NCCN3CCNC3=O)c2c1C,6.67,Ki,Ki,215.0
Cc1nc2nc(-c3ccccc3)[nH]c(N[C@H](CO)CC(C)C)c-2c1C,5.57,IC50,IC50,2684.0
Cc1nc2nc(-c3ccccc3)[nH]c(N[C@H](CO)CC(C)C)c-2c1C,5.47,IC50,IC50,3405.0
Cc1nc2nc(-c3ccccc3)[nH]c(N[C@H](CO)CC(C)C)c-2c1C,5.95,Ki,Ki,1136.0
Cc1[nH]c2nc(-c3ccccc3)nc(NCc3ccncc3)c2c1C,5.7,IC50,IC50,2010.0
Cc1[nH]c2nc(-c3ccccc3)nc(NCc3ccncc3)c2c1C,5.77,IC50,IC50,1711.0
Cc1[nH]c2nc(-c3ccccc3)nc(NCc3ccncc3)c2c1C,6.09,Ki,Ki,811.0
CCCCc1nc2[nH]cnc2c2nc(-c3ccccc3)nn12,7.15,IC50,IC50,71.0
Cc1nc2nc(-c3ccccc3)[nH]c(N[C@H](C)c3ccccc3)c-2c1C,5.41,IC50,IC50,3876.0
Cc1[nH]c2nc(-c3ccccc3)nc(N[C@H]3CC[C@H](O)CC3)c2c1C,5.79,IC50,IC50,1618.0
Cc1[nH]c2nc(-c3ccccc3)nc(N[C@H]3CC[C@H](O)CC3)c2c1C,5.81,IC50,IC50,1540.0
Cc1[nH]c2nc(-c3ccccc3)nc(N[C@H]3CC[C@H](O)CC3)c2c1C,6.12,Ki,Ki,754.0
Cc1[nH]c2nc(-c3ccccc3)nc(N[C@@H]3Cc4ccccc4[C@H]3O)c2c1C,5.49,IC50,IC50,3218.0
CCCCc1nc2[nH]ncc2c2nc(-c3ccccc3)nn12,6.72,IC50,IC50,190.0
COc1ccc(/C=N/N=C(\S)Cc2ccccc2)c(O)c1,7.0,Ki,Ki,0.1
COc1cccc(-c2n[nH]c(Cc3ccccc3Br)n2)c1,7.7,Ki,Ki,0.02
O=c1c(-c2ccc(O)cc2)nnc2n(Cc3ccccc3)c3ccccc3n12,5.92,Ki,Ki,1200.0
O=C(Nc1cccc(Cl)c1)Nc1nc2nn(CCc3ccccc3)cc2c2nc(-c3ccco3)nn12,6.96,Ki,Ki,110.0
S/C(Cc1ccccc1)=N\N=C\c1ccc2ccccc2n1,5.92,Ki,Ki,1.2
CCn1cc2c(nc(NC(=O)Nc3cccc(Cl)c3)n3nc(-c4ccco4)nc23)n1,6.73,Ki,Ki,185.0
CCCn1cc2c(nc(NC(=O)Nc3cccc(Cl)c3)n3nc(-c4ccco4)nc23)n1,5.91,Ki,Ki,1221.0
COc1cccc(-c2n[nH]c(Cc3ccc(Cl)c(Cl)c3)n2)c1OC,7.05,Ki,Ki,0.09
Oc1ccc(-c2nnc3nc4ccccc4n3c2O)cc1O,5.46,Ki,Ki,3500.0
S/C(Cc1ccccc1)=N\N=C\c1ccccn1,7.0,Ki,Ki,0.1
Nc1nc2nn(CCc3ccccc3)cc2c2nc(-c3ccco3)nn12,9.51,Ki,Ki,0.31
Nc1nc2nn(CCCc3ccccc3)cc2c2nc(-c3ccco3)nn12,9.74,Ki,Ki,0.18
COc1cccc(-c2n[nH]c(Cc3ccc4ccccc4c3)n2)c1,7.0,Ki,Ki,0.1
Oc1c(-c2cccs2)nnc2nc3ccccc3n12,5.99,Ki,Ki,1023.0
Oc1c(-c2ccco2)nnc2nc3ccccc3n12,6.62,Ki,Ki,241.0
Cn1nc(-c2ccc(N=[N+]=[N-])cc2)nc1-c1cccc(CN2CC=CC2)c1,6.4,Ki,Ki,0.4
Clc1ccc(Cc2n[nH]c(-c3cnccn3)n2)cc1Cl,7.22,Ki,Ki,0.06
S/C(Cc1ccccc1)=N\N=C\c1cnc2ccccc2c1,5.7,Ki,Ki,2.0
COc1cccc(-c2nc(Cc3ccc(C)c(C)c3)n[nH]2)c1,7.7,Ki,Ki,0.02
Oc1c(-c2ccsc2)nnc2nc3ccccc3n12,5.3,Ki,Ki,5000.0
COc1ccc(NC(=O)Nc2nc3nn(CCc4ccccc4)cc3c3nc(-c4ccco4)nn23)cc1,6.91,Ki,Ki,124.0
COc1cccc(-c2n[nH]c(Cc3cccc(F)c3F)n2)c1,7.7,Ki,Ki,0.02
COc1cccc(-c2n[nH]c(CC3CCCCC3)n2)c1,6.16,Ki,Ki,0.7
Oc1ccc(-c2nnc3nc4ccccc4n3c2O)cc1,5.89,Ki,Ki,1300.0
COc1cccc(-c2n[nH]c(Cc3ccc(Cl)c(Cl)c3)n2)c1,7.4,Ki,Ki,0.04
S/C(Cc1ccccc1)=N\N=C\c1cccnc1,8.3,Ki,Ki,0.005
Oc1c(-c2ccccc2)nnc2nc3ccccc3n12,5.54,Ki,Ki,2900.0
CCn1cc2c(nc(N)n3nc(-c4ccco4)nc23)n1,8.72,Ki,Ki,1.9
CCCn1c(=O)c2[nH]c(C3CCCC3)nc2n(CCC)c1=O,6.47,Ki,Ki,337.0
CCCn1cc2c(nc(N)n3nc(-c4ccco4)nc23)n1,8.59,Ki,Ki,2.55
Oc1ccc(OC(F)(F)F)cc1/C=N/N=C(\S)Cc1ccccc1,5.85,Ki,Ki,1.4
COc1ccc(NC(=O)Nc2nc3nn(CCCc4ccccc4)cc3c3nc(-c4ccco4)nn23)cc1,5.99,Ki,Ki,1015.0
COc1cccc(-c2n[nH]c(Cc3cccc(Br)c3)n2)c1,8.0,Ki,Ki,0.01
O=[N+]([O-])c1ccc(O)c(/C=N/N=C(\S)Cc2ccccc2)c1,8.0,Ki,Ki,0.01
OC[C@H]1O[C@@H](n2cnc3c(NCc4cccc(I)c4)nc(Cl)nc32)[C@H](O)[C@@H]1O,6.4,Ki,Ki,401.0
COc1cccc(-c2n[nH]c(Cc3ccc(F)c(F)c3)n2)c1,7.16,Ki,Ki,0.07
COc1cc(/C=N/N=C(\S)Cc2ccccc2)c(O)c(OC)c1,5.38,Ki,Ki,4.2
CCNC(=O)[C@H]1O[C@@H](n2cnc3c(N)ncnc32)[C@H](O)[C@@H]1O,7.8,Ki,Ki,16.0
COc1ccc(O)c(/C=N/N=C(\S)Cc2ccccc2)c1,7.7,Ki,Ki,0.02
COc1cccc(-c2n[nH]c(CCc3ccc(Cl)c(Cl)c3)n2)c1,6.0,Ki,Ki,1.0
COc1cccc(-c2n[nH]c(Cc3ccc(Cl)c(Cl)c3)n2)c1,7.4,Ki,Ki,0.04
COc1cccc(-c2n[nH]c(Cc3cccc([N+](=O)[O-])c3)n2)c1,7.1,Ki,Ki,0.08
COc1cccc(/C=N/N=C(\S)Cc2ccccc2)c1O,5.33,Ki,Ki,4.7
Oc1ccccc1-c1n[nH]c(-c2ccccc2)n1,6.16,Ki,Ki,0.7
CCCn1cc2c(nc(NC(=O)Nc3ccc(OC)cc3)n3nc(-c4ccco4)nc23)n1,6.85,Ki,Ki,141.0
O=C(Nc1cccc(Cl)c1)Nc1nc2nn(CCCc3ccccc3)cc2c2nc(-c3ccco3)nn12,6.7,Ki,Ki,202.0
CCn1cc2c(nc(NC(=O)Nc3ccc(OC)cc3)n3nc(-c4ccco4)nc23)n1,5.98,Ki,Ki,1045.0
COc1cccc(-c2n[nH]c(-c3ccc(Cl)c(Cl)c3)n2)c1,6.16,Ki,Ki,0.7
O=c1c(-c2ccco2)nnc2n(Cc3ccccc3)c3ccccc3n12,5.91,Ki,Ki,1236.0
c1cc(CN2CCCC2)cc(-c2n[nH]c(-c3ccc4c(c3)OCCO4)n2)c1,6.0,Ki,Ki,1.0
Clc1ccc(Cc2n[nH]c(-c3ccc4c(c3)OCO4)n2)cc1Cl,7.0,Ki,Ki,0.1
Cn1c2ccccc2n2c(=O)c(-c3ccco3)nnc12,5.2,Ki,Ki,6300.0
Nc1nc2c(cnn2CCCc2ccc(OCc3ccccc3)cc2)c2nc(-c3ccco3)nn12,6.52,IC50,IC50,300.0
Nc1nc2c(cnn2CCc2ccc(OCc3ccccc3)cc2)c2nc(-c3ccco3)nn12,7.05,IC50,IC50,90.0
Nc1nc2c(cnn2CCCc2ccccc2)c2nc(-c3ccco3)nn12,7.75,IC50,IC50,18.0
Nc1nc2c(cnn2CCCc2ccc(O)cc2)c2nc(-c3ccco3)nn12,8.0,IC50,IC50,10.0
Nc1nc2c(cnn2CCCc2ccc(O)cc2)c2nc(-c3ccco3)nn12,8.82,Ki,Ki,1.5
Nc1nc2c(cnn2CCCc2ccc3c(c2)OCO3)c2nc(-c3ccco3)nn12,8.1,IC50,IC50,8.0
Nc1nc2c(cnn2CCCc2ccc3c(c2)OCO3)c2nc(-c3ccco3)nn12,8.48,Ki,Ki,3.3
Nc1nc2c(cnn2CCCc2ccc(O)c(O)c2)c2nc(-c3ccco3)nn12,7.22,IC50,IC50,60.0
Nc1nc2c(cnn2Cc2ccc(OCc3ccccc3)cc2)c2nc(-c3ccco3)nn12,6.3,IC50,IC50,500.0
COc1ccc(CCCn2ncc3c2nc(N)n2nc(-c4ccco4)nc32)cc1OC,7.7,IC50,IC50,20.0
COc1ccc(CCCn2ncc3c2nc(N)n2nc(-c4ccco4)nc32)cc1OC,8.57,Ki,Ki,2.7
Nc1nc2c(cnn2CCc2ccc(O)cc2)c2nc(-c3ccco3)nn12,7.85,IC50,IC50,14.0
Nc1nc2ccc(Cl)cc2c2nc(-c3ccco3)nn12,7.92,IC50,IC50,12.0
Nc1nc2c(cnn2Cc2ccc(O)cc2)c2nc(-c3ccco3)nn12,6.83,IC50,IC50,149.0
Nc1nc2c(cnn2CCc2ccccc2)c2nc(-c3ccco3)nn12,7.92,IC50,IC50,12.0
Nc1nc2c(cnn2CCc2ccccc2)c2nc(-c3ccco3)nn12,8.96,Ki,Ki,1.1
Nc1nc2ccccc2n2c(=O)n(-c3ccc(O)cc3)nc12,7.1,Ki,Ki,80.0
CC(=O)Oc1ccc(-n2nc3c(=O)[nH]c4ccccc4n3c2=O)cc1,5.01,Ki,Ki,9700.0
Nc1ccc(-n2nc3c(N)nc4ccccc4n3c2=O)cc1,8.44,Ki,Ki,3.6
COc1ccc(-n2nc3c(N)nc4ccccc4n3c2=O)cc1,6.42,Ki,Ki,376.0
Nc1nc2c([N+](=O)[O-])cccc2n2c(=O)n(-c3ccc(O)cc3)nc12,5.8,Ki,Ki,1600.0
COc1ccc(-n2nc3c(N)nc4c(N)cccc4n3c2=O)cc1,5.98,Ki,Ki,1049.0
CCCn1c(=O)c2[nH]c(C3CCCC3)nc2n(CCC)c1=O,6.47,Ki,Ki,337.0
Nc1nc2c([N+](=O)[O-])cccc2n2c(=O)n(-c3ccccc3)nc12,7.12,Ki,Ki,75.8
CCOc1ccc(-n2nc3c(N)nc4ccccc4n3c2=O)cc1,4.89,Ki,Ki,13000.0
Cn1c(=O)c2nc[nH]c2n(C)c1=O.O,4.68,Ki,Ki,21000.0
O=c1[nH]c2ccccc2n2c(=O)n(-c3ccc(O)cc3)nc12,5.17,Ki,Ki,6800.0
Nc1cccc2c1nc(N)c1nn(-c3ccc(O)cc3)c(=O)n12,6.74,Ki,Ki,181.0
CCCCn1cc2c(nc(NC(=O)Nc3ccc(OC)cc3)n3nc(-c4ccco4)nc23)n1,7.1,Ki,Ki,80.0
COc1ccc(-n2cc3c(n2)c(N)nc2ccccc23)cc1,5.43,Ki,Ki,3700.0
Nc1nc2ccc(Cl)cc2c2nc(-c3ccco3)nn12,9.37,Ki,Ki,0.43
COc1ccc(NC(=O)Nc2nc3ccc(Cl)cc3c3nc(-c4ccco4)nn23)cc1,8.03,Ki,Ki,9.4
COc1ccc(NC(=O)Nc2nc3nn(CCc4ccccc4)cc3c3nc(-c4ccco4)nn23)cc1,6.92,Ki,Ki,120.0
Cc1ccccc1-n1cc2c(n1)c(NC1CCCC1)nc1ccccc12,6.48,Ki,Ki,329.0
Cl.Cn1cc2c(nc(NC(=O)Nc3ccncc3)n3nc(-c4ccco4)nc23)n1,7.0,Ki,Ki,100.0
CCn1cc2c(nc(NC(=O)Nc3ccc(OC)cc3)n3nc(-c4ccco4)nc23)n1,5.98,Ki,Ki,1040.0
c1ccc(CNc2nc3ccccc3c3cn(-c4ccccc4)nc23)cc1,5.27,Ki,Ki,5400.0
CC(C)CCn1cc2c(nc(NC(=O)Nc3cccc(Cl)c3)n3nc(-c4ccco4)nc23)n1,6.94,Ki,Ki,115.0
CCn1cc2c(nc(NC(=O)Nc3cccc(Cl)c3)n3nc(-c4ccco4)nc23)n1,6.75,Ki,Ki,180.0
CC(C)CCn1cc2c(nc(N)n3nc(-c4ccco4)nc23)n1,9.11,Ki,Ki,0.78
CC(C)=CCn1cc2c(nc(N)n3nc(-c4ccco4)nc23)n1,9.1,Ki,Ki,0.8
Cc1cccc(-n2cc3c(n2)c(N)nc2ccccc23)c1,5.43,Ki,Ki,3750.0
CCCn1c(=O)c2[nH]c(C3CCCC3)nc2n(CCC)c1=O,6.47,Ki,Ki,337.0
COc1ccc(NC(=O)Nc2nc3n[nH]cc3c3nc(-c4ccco4)nn23)cc1,6.28,Ki,Ki,520.0
COc1ccc(NC(=O)Nc2nc3nn(CC=C(C)C)cc3c3nc(-c4ccco4)nn23)cc1,5.99,Ki,Ki,1025.0
Nc1nc2nn(CCc3cc(Br)c(Br)cc3Br)cc2c2nc(-c3ccco3)nn12,6.46,Ki,Ki,348.0
CC(C)=CCn1cc2c(nc(NC(=O)Nc3cccc(Cl)c3)n3nc(-c4ccco4)nc23)n1,6.96,Ki,Ki,110.0
Nc1nc2ccccc2c2cn(-c3cccc(F)c3)nc12,7.3,Ki,Ki,49.5
CCCn1cc2c(nc(N)n3nc(-c4ccco4)nc23)n1,8.6,Ki,Ki,2.51
CCCn1cc2c(nc(NC(=O)Nc3ccc(OC)cc3)n3nc(-c4ccco4)nc23)n1,6.85,Ki,Ki,140.0
Nc1nc2nn(CCc3ccccc3)cc2c2nc(-c3ccco3)nn12,9.47,Ki,Ki,0.34
Fc1cccc(-n2cc3c(n2)c(NC2CCCCC2)nc2ccccc23)c1,5.24,Ki,Ki,5750.0
c1ccc(CCNc2nc3ccccc3c3cn(-c4ccccc4)nc23)cc1,5.3,Ki,Ki,5051.0
CC(=O)Nc1nc2ccccc2c2cn(-c3ccccc3)nc12,5.62,Ki,Ki,2400.0
COc1ccc(NC(=O)Nc2nc3nn(C(C)(C)C)cc3c3nc(-c4ccco4)nn23)cc1,6.26,Ki,Ki,545.0
O=C(Nc1cccc(Cl)c1)Nc1nc2ccc(Cl)cc2c2nc(-c3ccco3)nn12,8.02,Ki,Ki,9.5
Cc1ccccc1-n1cc2c(n1)c(N)nc1ccccc12,5.8,Ki,Ki,1600.0
Cc1cccc(-n2cc3c(n2)c(NC2CCCC2)nc2ccccc23)c1,5.92,Ki,Ki,1200.0
O=C(Nc1cccc(Cl)c1)Nc1nc2n[nH]cc2c2nc(-c3ccco3)nn12,6.61,Ki,Ki,248.0
CCCCn1cc2c(nc(N)n3nc(-c4ccco4)nc23)n1,8.8,Ki,Ki,1.6
CC(C)(C)n1cc2c(nc(N)n3nc(-c4ccco4)nc23)n1,7.35,Ki,Ki,45.0
O=C(Nc1cccc(Cl)c1)Nc1nc2nn(CCc3cc(Br)c(Br)cc3Br)cc2c2nc(-c3ccco3)nn12,5.44,Ki,Ki,3600.0
Nc1nc2ccc(Cl)cc2c2cn(-c3ccccc3)nc12,5.24,Ki,Ki,5750.0
Cc1cccc(-n2cc3c(n2)c(NC2CCCCC2)nc2ccccc23)c1,4.94,Ki,Ki,11400.0
Nc1nc2n[nH]cc2c2nc(-c3ccco3)nn12,7.7,Ki,Ki,20.0
CCCCn1cc2c(nc(NC(=O)Nc3cccc(Cl)c3)n3nc(-c4ccco4)nc23)n1,7.02,Ki,Ki,95.0
CC(C)(C)n1cc2c(nc(NC(=O)Nc3cccc(Cl)c3)n3nc(-c4ccco4)nc23)n1,6.1,Ki,Ki,796.0
Clc1ccc2nc(NC3CCCCC3)c3nn(-c4ccccc4)cc3c2c1,5.38,Ki,Ki,4140.0
O=C(Nc1cccc(Cl)c1)Nc1nc2nn(CCCc3ccccc3)cc2c2nc(-c3ccco3)nn12,6.7,Ki,Ki,200.0
Cn1cc2c(nc(NC(=O)Nc3ccc(S(=O)(=O)O)cc3)n3nc(-c4ccco4)nc23)n1,6.23,Ki,Ki,594.0
COc1ccc(NC(=O)Nc2nc3nn(C)cc3c3nc(-c4ccco4)nn23)cc1,5.86,Ki,Ki,1390.0
C=CCn1cc2c(nc(NC(=O)Nc3ccc(OC)cc3)n3nc(-c4ccco4)nc23)n1,6.75,Ki,Ki,176.0
COc1ccc(NC(=O)Nc2nc3nn(CCc4cc(Br)c(Br)cc4Br)cc3c3nc(-c4ccco4)nn23)cc1,5.69,Ki,Ki,2030.0
Nc1nc2ccccc2c2cn(-c3ccccc3)nc12,6.48,Ki,Ki,331.0
Cn1cc2c(nc(NC(=O)Nc3cccc(Cl)c3)n3nc(-c4ccco4)nc23)n1,5.92,Ki,Ki,1195.0
CCCn1cc2c(nc(NC(=O)Nc3cccc(Cl)c3)n3nc(-c4ccco4)nc23)n1,5.91,Ki,Ki,1220.0
COc1ccc(NC(=O)Nc2nc3nn(CCc4cccc5ccccc45)cc3c3nc(-c4ccco4)nn23)cc1,5.49,Ki,Ki,3260.0
CCn1cc2c(nc(N)n3nc(-c4ccco4)nc23)n1,8.71,Ki,Ki,1.95
Nc1nc2nn(CCCc3ccccc3)cc2c2nc(-c3ccco3)nn12,9.8,Ki,Ki,0.16
Fc1cccc(-n2cc3c(n2)c(NC2CCCC2)nc2ccccc23)c1,5.66,Ki,Ki,2210.0
COc1ccc(NC(=O)Nc2nc3nn(CCC(C)C)cc3c3nc(-c4ccco4)nn23)cc1,7.19,Ki,Ki,65.0
O=c1[nH]c2ccccc2c2cn(-c3ccccc3)nc12,5.07,Ki,Ki,8600.0
c1ccc(-n2cc3c(n2)c(NC2CCCCC2)nc2ccccc23)cc1,5.42,Ki,Ki,3800.0
Cn1cc2c(nc(NC(=O)Nc3ccncc3)n3nc(-c4ccco4)nc23)n1,7.22,Ki,Ki,60.0
Nc1nc2nn(CCc3cccc4ccccc34)cc2c2nc(-c3ccco3)nn12,6.05,Ki,Ki,896.0
Cn1cc2c(nc(NC(=O)Nc3ccccc3)n3nc(-c4ccco4)nc23)n1,6.42,Ki,Ki,381.0
Cn1c(=O)c2nc[nH]c2n(C)c1=O.O,4.68,Ki,Ki,21000.0
COc1ccc(NC(=O)Nc2nc3nn(CCCc4ccccc4)cc3c3nc(-c4ccco4)nn23)cc1,7.0,Ki,Ki,101.0
Cn1cc2c(nc(N)n3nc(-c4ccco4)nc23)n1,8.55,Ki,Ki,2.8
Nc1nc2ccccc2c2cn(-c3ccc(Cl)cc3)nc12,4.95,Ki,Ki,11200.0
O=C(Nc1cccc(Cl)c1)Nc1nc2nn(CCc3ccccc3)cc2c2nc(-c3ccco3)nn12,6.98,Ki,Ki,105.0
c1ccc(-n2cc3c(n2)c(NC2CCCC2)nc2ccccc23)cc1,6.07,Ki,Ki,849.0
COc1ccc(CCCn2ncc3c2nc(N)n2nc(-c4ccco4)nc32)cc1,10.32,Ki,Ki,0.048
CCCCc1nc2[nH]ncc2c2nc(-c3cccc(Cl)c3)nn12,6.12,IC50,IC50,760.0
CCCCc1nc2[nH]ncc2c2nc(-c3ccc(OC)cc3)nn12,5.58,IC50,IC50,2600.0
CCCCc1nc2ccccc2c2nc(-c3ccc(O)cc3)nn12,5.28,IC50,IC50,5300.0
Cn1c(=O)c2c(nc(/C=C/c3cccc(Cl)c3)n2[11CH3])n(C)c1=O,7.27,Ki,Ki,54.0
CCc1nc2[nH]ncc2c2nc(-c3ccccc3)nn12,6.51,IC50,IC50,310.0
CCCCc1nc2[nH]ncc2c2nc(-c3ccccc3Cl)nn12,6.89,IC50,IC50,130.0
CCCCc1nc2[nH]cnc2c2nc(-c3ccccc3)nn12,7.15,IC50,IC50,71.0
CCCCc1nc2[nH]ncc2c2nc(-c3ccc(OCC)cc3)nn12,5.57,IC50,IC50,2700.0
CCCn1c(=O)c2c(nc(/C=C/c3ccc(OC)c(OC)c3)n2[11CH3])n(CCC)c1=O,9.0,Ki,Ki,1.0
COc1ccc(NC(=O)Nc2nc3nn(C)cc3c3nc(-c4ccco4)nn23)cc1,5.86,Ki,Ki,1390.0
CCCCn1cc2c(nc(NC(=O)Nc3ccc(OC)cc3)n3nc(-c4ccco4)nc23)n1,7.1,Ki,Ki,80.0
CCCn1cc2c(nc(NC(=O)Nc3ccc(OC)cc3)n3nc(-c4ccco4)nc23)n1,6.85,Ki,Ki,140.0
CCn1cc2c(nc(NC(=O)Nc3ccc(OC)cc3)n3nc(-c4ccco4)nc23)n1,5.98,Ki,Ki,1040.0
COc1ccc(-c2c(C#N)c(N)nc(SCc3ncc[nH]3)c2C#N)cc1,6.67,Ki,Ki,214.0
C#CCn1c(=O)c2c(nc(/C=C/c3cccc(OC)c3)n2C)n(CCCO)c1=O,8.3,Ki,Ki,0.005
C#CCn1c(=O)c2c(nc(/C=C/c3cccc(OC)c3)n2C)n(CCCO)c1=O,7.82,Ki,Ki,0.015
CCNC(=O)[C@H]1O[C@@H](n2cnc3c(N)ncnc32)[C@H](O)[C@@H]1O,7.22,Ki,Ki,60.0
N#Cc1c(N)nc(SCc2ncc[nH]2)c(C#N)c1-c1ccccc1,7.55,Ki,Ki,28.0
COc1cccc(-c2c(C#N)c(N)nc(SCc3ncc[nH]3)c2C#N)c1,6.98,Ki,Ki,105.0
N#Cc1c(N)nc(SCc2ncc[nH]2)c(C#N)c1-c1cccc(O)c1,7.68,Ki,Ki,21.0
N#Cc1c(N)nc(SCc2ncc[nH]2)c(C#N)c1-c1ccc(O)cc1,7.55,Ki,Ki,28.0
CCn1c(=O)c2c(nc3ccccn32)n(Cc2ccccc2)c1=O,6.23,Ki,Ki,584.0
C=CCn1c(=O)c2c(nc3ccccn32)n(Cc2ccccc2)c1=O,6.79,Ki,Ki,161.0
CCNC(=O)[C@H]1O[C@@H](n2cnc3c(N)nc(NCCc4ccc(CCC(=O)O)cc4)nc32)[C@H](O)[C@@H]1O,7.57,Ki,Ki,27.1
CCCn1c(=O)c2c(nc3ccccn32)n(Cc2ccccc2)c1=O,6.92,Ki,Ki,119.0
CCOC(=O)c1cnc2c(cnn2CC(Cl)c2ccccc2)c1N1CCN(C)CC1,5.67,Ki,Ki,2140.0
CNC(=O)[C@H]1O[C@@H](n2cnc3c(NCc4cccc(I)c4)ncnc32)[C@H](O)[C@@H]1O,5.6,Ki,Ki,2520.0
CCCn1c(=O)c2c(nc3cc(C(C)(C)C)ccn32)n(Cc2ccccc2)c1=O,6.42,Ki,Ki,385.0
O=c1c2c(nc3ccccn32)n(Cc2ccccc2)c(=O)n1Cc1ccccc1,4.59,Ki,Ki,25800.0
O=c1c2c(nc3ccccn32)n(Cc2ccccc2)c(=O)n1CC1CC1,6.62,Ki,Ki,242.0
C#CCn1c(=O)c2c(nc3ccccn32)n(Cc2ccccc2)c1=O,7.02,Ki,Ki,96.0
Nc1nc(-c2cnn(CCc3ccccc3)c2)nc2c1ncn2[C@@H]1O[C@H](CO)[C@@H](O)[C@H]1O,5.23,Ki,Ki,5.9
CCn1cc2c(nc(NC(=O)Nc3ccc(OC)cc3)n3nc(-c4ccco4)nc23)n1,5.98,Ki,Ki,1045.0
Cc1ccc2c(O)cc(-c3ccccc3F)nc2n1,6.33,Ki,Ki,470.0
C[C@@H](Cc1ccccc1)Nc1ncnc2c1ncn2[C@@H]1O[C@H](CO)[C@@H](O)[C@H]1O,5.75,Ki,Ki,1800.0
Cc1ccc2c(O)cc(-c3ccccc3)nc2n1,6.34,Ki,Ki,460.0
Oc1cc(-c2ccccc2)nc2nc(Cl)ccc12,7.0,Ki,Ki,100.0
Nc1nc(N/N=C\C2CCCCC2)nc2c1ncn2[C@@H]1O[C@H](CO)[C@@H](O)[C@H]1O,7.7,Ki,Ki,20.0
Cc1ccc2c(N)cc(-c3ccccc3)nc2n1,6.38,Ki,Ki,420.0
Nc1nc(-n2cc(C(=O)NCc3ccc(Cl)cc3)cn2)nc2c1ncn2[C@@H]1O[C@H](CO)[C@@H](O)[C@H]1O,6.15,Ki,Ki,0.71
CNC(=O)c1cnn(-c2nc(N)c3ncn([C@@H]4O[C@H](CO)[C@@H](O)[C@H]4O)c3n2)c1,5.95,Ki,Ki,1.12
CCCNC(=O)c1cnn(-c2nc(N)c3ncn([C@@H]4O[C@H](CO)[C@@H](O)[C@H]4O)c3n2)c1,6.92,Ki,Ki,0.12
Cc1ccc2c(N(C)C)cc(-c3ccccc3)nc2n1,5.16,Ki,Ki,7000.0
Nc1nc(-n2cc(C(=O)NC3CCCC3)cn2)nc2c1ncn2[C@@H]1O[C@H](CO)[C@@H](O)[C@H]1O,6.42,Ki,Ki,0.38
Cc1ccc2c(O)cc(-c3ccc([N+](=O)[O-])cc3)nc2n1,6.34,Ki,Ki,460.0
CCOC(=O)CNC(=O)c1cnn(-c2nc(N)c3ncn([C@@H]4O[C@H](CO)[C@@H](O)[C@H]4O)c3n2)c1,6.01,Ki,Ki,0.98
Nc1nc(-c2cnn(Cc3ccccc3)c2)nc2c1ncn2[C@@H]1O[C@H](CO)[C@@H](O)[C@H]1O,5.8,Ki,Ki,1.58
NC(=O)c1cnn(-c2nc(N)c3ncn([C@@H]4O[C@H](CO)[C@@H](O)[C@H]4O)c3n2)c1,5.87,Ki,Ki,1.35
OC[C@H]1O[C@@H](n2cnc3c(NC4CCCC4)ncnc32)[C@H](O)[C@@H]1O,6.41,Ki,Ki,390.0
Oc1cc(-c2ccccc2)nc2nc(F)ccc12,6.77,Ki,Ki,170.0
Nc1nc(-c2cnn(CCCc3ccccc3)c2)nc2c1ncn2[C@@H]1O[C@H](CO)[C@@H](O)[C@H]1O,5.78,Ki,Ki,1.66
COc1ccc2c(O)cc(-c3ccccc3)nc2n1,5.85,Ki,Ki,1400.0
COc1ccc(-c2cnn(-c3nc(N)c4ncn([C@@H]5O[C@H](CO)[C@@H](O)[C@H]5O)c4n3)c2)cc1,6.25,Ki,Ki,0.56
CC(C)n1cc(-c2nc(N)c3ncn([C@@H]4O[C@H](CO)[C@@H](O)[C@H]4O)c3n2)cn1,5.0,Ki,Ki,10.0
CCCn1c(=O)c2[nH]c(-c3ccc(OCC(=O)NCCN)cc3)nc2n(CCC)c1=O,7.2,Ki,Ki,63.0
CCCCCn1cc(-c2nc(N)c3ncn([C@@H]4O[C@H](CO)[C@@H](O)[C@H]4O)c3n2)cn1,5.67,Ki,Ki,2.14
Nc1nc(-c2cnn(CC3CCCCC3)c2)nc2c1ncn2[C@@H]1O[C@H](CO)[C@@H](O)[C@H]1O,6.06,Ki,Ki,0.88
CCOC(=O)c1cnn(-c2nc(N)c3ncn([C@@H]4O[C@H](CO)[C@@H](O)[C@H]4O)c3n2)c1,5.89,Ki,Ki,1.28
Cc1ccc(-c2cnn(-c3nc(N)c4ncn([C@@H]5O[C@H](CO)[C@@H](O)[C@H]5O)c4n3)c2)cc1,6.31,Ki,Ki,0.49
Nc1ccc2c(O)cc(-c3ccccc3)nc2n1,5.23,Ki,Ki,5900.0
Nc1nc(-n2cc(-c3ccc(Cl)cc3)cn2)nc2c1ncn2[C@@H]1O[C@H](CO)[C@@H](O)[C@H]1O,5.95,Ki,Ki,1.12
Nc1nc(-c2cnn(CCC3CCCCC3)c2)nc2c1ncn2[C@@H]1O[C@H](CO)[C@@H](O)[C@H]1O,5.46,Ki,Ki,3.43
Cc1ccc2c(S)cc(-c3ccccc3)nc2n1,5.9,Ki,Ki,1250.0
Oc1cc(-c2ccccc2)nc2nc(Br)ccc12,7.18,Ki,Ki,66.0
Oc1cc(-c2ccccc2)nc2nc(Oc3ccccc3)ccc12,5.72,Ki,Ki,1900.0
CCNC(=O)c1cnn(-c2nc(N)c3ncn([C@@H]4O[C@H](CO)[C@@H](O)[C@H]4O)c3n2)c1,6.42,Ki,Ki,0.38
CC(C)(C)c1ccc(Cn2cc(-c3nc(N)c4ncn([C@@H]5O[C@H](CO)[C@@H](O)[C@H]5O)c4n3)cn2)cc1,5.62,Ki,Ki,2.42
OC[C@H]1O[C@@H](n2cnc3c(NC4CCCCC4)ncnc32)[C@H](O)[C@@H]1O,6.12,Ki,Ki,750.0
CCCn1cc2c(nc(NC(=O)Nc3ccc(OC)cc3)n3nc(-c4ccco4)nc23)n1,6.85,Ki,Ki,141.0
Cc1ccc2c(NN)cc(-c3ccccc3)nc2n1,5.75,Ki,Ki,1800.0
C[C@H](Cc1ccccc1)Nc1ncnc2c1ncn2[C@@H]1O[C@H](CO)[C@@H](O)[C@H]1O,6.12,Ki,Ki,750.0
CN(C)C(=O)c1cnn(-c2nc(N)c3ncn([C@@H]4O[C@H](CO)[C@@H](O)[C@H]4O)c3n2)c1,6.36,Ki,Ki,0.44
Cc1ccc2c(O)cc(-c3ccc(F)cc3)nc2n1,6.2,Ki,Ki,630.0
C=CCCCn1cc(-c2nc(N)c3ncn([C@@H]4O[C@H](CO)[C@@H](O)[C@H]4O)c3n2)cn1,5.77,Ki,Ki,1.71
Nc1nc(-c2cnn(CCCC3CCCCC3)c2)nc2c1ncn2[C@@H]1O[C@H](CO)[C@@H](O)[C@H]1O,5.17,Ki,Ki,6.68
Cc1ccc2c(NC3CCCCC3)cc(-c3ccccc3)nc2n1,6.08,Ki,Ki,830.0
CCNC(=O)[C@H]1O[C@@H](n2cnc3c(N)ncnc32)[C@H](O)[C@@H]1O,7.8,Ki,Ki,16.0
CCCn1c(=O)c2c(nc(/C=C/c3ccc(OC)c(OC)c3)n2C)n(CCC)c1=O,9.0,IC50,IC50,0.001
CCCn1c(=O)c2c(nc(/C=C/c3ccc(OC)c(OC)c3)n2C)n(CCC)c1=O,7.15,Ki,Ki,0.071
CCCCc1nc2[nH]cnc2c2nc(-c3ccc(C(F)(F)F)cc3)nn12,7.51,Ki,Ki,31.0
Nc1nc2c(cnn2CCCc2ccc(N(CCO)CCO)cc2)c2nc(-c3ccco3)nn12,8.96,Ki,Ki,1.1
Cn1c(-c2cccc(C#N)c2)nc2c(N)nc(C#CC3(O)CCCCC3)nc21,7.89,Ki,Ki,0.013
Nc1nc2c(cnn2CCCc2ccc3c(c2)OC(C(=O)[O-])(C(=O)[O-])O3)c2nc(-c3ccco3)nn12.[Na+].[Na+],6.92,Ki,Ki,120.0
N/C(=N\O)c1ccc(CCn2ncc3c2nc(N)n2nc(-c4ccco4)nc32)cc1,9.74,Ki,Ki,0.18
NCc1ccc(CCCn2ncc3c2nc(N)n2nc(-c4ccco4)nc32)cc1,9.89,Ki,Ki,0.13
CCOC(=O)COc1ccc(CCn2ncc3c2nc(N)n2nc(-c4ccco4)nc32)cc1,9.37,Ki,Ki,0.43
Nc1nc2c(cnn2CCCc2ccc(S(=O)(=O)O)cc2)c2nc(-c3ccco3)nn12,6.85,Ki,Ki,140.0
Cn1c(-c2cccc(F)c2)nc2c(N)nc(C#CC3(O)CCCCCC3)nc21,7.72,Ki,Ki,0.019
CCCCc1nc2[nH]cnc2c2nc(-c3ccccc3)nn12,7.15,IC50,IC50,71.0
CCCCc1nc2[nH]cnc2c2nc(-c3cccc(OC)c3)nn12,7.17,IC50,IC50,67.0
Nc1nc2c(cnn2CCc2ccc(S(=O)(=O)O)cc2)c2nc(-c3ccco3)nn12,7.0,Ki,Ki,100.0
CCCCc1nc2[nH]cnc2c2nc(-c3ccc(OCC)cc3)nn12,5.42,IC50,IC50,3800.0
CCCCc1nc2[nH]cnc2c2nc(-c3ccc(OCC)cc3)nn12,6.24,Ki,Ki,572.0
CCCn1cc2c(nc(NC(=O)Nc3ccc(OC)cc3)n3nc(-c4ccco4)nc23)n1,6.85,Ki,Ki,140.0
Cn1c(-c2ccco2)nc2c(N)nc(C#CC3(O)CCCCC3)nc21,7.96,Ki,Ki,0.011
CCCCc1nc2[nH]cnc2c2nc(Cc3ccccc3)nn12,7.33,IC50,IC50,47.0
CCCCc1nc2[nH]cnc2c2nc(-c3cccc(Cl)c3)nn12,7.25,IC50,IC50,56.0
O=C(/C=C/c1c(-c2ccccc2)nn2ccccc12)N1CCCC[C@@H]1CCO,4.95,IC50,IC50,11.3
O=C(/C=C/c1c(-c2ccccc2)nn2ccccc12)N1CCCC[C@@H]1CCO,5.89,Ki,Ki,1.3
Nc1nc2c(cnn2CCc2ccccc2)c2nc(-c3ccco3)nn12,8.96,Ki,Ki,1.1
Nc1nc2c(cnn2CCc2ccc(S(=O)(=O)N(CCCl)CCCl)cc2)c2nc(-c3ccco3)nn12,9.23,Ki,Ki,0.59
CCCc1nc2[nH]cnc2c2nc(-c3ccccc3)nn12,6.92,IC50,IC50,120.0
Nc1nc2c(cnn2CCc2ccc(S(N)(=O)=O)cc2)c2nc(-c3ccco3)nn12,8.88,Ki,Ki,1.31
CCCCc1nc2[nH]cnc2c2nc(-c3cccc(C)c3)nn12,6.73,IC50,IC50,188.0
Nc1nc2c(cnn2CCc2ccc(S(=O)(=O)N(CCO)CCO)cc2)c2nc(-c3ccco3)nn12,9.1,Ki,Ki,0.8
Nc1nc2c(cnn2CCc2ccc(S(=O)(=O)NCC(=O)O)cc2)c2nc(-c3ccco3)nn12,7.3,Ki,Ki,50.0
Nc1nc2c(cnn2CCCc2ccc([N+](=O)[O-])cc2)c2nc(-c3ccco3)nn12,9.0,Ki,Ki,1.0
N=C(N)c1ccc(CCCn2ncc3c2nc(N)n2nc(-c4ccco4)nc32)cc1,8.36,Ki,Ki,4.4
Cc1nc2[nH]cnc2c2nc(-c3ccccc3)nn12,6.26,IC50,IC50,550.0
CCOC(=O)c1ccc(CCCn2ncc3c2nc(N)n2nc(-c4ccco4)nc32)cc1,8.4,Ki,Ki,4.0
CCCCc1nc2[nH]cnc2c2nc(-c3ccccc3Cl)nn12,7.75,IC50,IC50,18.0
CCCCc1nc2[nH]cnc2c2nc(-c3ccc(C)cc3)nn12,6.75,IC50,IC50,180.0
COC(=O)C1=C2C=CN(C)C=C2c2nc(-c3ccccc3)nn2C1,4.56,IC50,IC50,27.5
CN1CCN(S(=O)(=O)c2ccc(CCn3ncc4c3nc(N)n3nc(-c5ccco5)nc43)cc2)CC1,8.42,Ki,Ki,3.8
Nc1nc2c(cnn2CCCc2ccc3c(c2)OC(C(=O)O)(C(=O)O)O3)c2nc(-c3ccco3)nn12,6.92,Ki,Ki,120.0
CCCCc1nc2[nH]cnc2c2nc(-c3ccco3)nn12,6.68,IC50,IC50,210.0
CCCCc1nc2[nH]cnc2c2nc(-c3ccc(OC)cc3)nn12,5.8,IC50,IC50,1600.0
CCCCc1nc2[nH]cnc2c2nc(-c3ccc(OC)cc3)nn12,6.05,Ki,Ki,892.0
CCCCc1nc2[nH]cnc2c2nc(-c3ccc(Br)cc3)nn12,5.48,IC50,IC50,3300.0
CCCCCc1nc2[nH]cnc2c2nc(-c3ccccc3)nn12,6.7,IC50,IC50,200.0
Nc1nc2c(cnn2CCCc2ccccc2)c2nc(-c3ccco3)nn12,8.92,Ki,Ki,1.2
Cn1c(-c2ccccc2F)nc2c(N)nc(C#CC3(O)CCCCC3)nc21,7.82,Ki,Ki,0.015
CCCCCCc1nc2[nH]cnc2c2nc(-c3ccccc3)nn12,5.11,IC50,IC50,7800.0
Nc1ccc(CCn2ncc3c2nc(N)n2nc(-c4ccco4)nc32)cc1,7.26,Ki,Ki,55.0
CCC(O)(C#Cc1nc(N)c2nc(-c3cccc(F)c3)n(C)c2n1)CC,7.89,Ki,Ki,0.013
Nc1nc2c(cnn2CCCc2ccc3c(c2)OC(CO)(CO)O3)c2nc(-c3ccco3)nn12,9.72,Ki,Ki,0.19
Nc1ccc(CCCn2ncc3c2nc(N)n2nc(-c4ccco4)nc32)cc1,9.66,Ki,Ki,0.22
Nc1nc2c(cnn2CCCc2ccc(C(=O)O)cc2)c2nc(-c3ccco3)nn12,8.33,Ki,Ki,4.63
Cn1c(-c2cccc(F)c2)nc2c(N)nc(C#CC3(O)CCCCC3)nc21,7.8,Ki,Ki,0.016
CCCCc1nc2[nH]cnc2c2nc(-c3cc(OC)c(OC)c(OC)c3)nn12,5.6,IC50,IC50,2500.0
CCCCc1nc2[nH]cnc2c2nc(-c3ccc(F)cc3)nn12,6.29,IC50,IC50,510.0
CCCCc1nc2[nH]cnc2c2nc(-c3ccc(OCCC)cc3)nn12,7.31,Ki,Ki,49.0
CCCCc1nc2[nH]cnc2c2nc(C)nn12,7.34,IC50,IC50,46.0
Cn1c(-c2cccc(F)c2)nc2c(N)nc(C#CC(C)(C)O)nc21,8.04,Ki,Ki,0.0091
CCc1nc2[nH]cnc2c2nc(-c3ccccc3)nn12,6.44,IC50,IC50,360.0
c1ccc(-c2nc3c4[nH]cnc4nc(-c4ccccc4)n3n2)cc1,7.64,IC50,IC50,23.0
CC(=O)Nc1ccc(CCn2ncc3c2nc(N)n2nc(-c4ccco4)nc32)cc1,8.32,Ki,Ki,4.8
N/C(=N/O)c1ccc(CCCn2ncc3c2nc(N)n2nc(-c4ccco4)nc32)cc1,8.22,Ki,Ki,6.0
Nc1nc2c(cnn2CCCc2cc3c(cc2S(=O)(=O)O)OCO3)c2nc(-c3ccco3)nn12,7.12,Ki,Ki,75.0
Nc1nc2c(cnn2CCc2ccc(N(CCO)CCO)cc2)c2nc(-c3ccco3)nn12,9.92,Ki,Ki,0.12
Cn1c(-c2cccc(F)c2)nc2c(N)nc(C#CC3(O)CCCC3)nc21,8.01,Ki,Ki,0.0098
CCCCc1nc2[nH]cnc2c2nc(-c3ccc(Cl)cc3)nn12,5.58,IC50,IC50,2600.0
N#Cc1ccc(CCCn2ncc3c2nc(N)n2nc(-c4ccco4)nc32)cc1,7.07,Ki,Ki,86.0
Cn1c(=O)c2nc(-c3ccccc3)[nH]c2n(C)c1=O,6.34,IC50,IC50,0.454
Nc1nc2c(cnn2CCCc2ccc3c(c2)O[C@H](C(=O)O)O3)c2nc(-c3ccco3)nn12,7.23,Ki,Ki,59.0
CCCCc1nc2[nH]cnc2c2nc(-c3ccc(N(C)C)cc3)nn12,7.31,Ki,Ki,49.0
CCCCc1nc2[nH]cnc2c2nc(-c3cccnc3)nn12,6.05,IC50,IC50,900.0
CCCCc1nc2[nH]cnc2c2nc(-c3ccc(O)cc3)nn12,7.24,IC50,IC50,58.0
CCOC(=O)[C@@H]1Oc2ccc(CCCn3ncc4c3nc(N)n3nc(-c5ccco5)nc43)cc2O1,8.26,Ki,Ki,5.48
CNC(=O)[C@@]12C[C@@H]1[C@@H](n1cnc3c(NCc4cccc(Cl)c4)nc(Cl)nc31)[C@H](O)[C@@H]2O,5.64,Ki,Ki,2300.0
CNC(=O)[C@]12C[C@@H]1[C@@H](n1cnc3c(NCc4cccc(F)c4)nc(Cl)nc31)[C@H](O)[C@@H]2O,5.29,Ki,Ki,5100.0
CNC(=O)[C@]12C[C@@H]1[C@@H](n1cnc3c(NCc4cc(Cl)ccc4Cl)nc(Cl)nc31)[C@H](O)[C@@H]2O,5.89,Ki,Ki,1300.0
CNC(=O)[C@]12C[C@@H]1[C@@H](n1cnc3c(NCc4cc(I)ccc4Cl)nc(Cl)nc31)[C@H](O)[C@@H]2O,6.32,Ki,Ki,480.0
CNC(=O)[C@@]12C[C@@H]1[C@@H](n1cnc3c(NCc4cc(Cl)ccc4OC)nc(Cl)nc31)[C@H](O)[C@@H]2O,5.92,Ki,Ki,1200.0
CNC(=O)[C@]12C[C@@H]1[C@@H](n1cnc3c(NCc4cc(Cl)ccc4OCC(N)=O)nc(Cl)nc31)[C@H](O)[C@@H]2O,6.1,Ki,Ki,800.0
CNC(=O)[C@]12C[C@@H]1[C@@H](n1cnc3c(NCc4cc(Cl)ccc4OCc4ccccc4)nc(Cl)nc31)[C@H](O)[C@@H]2O,6.07,Ki,Ki,850.0
CNC(=O)[C@]12C[C@@H]1[C@@H](n1cnc3c(NCc4cc(I)ccc4OC)nc(Cl)nc31)[C@H](O)[C@@H]2O,6.37,Ki,Ki,430.0
CNC(=O)[C@]12C[C@@H]1[C@@H](n1cnc3c(NCc4ccc(N)c(I)c4)nc(Cl)nc31)[C@H](O)[C@@H]2O,5.96,Ki,Ki,1100.0
CNC(=O)[C@]12C[C@@H]1[C@@H](n1cnc3c(NC4CC4c4ccccc4)nc(Cl)nc31)[C@H](O)[C@@H]2O,5.32,Ki,Ki,4800.0
CNC(=O)[C@]12C[C@@H]1[C@@H](n1cnc3c(NCC(c4ccccc4)c4ccccc4)nc(Cl)nc31)[C@H](O)[C@@H]2O,5.8,Ki,Ki,1600.0
CNC(=O)[C@]12C[C@@H]1[C@@H](n1cnc3c(NCc4ccccc4C)nc(Cl)nc31)[C@H](O)[C@@H]2O,5.42,Ki,Ki,3800.0
CNC(=O)[C@]12C[C@@H]1[C@@H](n1cnc3c(NCc4cccc(C)c4)nc(Cl)nc31)[C@H](O)[C@@H]2O,5.43,Ki,Ki,3700.0
OC[C@H]1O[C@@H](n2cnc3c(NC4CCCC4)ncnc32)[C@H](O)[C@@H]1O,6.1,Ki,Ki,790.0
CCCn1c(=O)c2[nH]c(C3CCCC3)nc2n(CCC)c1=O,6.89,Ki,Ki,129.0
CCCn1c(=O)c2nc(-c3ccc(OCc4noc(-c5ccc(C(F)(F)F)cc5)n4)cc3)[nH]c2n(CCC)c1=O,5.31,Ki,Ki,4910.0
Cn1c(=O)c2nc[nH]c2n(C)c1=O.O,9.22,Ki,Ki,0.6
CCCn1c(=O)c2nc(-c3ccc(OCc4nc(-c5cccc(Cl)c5)no4)cc3)[nH]c2n(CCC)c1=O,6.39,Ki,Ki,407.0
CCCn1c(=O)c2nc(-c3ccc(OCc4nc(-c5ccccc5C(F)(F)F)no4)cc3)[nH]c2n(CCC)c1=O,5.5,Ki,Ki,3140.0
CCCn1c(=O)c2nc(-c3ccc(OCc4noc(-c5ccc(C)cc5)n4)cc3)[nH]c2n(CCC)c1=O,6.0,Ki,Ki,1010.0
CCCn1c(=O)c2nc(-c3ccc(OCc4noc(-c5ccccc5OC)n4)cc3)[nH]c2n(CCC)c1=O,5.53,Ki,Ki,2940.0
CCCn1c(=O)c2nc(-c3ccc(OCc4noc(-c5ccccc5OC)n4)cc3)[nH]c2n(CCC)c1=O,7.64,Ki,Ki,23.0
CNC(=O)[C@H]1O[C@@H](n2cnc3c(NCc4cccc(I)c4)ncnc32)[C@H](O)[C@@H]1O,5.54,Ki,Ki,2910.0
CNC(=O)[C@H]1O[C@@H](n2cnc3c(NCc4cccc(I)c4)nc(Cl)nc32)[C@H](O)[C@@H]1O,5.27,Ki,Ki,5360.0
CCn1nnc([C@H]2O[C@@H](n3cnc4c(N)nc(N[C@H](CO)Cc5ccccc5)nc43)[C@H](O)[C@@H]2O)n1,7.34,Ki,Ki,46.0
CCn1nnc([C@H]2O[C@@H](n3cnc4c(N)nc(N[C@H](CO)Cc5ccc(Cl)cc5)nc43)[C@H](O)[C@@H]2O)n1,6.57,Ki,Ki,270.0
CCn1nnc([C@H]2O[C@@H](n3cnc4c(N)nc(N[C@H](CO)Cc5ccc(Br)cc5)nc43)[C@H](O)[C@@H]2O)n1,8.3,Ki,Ki,5.0
CCn1nnc([C@H]2O[C@@H](n3cnc4c(N)nc(N[C@H](CO)Cc5ccc(OC)cc5)nc43)[C@H](O)[C@@H]2O)n1,7.42,Ki,Ki,38.0
CCn1nnc([C@H]2O[C@@H](n3cnc4c(N)nc(N[C@H](CO)Cc5ccc(O)cc5)nc43)[C@H](O)[C@@H]2O)n1,8.3,Ki,Ki,5.0
CCn1nnc([C@H]2O[C@@H](n3cnc4c(N)nc(N[C@H](CO)Cc5ccc([N+](=O)[O-])cc5)nc43)[C@H](O)[C@@H]2O)n1,7.32,Ki,Ki,48.0
CCn1nnc([C@H]2O[C@@H](n3cnc4c(N)nc(N[C@H](C)Cc5ccc(OC)cc5)nc43)[C@H](O)[C@@H]2O)n1,9.0,Ki,Ki,1.0
CCNC(=O)[C@H]1O[C@@H](n2cnc3c(N)ncnc32)[C@H](O)[C@@H]1O,6.89,Ki,Ki,130.0
CCNC(=O)[C@H]1O[C@@H](n2cnc3c(N)nc(NCCc4ccc(CCC(=O)O)cc4)nc32)[C@H](O)[C@@H]1O,7.3,Ki,Ki,50.0
Cn1nc(C(F)(F)F)c(CN2CCN(c3nc(N)n4nc(-c5ccco5)nc4n3)CC2)c1Cl,7.0,Ki,Ki,100.0
CNC(=O)[C@H]1O[C@@H](n2cnc3c(NCc4cccc(I)c4)ncnc32)[C@H](O)[C@@H]1O,7.25,Ki,Ki,56.0
CNC(=O)[C@H]1O[C@@H](n2cnc3c(NCc4cccc(I)c4)nc(Cl)nc32)[C@H](O)[C@@H]1O,5.27,Ki,Ki,5360.0
Nc1nc(C#Cc2ccccc2)nc2c1ncn2[C@@H]1O[C@H](CO)[C@@H](O)[C@H]1O,6.44,Ki,Ki,363.0
CNc1nc(C#Cc2ccccc2)nc2c1ncn2[C@@H]1O[C@H](CO)[C@@H](O)[C@H]1O,5.07,Ki,Ki,8530.0
CNC(=O)c1cnn(-c2nc(N)c3ncn([C@@H]4O[C@H](CO)[C@@H](O)[C@H]4O)c3n2)c1,6.53,Ki,Ki,297.0
COc1ccc(-c2cnn(-c3nc(N)c4ncn([C@@H]5O[C@H](CO)[C@@H](O)[C@H]5O)c4n3)c2)cc1,6.72,Ki,Ki,190.0
Nc1nc(-c2cnn(Cc3ccccc3)c2)nc2c1ncn2[C@@H]1O[C@H](CO)[C@@H](O)[C@H]1O,8.82,Ki,Ki,1.5
CNc1nc(-n2cc(C(=O)NCc3ccc(Cl)cc3)cn2)nc2c1ncn2C1O[C@H](CO)[C@@H](O)[C@H]1O,5.4,Ki,Ki,4000.0
CCNc1nc(-n2cc(-c3ccc(OC)cc3)cn2)nc2c1ncn2[C@@H]1O[C@H](CO)[C@@H](O)[C@H]1O,5.4,Ki,Ki,4000.0
CCCNc1nc(-n2cc(-c3ccc(OC)cc3)cn2)nc2c1ncn2C1O[C@H](CO)[C@@H](O)[C@H]1O,5.48,Ki,Ki,3300.0
COc1ccc(-c2cnn(-c3nc(NCc4cccc(I)c4)c4ncn(C5O[C@H](CO)[C@@H](O)[C@H]5O)c4n3)c2)cc1,5.4,Ki,Ki,4000.0
CCNc1nc(-n2cc(-c3ccccn3)cn2)nc2c1ncn2[C@@H]1O[C@H](CO)[C@@H](O)[C@H]1O,5.75,Ki,Ki,1800.0
OC[C@H]1OC(n2cnc3c(NCc4cccc(I)c4)nc(-n4cc(-c5nccc6ccccc56)cn4)nc32)[C@H](O)[C@@H]1O,7.28,Ki,Ki,52.0
CNc1nc(-n2cc(-c3cccnc3)cn2)nc2c1ncn2C1O[C@H](CO)[C@@H](O)[C@H]1O,5.39,Ki,Ki,4100.0
CNc1nc(-n2cc(-c3nc4ccccc4o3)cn2)nc2c1ncn2C1O[C@H](CO)[C@@H](O)[C@H]1O,5.6,Ki,Ki,2500.0
CNC(=O)[C@H]1O[C@@H](n2cnc3c(NCc4cccc(I)c4)ncnc32)[C@H](O)[C@@H]1O,7.25,Ki,Ki,56.0
CNC(=O)[C@H]1O[C@@H](n2cnc3c(NCc4cccc(I)c4)nc(Cl)nc32)[C@H](O)[C@@H]1O,6.35,Ki,Ki,448.0
CCNC(=O)[C@H]1O[C@@H](n2cnc3c(N)ncnc32)[C@H](O)[C@@H]1O,7.91,Ki,Ki,12.2
CCNC(=O)[C@H]1O[C@@H](n2cnc3c(NC(=O)Nc4ccc(S(N)(=O)=O)cc4)ncnc32)[C@H](O)[C@@H]1O,7.02,Ki,Ki,95.2
c1nc2nc(Nc3ccc(N4CCOCC4)cc3)nc(NC3CC4CCC3C4)c2[nH]1,4.41,Ki,Ki,39.0
c1ccc(Nc2nc3ncnc-3c(NC3CCCCC3)[nH]2)cc1,5.77,Ki,Ki,1.7
CN(C)c1ccc(Nc2nc(NC3CCCCC3)c3[nH]cnc3n2)cc1,5.21,Ki,Ki,6.1
c1ccc(Nc2nc3ncnc-3c(NC3CCCCCC3)[nH]2)cc1,5.38,Ki,Ki,4.12
c1ccc(Nc2nc3ncnc-3c(NC3CCCCCCC3)[nH]2)cc1,4.34,Ki,Ki,46.0
c1ccc(Nc2nc(NC3CC4CCC3C4)c3nc[nH]c3n2)cc1,5.11,Ki,Ki,7.73
c1ccc(Oc2nc3ncnc-3c(NC3CCCCC3)[nH]2)cc1,4.8,Ki,Ki,16.0
c1ccc(Sc2nc3ncnc-3c(NC3CCCCC3)[nH]2)cc1,4.85,Ki,Ki,14.0
Cn1cnc2c(NC3CCCCC3)nc(Nc3ccccc3)nc21,5.92,Ki,Ki,1.2
Cn1cnc2c(NC3CCCCCC3)nc(Nc3ccccc3)nc21,5.53,Ki,Ki,2.95
Nc1nc(-c2ccco2)c2ncn(-c3ccccc3)c2n1,7.16,Ki,Ki,68.5
Nc1nc(-c2ccco2)c2ncn(Cc3ccccc3)c2n1,7.46,Ki,Ki,34.9
Nc1nc(-c2ccco2)c2ncn(CCc3ccccc3)c2n1,6.57,Ki,Ki,270.5
Nc1nc(-c2ccco2)c2ncn(CCCc3ccccc3)c2n1,8.17,Ki,Ki,6.8
CC(c1ccccc1)n1cnc2c(-c3ccco3)nc(N)nc21,6.42,Ki,Ki,381.0
COc1ccccc1Cn1cnc2c(-c3ccco3)nc(N)nc21,7.66,Ki,Ki,22.0
COc1cccc(Cn2cnc3c(-c4ccco4)nc(N)nc32)c1,7.91,Ki,Ki,12.3
COc1ccc(Cn2cnc3c(-c4ccco4)nc(N)nc32)cc1,8.11,Ki,Ki,7.7
CC(C)c1ccc(Cn2cnc3c(-c4ccco4)nc(N)nc32)cc1,8.0,Ki,Ki,10.0
Nc1nc(-c2ccco2)c2ncn(Cc3ccc(Cl)cc3)c2n1,7.67,Ki,Ki,21.5
Nc1nc(-c2ccco2)c2ncn(Cc3ccc(C(F)(F)F)cc3)c2n1,7.69,Ki,Ki,20.5
Nc1nc(-c2ccco2)c2ncn(Cc3c(F)cccc3F)c2n1,8.35,Ki,Ki,4.5
Nc1nc(-c2ccco2)c2ncn(Cc3c(F)cc(F)cc3F)c2n1,7.58,Ki,Ki,26.0
Nc1nc(-c2ccco2)c2ncn(Cc3ccc(C(F)(F)F)c(F)c3)c2n1,8.06,Ki,Ki,8.7
Nc1nc(-c2ccco2)c2ncn(Cc3ccc(C(F)(F)F)cc3F)c2n1,8.55,Ki,Ki,2.8
Nc1nc(-c2ccco2)c2ncn(Cc3cc4c(cc3Cl)OCO4)c2n1,8.2,Ki,Ki,6.3
Nc1nc(-c2ccco2)c2ncn(Cc3c(Cl)cccc3Cl)c2n1,8.15,Ki,Ki,7.1
Nc1nc(-c2ccco2)c2ncn(Cc3cccc4ccccc34)c2n1,8.25,Ki,Ki,5.6
Nc1nc(-c2ccco2)c2ncn(Cc3ccc4ccccc4c3)c2n1,8.85,Ki,Ki,1.4
Nc1nc(-c2ccco2)c2ncn(Cc3ccccc3CS(=O)(=O)c3ccccc3)c2n1,8.51,Ki,Ki,3.1
Nc1nc2c(cnn2CCc2ccccc2)c2nc(-c3ccco3)nn12,8.37,Ki,Ki,4.3
C[C@@]1(O)[C@H](O)[C@@H](CO)O[C@H]1n1cnc2c(NCc3cccc(I)c3)ncnc21,6.33,Ki,Ki,470.0
C[C@@]1(O)[C@@H](CO)O[C@@H](n2cnc3c(NCc4cccc(I)c4)nc(Cl)nc32)[C@@H]1O,5.5,Ki,Ki,3200.0
CNC(=O)[C@H]1O[C@@H](n2cnc3c(NCc4cccc(I)c4)nc(Cl)nc32)[C@](C)(O)[C@@H]1O,5.56,Ki,Ki,2780.0
CNC(=O)[C@H]1O[C@@H](n2cnc3c(NCc4cccc(I)c4)nc(NC)nc32)[C@H](O)[C@]1(C)O,5.4,Ki,Ki,4000.0
C[C@@]1(O)[C@H](O)[C@@H](CO)O[C@H]1n1cnc2c(N)ncnc21,5.24,Ki,Ki,5800.0
C[C@]1(O)C(n2cnc3c(N)nc(Cl)nc32)O[C@H](CO)[C@H]1O,5.31,Ki,Ki,4890.0
C[C@@]1(O)[C@H](O)[C@@H](CO)O[C@H]1n1cnc2c(NC3CCCC3)ncnc21,5.12,Ki,Ki,7560.0
C[C@@]1(O)[C@H](O)[C@@H](CO)O[C@H]1n1cnc2c(NC3CCCC3)nc(Cl)nc21,5.34,Ki,Ki,4560.0
C[C@@]1(O)[C@H](O)[C@@H](CO)O[C@H]1n1cnc2c(NC3CCCC3)nc(Cl)nc21,5.02,Ki,Ki,9580.0
OC[C@H]1O[C@@H](n2cnc3c(NCc4cccc(I)c4)ncnc32)[C@H](O)[C@@H]1O,6.92,Ki,Ki,121.0
C[C@@]1(O)[C@H](O)[C@@H](CO)O[C@H]1n1cnc2c(NCc3cccc(I)c3)ncnc21,6.17,Ki,Ki,680.0
CCNC(=O)[C@H]1O[C@@H](n2cnc3c(N)ncnc32)[C@H](O)[C@@H]1O,7.8,Ki,Ki,16.0
CCNC(=O)[C@H]1O[C@@H](n2cnc3c(N)ncnc32)[C@](C)(O)[C@@H]1O,6.66,Ki,Ki,220.0
CNC(=O)[C@H]1O[C@@H](n2cnc3c(NCc4cccc(I)c4)ncnc32)[C@H](O)[C@@H]1O,7.4,Ki,Ki,40.0
CNC(=O)[C@H]1O[C@@H](n2cnc3c(NCc4cccc(I)c4)nc(Cl)nc32)[C@H](O)[C@@H]1O,6.4,Ki,Ki,401.0
CNC(=O)[C@H]1O[C@@H](n2cnc3c(NCc4cccc(I)c4)ncnc32)[C@](C)(O)[C@@H]1O,5.9,Ki,Ki,1260.0
O[C@@H]1[C@H](O)[C@@H](O)O[C@H]1n1cnc2c(NC3CCCC3)nc(Cl)nc21,5.64,Ki,Ki,2300.0
OC[C@H]1O[C@@H](n2cnc3c(NCc4cccc(I)c4)ncnc32)[C@H](O)[C@@H]1O,6.85,Ki,Ki,140.0
OC[C@H]1O[C@@H](n2cnc3c(NCc4cccc(I)c4)nc(Cl)nc32)[C@H](O)[C@@H]1O,6.7,Ki,Ki,200.0
OC[C@H]1O[C@@H](n2cnc3c(NCc4cccc(Cl)c4)ncnc32)[C@H](O)[C@@H]1O,5.85,Ki,Ki,1400.0
COc1ccc(Cl)cc1CNc1ncnc2c1ncn2[C@@H]1O[C@H](CO)[C@@H](O)[C@H]1O,6.4,Ki,Ki,400.0
OC[C@H]1O[C@@H](n2cnc3c(NC4CC4c4ccccc4)ncnc32)[C@H](O)[C@@H]1O,5.6,Ki,Ki,2500.0
Cc1ccccc1CNc1ncnc2c1ncn2[C@@H]1O[C@H](CO)[C@@H](O)[C@H]1O,6.12,Ki,Ki,760.0
OC[C@H]1O[C@@H](n2cnc3c(NCc4cccnc4)ncnc32)[C@H](O)[C@@H]1O,5.64,Ki,Ki,2300.0
OC[C@H]1O[C@@H](n2cnc3c(NCC(c4ccccc4)c4ccccc4)ncnc32)[C@H](O)[C@@H]1O,6.29,Ki,Ki,510.0
CNC(=O)[C@H]1O[C@@H](n2cnc3c(NCc4cccc(I)c4)ncnc32)[C@H](O)[C@@H]1O,5.54,Ki,Ki,2900.0
CNC(=O)[C@H]1O[C@@H](n2cnc3c(NCc4cccc(I)c4)nc(Cl)nc32)[C@H](O)[C@@H]1O,5.27,Ki,Ki,5400.0
OC[C@@]12C[C@@H]1[C@@H](n1cnc3c(NCc4cccc(I)c4)ncnc31)[C@H](O)[C@@H]2O,6.07,Ki,Ki,860.0
OC[C@@]12C[C@@H]1[C@@H](n1cnc3c(NCc4cccc(I)c4)nc(Cl)nc31)[C@H](O)[C@@H]2O,5.8,Ki,Ki,1600.0
CNC(=O)[C@@]12C[C@@H]1[C@@H](n1cnc3c(NCc4cccc(I)c4)ncnc31)[C@H](O)[C@@H]2O,5.21,Ki,Ki,6200.0
CNC(=O)[C@@]12C[C@@H]1[C@@H](n1cnc3c(NCc4cccc(I)c4)nc(Cl)nc31)[C@H](O)[C@@H]2O,6.11,Ki,Ki,784.0
CNC(=O)[C@]12C[C@@H]1[C@@H](n1cnc3c(NCc4cccc(Br)c4)nc(Cl)nc31)[C@H](O)[C@@H]2O,5.89,Ki,Ki,1300.0
N#Cc1cccc(-c2nc(NC(=O)O)sc2-n2cncn2)c1,5.25,Ki,Ki,5610.0
N#Cc1cccc(-c2nc(Nc3ccccn3)sc2-n2cncn2)c1,5.7,Ki,Ki,2020.0
N#Cc1cccc(-c2nc(Nc3cccnc3)sc2-n2cncn2)c1,5.59,Ki,Ki,2570.0
N#Cc1cccc(-c2nc(Nc3ccncc3)sc2-n2cncn2)c1,5.38,Ki,Ki,4160.0
N#Cc1cccc(-c2nc(Nc3cnccn3)sc2-n2cncn2)c1,5.45,Ki,Ki,3580.0
N#Cc1cccc(-c2nc(Nc3cccnc3)sc2-n2ccnc2)c1,5.57,Ki,Ki,2700.0
Cc1cccnc1Nc1nc(-c2cccc(C#N)c2)c(-n2ccnc2)s1,5.57,Ki,Ki,2700.0
N#Cc1cccc(-c2nc(Nc3cnccn3)sc2-n2ccnc2)c1,6.46,Ki,Ki,349.0
Cc1cccc(Nc2nc(-c3cccc(C#N)c3)c(-n3ccnc3C)s2)n1,6.76,Ki,Ki,175.0
Cc1nccn1-c1sc(Nc2cnccn2)nc1-c1cccc(C#N)c1,5.78,Ki,Ki,1670.0
Nc1nc2c(cnn2CCc2ccccc2)c2nc(-c3ccco3)nn12,8.64,Ki,Ki,2.3
Nc1nc(NCCc2ccc(O)cc2)nc2nc(-c3ccco3)nn12,9.52,Ki,Ki,0.3
Cc1ccc2c(O)c(Cc3ccccc3)cnc2n1,5.48,Ki,Ki,3330.0
Cc1ccc2c(N=[N+]=[N-])c(Cc3ccccc3)cnc2n1,5.47,Ki,Ki,3360.0
Cc1ccc2c(N=[N+]=[N-])c(Cc3ccccc3)cnc2n1,5.27,Ki,Ki,5360.0
Cc1ccc2c(S)c(Cc3ccccc3)cnc2n1,5.04,Ki,Ki,9140.0
Cc1ccc2c(NN)c(Cc3ccccc3)cnc2n1,6.14,Ki,Ki,720.0
Cc1ccc2c(O)c(Cc3ccccc3Cl)cnc2n1,6.01,Ki,Ki,980.0
Cc1ccc2c(O)c(C(=O)NCc3ccccc3)cnc2n1,7.3,Ki,Ki,50.0
Cc1ccc2c(O)c(C(=O)NCc3ccccc3)cnc2n1,7.52,Ki,Ki,30.0
Cc1ccc2c(O)c(C(=O)NCc3ccc(Cl)cc3)cnc2n1,6.68,Ki,Ki,210.0
Cc1ccc2c(O)c(C(=O)NCc3ccc(Cl)cc3)cnc2n1,6.82,Ki,Ki,150.0
Cc1ccc2c(O)c(C(=O)NN3CCOCC3)cnc2n1,5.06,Ki,Ki,8660.0
Cc1ccc2c(O)c(C(=O)NN3CCN(C)CC3)cnc2n1,5.54,Ki,Ki,2868.0
Cc1ccc2c(O)c(C(=O)NN3CCN(C)CC3)cnc2n1,5.76,Ki,Ki,1750.0
Cc1ccc2c(O)c(C(=O)NC3CCCCC3)cnc2n1,6.03,Ki,Ki,930.0
Cc1ccc2c(O)c(C(=O)NC3CCCCC3)cnc2n1,6.08,Ki,Ki,830.0
Cc1ccc2c(O)c(C(=O)NC3CCC(C)CC3)cnc2n1,6.41,Ki,Ki,390.0
Cc1ccc2c(O)c(C(=O)NC3CCC(C)CC3)cnc2n1,6.44,Ki,Ki,360.0
Cc1ccc2c(O)c(C(=O)NCCC(C)C)cnc2n1,5.84,Ki,Ki,1430.0
Cc1ccc2c(O)c(C(=O)NCCC(C)C)cnc2n1,6.19,Ki,Ki,640.0
Cc1ccc2c(O)c(C(=O)NCc3ccc(F)cc3)cnc2n1,6.7,Ki,Ki,200.0
Cc1ccc2c(O)c(C(=O)NCc3ccc(F)cc3)cnc2n1,6.94,Ki,Ki,115.0
COc1ccc(CNC(=O)c2cnc3nc(C)ccc3c2O)cc1,6.13,Ki,Ki,740.0
COc1ccc(CNC(=O)c2cnc3nc(C)ccc3c2O)cc1,5.62,Ki,Ki,2405.0
Cc1ccc(CNC(=O)c2cnc3nc(C)ccc3c2O)cc1,6.73,Ki,Ki,185.0
Cc1ccc(CNC(=O)c2cnc3nc(C)ccc3c2O)cc1,6.8,Ki,Ki,159.0
Cc1ccc2c(O)c(C(=O)NCCc3ccccc3)cnc2n1,6.85,Ki,Ki,140.0
Cc1ccc2c(O)c(C(=O)NCCc3ccccc3)cnc2n1,6.82,Ki,Ki,150.0
Cc1ccc2c(O)c(C(=O)NCc3ccco3)cnc2n1,7.35,Ki,Ki,45.0
Cc1ccc2c(O)c(C(=O)NCc3ccco3)cnc2n1,7.46,Ki,Ki,35.0
Cc1ccc2c(O)c(C(=O)NC(C)c3ccccc3)cnc2n1,6.92,Ki,Ki,120.0
Cc1ccc2c(O)c(C(=O)NC(C)c3ccccc3)cnc2n1,6.94,Ki,Ki,115.0
Cc1ccc2c(O)c(C(=O)NCc3ccc([N+](=O)[O-])cc3)cnc2n1,7.0,Ki,Ki,99.0
Cc1ccc2c(O)c(C(=O)NCc3ccc(N)cc3)cnc2n1,6.84,Ki,Ki,146.0
CC(=O)N(C(C)=O)c1ccc(CNC(=O)c2cnc3nc(C)ccc3c2O)cc1,5.78,Ki,Ki,1644.0
Cc1ccc2c(O)c(C(=O)NCc3ccc(NC(=O)c4ccccc4)cc3)cnc2n1,6.23,Ki,Ki,588.0
Cc1ccc2c(O)c(CC(=O)NC3CCCCC3)cnc2n1,5.15,Ki,Ki,7140.0
Cc1ccc2c(O)c(CC(=O)NCc3ccccc3)cnc2n1,6.06,Ki,Ki,870.0
Nc1ccc2c(O)c(C(=O)NCc3ccc(Cl)cc3)cnc2n1,6.27,Ki,Ki,540.0
Nc1ccc2c(O)c(C(=O)NCc3ccc(Cl)cc3)cnc2n1,6.3,Ki,Ki,500.0
Nc1ccc2c(O)c(C(=O)NCc3ccccc3)cnc2n1,6.52,Ki,Ki,300.0
Nc1ccc2c(O)c(C(=O)NCc3ccccc3)cnc2n1,6.8,Ki,Ki,160.0
CC(=O)Nc1ccc2c(O)c(C(=O)NCc3ccccc3)cnc2n1,5.17,Ki,Ki,6780.0
O=C(NCc1ccccc1)c1cnc2nc(Cl)ccc2c1O,7.17,Ki,Ki,67.0
O=C(NCc1ccccc1)c1cnc2nc(Br)ccc2c1O,5.45,Ki,Ki,3543.0
O=C(NCc1ccccc1)c1cnc2ncccc2c1O,5.93,Ki,Ki,1169.0
CN(C)c1ccc2c(O)c(C(=O)NCc3ccccc3)cnc2n1,7.24,Ki,Ki,57.0
Cn1c(-n2nccn2)nc2c(N)ncnc21,7.33,Ki,Ki,46.3
Cc1nc(N)c2nc(-n3nccn3)n(C)c2n1,7.15,Ki,Ki,70.4
CCCCc1nc(N)c2nc(-n3nccn3)n(C)c2n1,8.18,Ki,Ki,6.6
CCCCCc1nc(N)c2nc(-n3nccn3)n(C)c2n1,8.48,Ki,Ki,3.3
Cn1c(-n2nccn2)nc2c(N)nc(CCc3ccccc3)nc21,8.33,Ki,Ki,4.7
CC(C)c1nc(N)c2nc(-n3nccn3)n(C)c2n1,6.32,Ki,Ki,481.3
CCCc1nc(N)c2nc(-n3nccn3)n(C)c2n1,7.08,Ki,Ki,83.7
Cn1c(-n2nccn2)nc2c(N)nccc21,7.29,Ki,Ki,51.6
Cc1cc2c(nc(-n3nccn3)n2C)c(N)n1,6.92,Ki,Ki,120.0
CCNC(=O)[C@H]1OC(n2cnc3c(N)nc(NCCc4ccc(CCC(=O)O)cc4)nc32)[C@H](O)[C@@H]1O.Cl,7.29,Ki,Ki,51.3
Nc1nc(NCCc2ccc(O)cc2)nc2nc(-c3ccco3)nn12,10.0,Ki,Ki,0.1
O=c1[nH]c(=O)c2nc3ccccc3nc2[nH]1,6.03,Ki,Ki,935.0
CCCn1c(=O)c2[nH]c(C3CCCC3)nc2n(CCC)c1=O,7.25,Ki,Ki,56.0
CCn1c(=O)c2c(nc(/C=C/c3ccc(OC)c(OC)c3)n2C)n(CC)c1=O,8.66,Ki,Ki,2.2
Oc1nc2ccc(Cl)cc2n2nc(-c3ccco3)nc12,5.29,Ki,Ki,5160.0
Oc1nc2ccc(Cl)cc2n2nc(-c3cccs3)nc12,5.18,Ki,Ki,6530.0
Oc1nc2ccccc2n2nc(-c3ccco3)nc12,5.32,Ki,Ki,4750.0
Nc1nc2ccc(Cl)cc2n2nc(-c3ccccc3)nc12,6.79,Ki,Ki,161.0
Cn1c(=O)c2nc[nH]c2n(C)c1=O.O,4.68,Ki,Ki,21000.0
Cn1c(=O)c2nc[nH]c2n(C)c1=O.O,5.1,Ki,Ki,7900.0
CCCn1c(=O)c2[nH]c(C3CCCC3)nc2n(CCC)c1=O,6.47,Ki,Ki,337.0
CCCn1c(=O)c2[nH]c(C3CCCC3)nc2n(CCC)c1=O,6.58,Ki,Ki,260.0
CCOC(=O)c1nc2c(N)nc3ccc(Cl)cc3n2n1,5.31,Ki,Ki,4900.0
CNC(=O)[C@]12C[C@@H]1[C@@H](n1cnc3c(NC4CCCC4)ncnc31)[C@H](O)[C@@H]2O,5.19,Ki,Ki,6420.0
CNC(=O)[C@]12C[C@@H]1[C@@H](n1cnc3c(NC4CCCC4)nc(Cl)nc31)[C@H](O)[C@@H]2O,5.49,Ki,Ki,3250.0
OC[C@H]1O[C@@H](n2cnc3c(NC4CCCC4)ncnc32)[C@H](O)[C@@H]1O,6.33,Ki,Ki,462.0
OC[C@H]1O[C@@H](n2cnc3c(NC4CCCC4)nc(Cl)nc32)[C@H](O)[C@@H]1O,5.64,Ki,Ki,2270.0
c1ccc2nc(-c3nc4ccccc4[nH]3)cnc2c1,6.25,Ki,Ki,561.0
CCc1nc2c([nH]1)c1nc(C)[nH]c1c1nc(CC)[nH]c12,6.48,Ki,Ki,329.0
CCc1nc2c([nH]1)c1nc(CC)[nH]c1c1nc(CC)[nH]c21,6.14,Ki,Ki,720.0
Cc1cccc2[nH]c(-c3cnc4ccccc4n3)nc12,6.08,Ki,Ki,833.0
CSc1cccc2[nH]c(-c3cnc4ccccc4n3)nc12,5.52,Ki,Ki,3000.0
CCSc1cccc2[nH]c(-c3cnc4ccccc4n3)nc12,5.46,Ki,Ki,3440.0
CCCn1c(=O)c2[nH]c(C3CCCC3)nc2n(CCC)c1=O,6.47,Ki,Ki,337.0
CCNC(=O)[C@H]1O[C@@H](n2cnc3c(N)ncnc32)[C@H](O)[C@@H]1O,7.8,Ki,Ki,16.0
CCCn1c(=O)c2nc(-c3cnn(CC(=O)Nc4ccccc4Cl)c3)[nH]c2n(CCC)c1=O,5.82,Ki,Ki,1500.0
CCCn1c(=O)c2nc(-c3cnn(Cc4cc(-c5ccc(C(F)(F)F)cc5)on4)c3)[nH]c2n(CCC)c1=O,5.77,Ki,Ki,1700.0
CCCn1c(=O)c2nc(-c3cnn(Cc4cc(-c5ccc(Cl)cc5)on4)c3)[nH]c2n(CCC)c1=O,5.92,Ki,Ki,1200.0
CCCn1c(=O)c2nc(-c3cnn(Cc4cc(-c5ccccc5Cl)on4)c3)[nH]c2n(CCC)c1=O,5.57,Ki,Ki,2700.0
CCCn1c(=O)c2[nH]c(-c3cnn(Cc4cc(-c5ccccc5)on4)c3)nc2n(CCC)c1=O,6.38,Ki,Ki,420.0
CCCn1c(=O)c2nc(-c3cnn(Cc4noc(-c5ccccc5OC)n4)c3)[nH]c2n(CCC)c1=O,5.47,Ki,Ki,3400.0
CCCn1c(=O)c2nc(-c3cnn(Cc4noc(-c5ccccc5Cl)n4)c3)[nH]c2n(CCC)c1=O,5.6,Ki,Ki,2500.0
CCCn1c(=O)c2[nH]c(-c3cnn(Cc4noc(-c5ccccc5)n4)c3)nc2n(CCC)c1=O,5.75,Ki,Ki,1800.0
CCCn1c(=O)c2nc(-c3cnn(Cc4nc(-c5ccc(C)cc5)no4)c3)[nH]c2n(CCC)c1=O,5.52,Ki,Ki,3000.0
CCCn1c(=O)c2nc(-c3cnn(Cc4nc(-c5ccccc5OC)no4)c3)[nH]c2n(CCC)c1=O,5.8,Ki,Ki,1600.0
CCCn1c(=O)c2nc(-c3cnn(Cc4nc(-c5ccc(Cl)cc5)no4)c3)[nH]c2n(CCC)c1=O,5.75,Ki,Ki,1800.0
CCCn1c(=O)c2nc(-c3cnn(Cc4nc(-c5ccccc5)no4)c3)[nH]c2n(CCC)c1=O,5.96,Ki,Ki,1100.0
CCCn1c(=O)c2nc(-c3cnn(Cc4nc(-c5ccccc5Cl)no4)c3)[nH]c2n(CCC)c1=O,5.6,Ki,Ki,2500.0
CNC(=O)[C@H]1S[C@@H](n2cnc3c(N)nc(Cl)nc32)[C@H](O)[C@@H]1O,6.8,Ki,Ki,158.0
CNc1nc(Cl)nc2c1ncn2[C@@H]1S[C@H](C(=O)NC2CC2)[C@@H](O)[C@H]1O,5.56,Ki,Ki,2770.0
CNC(=O)[C@H]1S[C@@H](n2cnc3c(NC4CC4)nc(Cl)nc32)[C@H](O)[C@@H]1O,5.31,Ki,Ki,4890.0
CCNC(=O)[C@H]1S[C@@H](n2cnc3c(NC4CC4)nc(Cl)nc32)[C@H](O)[C@@H]1O,6.22,Ki,Ki,604.0
O=C(NC1CC1)[C@H]1S[C@@H](n2cnc3c(NC4CC4)nc(Cl)nc32)[C@H](O)[C@@H]1O,6.49,Ki,Ki,325.0
CNC(=O)[C@H]1S[C@@H](n2cnc3c(NC4CCCC4)nc(Cl)nc32)[C@H](O)[C@@H]1O,6.04,Ki,Ki,921.0
CCNC(=O)[C@H]1S[C@@H](n2cnc3c(NC4CCCC4)nc(Cl)nc32)[C@H](O)[C@@H]1O,6.83,Ki,Ki,149.0
CNC(=O)[C@H]1S[C@@H](n2cnc3c(NCc4cccc(I)c4)nc(Cl)nc32)[C@H](O)[C@@H]1O,6.65,Ki,Ki,223.0
CCNC(=O)[C@H]1S[C@@H](n2cnc3c(NCc4cccc(I)c4)nc(Cl)nc32)[C@H](O)[C@@H]1O,6.54,Ki,Ki,292.0
O=C(NC1CC1)[C@H]1S[C@@H](n2cnc3c(NCc4cccc(I)c4)nc(Cl)nc32)[C@H](O)[C@@H]1O,6.49,Ki,Ki,326.0
O=C(NCC1CC1)[C@H]1S[C@@H](n2cnc3c(NCc4cccc(I)c4)nc(Cl)nc32)[C@H](O)[C@@H]1O,5.65,Ki,Ki,2220.0
O=C(NC1CCC1)[C@H]1S[C@@H](n2cnc3c(NCc4cccc(I)c4)nc(Cl)nc32)[C@H](O)[C@@H]1O,6.26,Ki,Ki,549.0
CNC(=O)[C@H]1S[C@@H](n2cnc3c(NCc4ccccc4C)nc(Cl)nc32)[C@H](O)[C@@H]1O,5.88,Ki,Ki,1320.0
CCNC(=O)[C@H]1S[C@@H](n2cnc3c(NCc4ccccc4C)nc(Cl)nc32)[C@H](O)[C@@H]1O,6.37,Ki,Ki,429.0
Cc1ccccc1CNc1nc(Cl)nc2c1ncn2[C@@H]1S[C@H](C(=O)NC2CC2)[C@@H](O)[C@H]1O,6.7,Ki,Ki,202.0
Cc1ccccc1CNc1nc(Cl)nc2c1ncn2[C@@H]1S[C@H](C(=O)NCC2CC2)[C@@H](O)[C@H]1O,5.41,Ki,Ki,3890.0
CCCn1c(=O)c2nc(-c3ccc(OCC(=O)c4ccc(I)cc4)cc3)[nH]c2n(CCC)c1=O,8.67,Ki,pKi,8.67
Cn1c(=O)c2[nH]c(-c3cccc(OCC(=O)Nc4ccccc4)c3)cc2n(C)c1=O,6.69,Ki,pKi,6.69
COCCCn1c(=O)n(C)c(=O)c2[nH]c(-c3ccc(OCC(=O)NC4CCCC4)cc3)cc21,6.37,Ki,pKi,6.37
CCCn1c(=O)c2[nH]c(-c3ccc(OCC(=O)Nc4ccc(Br)cc4)cc3)cc2n(CCC)c1=O,7.51,Ki,pKi,7.51
Cn1c(=O)c2[nH]c(-c3ccc(OCC(=O)NCc4ccco4)cc3)cc2n(C)c1=O,6.5,Ki,pKi,6.5
COCCCn1c(=O)n(C)c(=O)c2[nH]c(-c3ccc(OCC(=O)Nc4ccccc4)cc3)cc21,6.92,Ki,pKi,6.92
Cn1c(=O)c2[nH]c(-c3ccc(OCC(=O)Nc4ccc(Br)cc4)cc3)cc2n(C)c1=O,5.99,Kd,pA2,5.99
CCCn1c(=O)c2nc(-c3ccc(OCC(=O)c4ccc(I)cc4)cn3)[nH]c2n(CCC)c1=O,7.96,Ki,pKi,7.96
CCCn1c(=O)c2[nH]c(-c3ccc(OCC(=O)c4c(NC(=O)O)n(C)c(=O)n(C)c4=O)cc3)cc2n(CCC)c1=O,7.1,Ki,pKi,7.1
CCCn1c(=O)n(C)c(=O)c2[nH]c(-c3ccc(OCC(=O)Nc4ccccc4)cc3)cc21,6.71,Ki,pKi,6.71
CCCn1c(=O)c2[nH]c(-c3ccc(OCC(=O)Nc4ccccc4F)cc3)c(Cl)c2n(CCC)c1=O,6.14,Ki,pKi,6.14
CCCn1c(=O)c2[nH]c(-c3ccc(OCC(=O)Nc4ccc([N+](C)(C)C)cc4)cc3)cc2n(CCC)c1=O,6.15,Ki,pKi,6.15
CCCn1c(=O)c2[nH]c(-c3ccc(OCC(=O)Nc4ccccc4Cl)cc3)c(Cl)c2n(CCC)c1=O,6.58,Ki,pKi,6.58
CCCn1c(=O)c2[nH]c(-c3ccc(OCC(=O)Nc4ccc(C=O)cc4)cc3)cc2n(CCC)c1=O,6.31,Ki,pKi,6.31
CCCn1c(=O)c2[nH]c(-c3ccc(OCC(=O)Nc4cccc(F)c4)cc3)c(Cl)c2n(CCC)c1=O,6.61,Ki,pKi,6.61
CCCn1c(=O)c2[nH]c(-c3ccc(OCC(=O)Nc4ccc(CC(=O)OCC)cc4)cc3)cc2n(CCC)c1=O,6.62,Ki,pKi,6.62
CCCn1c(=O)c2[nH]c(-c3ccc(OCC(=O)Nc4ccc(C(=O)OCC)cc4)cc3)cc2n(CCC)c1=O,7.0,Ki,pKi,7.0
CCCn1c(=O)c2[nH]c(-c3ccc(OCC(=O)Nc4ccc(C(C)=O)cc4)cc3)c(Cl)c2n(CCC)c1=O,7.07,Ki,pKi,7.07
CCCn1c(=O)c2[nH]c(-c3ccc(OCC(=O)Nc4ccccc4)cc3)c(Cl)c2n(CCC)c1=O,7.13,Ki,pKi,7.13
CCCn1c(=O)c2[nH]c(-c3ccc(OCC(=O)Nc4ccc(C5=NC(C)(C)CO5)cc4)cc3)cc2n(CCC)c1=O,7.04,Ki,pKi,7.04
CCCn1c(=O)c2[nH]c(-c3ccc(OCC(=O)Nc4ccc(O)cc4)cc3)cc2n(CCC)c1=O,7.25,Ki,pKi,7.25
CCCn1c(=O)c2[nH]c(-c3ccc(OCC(=O)Nc4ccc(CC(=O)O)cc4)cc3)cc2n(CCC)c1=O,6.65,Ki,pKi,6.65
CCCn1c(=O)c2nc(-c3ccc(OCC(N)=O)cc3)[nH]c2n(CCC)c1=O,6.77,Ki,pKi,6.77
CCCn1c(=O)c2[nH]c(-c3ccc(OCC(=O)Nc4ccc(F)cc4)cc3)c(Cl)c2n(CCC)c1=O,7.39,Ki,pKi,7.39
CCCn1c(=O)c2[nH]c(-c3ccc(OCC(=O)Nc4ccc(OC)cc4)cc3)c(Cl)c2n(CCC)c1=O,7.35,Ki,pKi,7.35
CCCn1c(=O)c2[nH]c(-c3ccc(OCC(=O)Nc4ccc(C(N)=O)cc4)cc3)cc2n(CCC)c1=O,7.62,Ki,pKi,7.62
CCCn1c(=O)c2[nH]c(-c3ccc(OCC(=O)Nc4ccccc4)cc3)c(Br)c2n(CCC)c1=O,7.37,Ki,pKi,7.37
CCCn1c(=O)c2[nH]c(-c3ccc(OCC(=O)Nc4ccc(Br)cc4)cc3)c(Cl)c2n(CCC)c1=O,6.9,Ki,pKi,6.9
CCCn1c(=O)c2[nH]c(-c3ccc(OCC(=O)Nc4ccc(Cl)cc4)cc3)c(Cl)c2n(CCC)c1=O,7.05,Ki,pKi,7.05
CCCn1c(=O)c2[nH]c(-c3ccc(OCC(=O)Nc4ccc(I)cc4)cc3)cc2n(CCC)c1=O,6.8,Ki,pKi,6.8
CCCn1c(=O)c2[nH]c(-c3ccc(OCC(=O)Nc4ccccc4O)cc3)cc2n(CCC)c1=O,7.49,Ki,pKi,7.49
CCCn1c(=O)c2[nH]c(-c3ccc(OCC(=O)Nc4ccc(C)cc4)cc3)c(Cl)c2n(CCC)c1=O,7.49,Ki,pKi,7.49
CCCn1c(=O)c2[nH]c(-c3ccc(OCC(=O)Nc4ccc(S(=O)(=O)c5ccccc5)cc4)cc3)cc2n(CCC)c1=O,6.55,Ki,pKi,6.55
CCCn1c(=O)c2[nH]c(-c3ccc(OCC(=O)Nc4ccc(-c5ccccc5)cc4)cc3)cc2n(CCC)c1=O,7.16,Ki,pKi,7.16
CCCn1c(=O)c2[nH]c(-c3ccc(OCC(=O)Nc4ccc(NC(C)=O)cc4)cc3)cc2n(CCC)c1=O,7.2,Ki,pKi,7.2
CCCn1c(=O)c2[nH]c(-c3ccc(OCC(=O)Nc4ccc(F)cc4)cc3)c(Br)c2n(CCC)c1=O,7.7,Ki,pKi,7.7
CCCn1c(=O)c2[nH]c(-c3ccc(OCC(=O)Nc4ccc(C(=O)NCCc5ccc(OC)cc5)cc4)cc3)cc2n(CCC)c1=O,6.37,Ki,pKi,6.37
CCCn1c(=O)c2[nH]c(-c3ccc(OCC(=O)Nc4ccc(OC)cc4)cc3)cc2n(CCC)c1=O,7.7,Ki,pKi,7.7
CCCn1c(=O)c2[nH]c(-c3ccc(OCC(=O)Nc4ccc(CC#N)cc4)cc3)cc2n(CCC)c1=O,7.4,Ki,pKi,7.4
CCCn1c(=O)c2[nH]c(-c3ccc(OC(CC)C(=O)Nc4ccccc4)cc3)cc2n(CCC)c1=O,7.59,Ki,pKi,7.59
CCCn1c(=O)c2[nH]c(-c3ccc(OCC(=O)Nc4ccccc4)cc3)cc2n(CCC)c1=O,6.65,Ki,pKi,6.65
CCCn1c(=O)c2[nH]c(-c3ccc(OCC(=O)Nc4ccc(OCc5ccccc5)cc4)cc3)cc2n(CCC)c1=O,7.73,Ki,pKi,7.73
CCCn1c(=O)c2[nH]c(-c3ccc(OC(C)(C)C(=O)Nc4ccc(F)cc4)cc3)cc2n(CCC)c1=O,7.77,Ki,pKi,7.77
CCCn1c(=O)c2[nH]c(-c3ccc(OC(C)(C)C(=O)Nc4ccccc4)cc3)cc2n(CCC)c1=O,7.27,Ki,pKi,7.27
CCCn1c(=O)c2[nH]c(-c3ccc(OCC(=O)Nc4ccc(C(C)(C)C)cc4)cc3)cc2n(CCC)c1=O,7.1,Ki,pKi,7.1
CCCn1c(=O)c2[nH]c(-c3ccc(OCC(=O)Nc4ccc(CS(=O)(=O)N5CCCC5)cc4)cc3)cc2n(CCC)c1=O,7.28,Ki,pKi,7.28
CCCn1c(=O)c2[nH]c(-c3ccc(OC(CC)C(=O)Nc4ccc(Br)cc4)cc3)cc2n(CCC)c1=O,7.5,Ki,pKi,7.5
CCCn1c(=O)c2[nH]c(-c3ccc(OC(C)C(=O)Nc4ccc(OC)cc4)cc3)cc2n(CCC)c1=O,7.41,Ki,pKi,7.41
CCCn1c(=O)c2[nH]c(-c3ccc(OC(C)C(=O)Nc4ccccc4)cc3)cc2n(CCC)c1=O,6.98,Ki,pKi,6.98
CCCn1c(=O)c2[nH]c(-c3ccc(OC(CC)C(=O)Nc4ccc(F)cc4)cc3)cc2n(CCC)c1=O,7.72,Ki,pKi,7.72
CCCn1c(=O)c2[nH]c(-c3ccc(OCC(=O)Nc4ccc(F)cc4)cc3)cc2n(CCC)c1=O,7.92,Ki,pKi,7.92
CCCn1c(=O)c2[nH]c(-c3ccc(OC(C)C(=O)Nc4ccc(F)cc4)cc3)cc2n(CCC)c1=O,7.23,Ki,pKi,7.23
CCCn1c(=O)c2[nH]c(-c3ccc(OCC(=O)Nc4ccc(Cl)cc4)cc3)cc2n(CCC)c1=O,7.5,Ki,pKi,7.5
COc1cc(-c2cc3c([nH]2)c(=O)n(C)c(=O)n3C)ccc1OCC(=O)Nc1ccc(C#N)cc1,6.24,Ki,pKi,6.24
Cn1c(=O)c2[nH]c(-c3ccc(OCC(=O)Nc4ccc(CCN)cc4)cc3)cc2n(C)c1=O,6.78,Ki,pKi,6.78
COc1cc(-c2cc3c([nH]2)c(=O)n(C)c(=O)n3C)ccc1OCC(=O)Nc1ccccc1,6.52,Ki,pKi,6.52
COc1cc(-c2cc3c([nH]2)c(=O)n(C)c(=O)n3C)ccc1OCC(=O)Nc1ccc(F)cc1,7.34,Ki,pKi,7.34
Cn1c(=O)c2[nH]c(-c3ccc(OCC(=O)NC4CCCC4)cc3)cc2n(C)c1=O,6.16,Ki,pKi,6.16
COc1cc(OCC(=O)Nc2ccccc2)ccc1-c1cc2c([nH]1)c(=O)n(C)c(=O)n2C,5.98,Ki,pKi,5.98
COc1cc(-c2cc3c([nH]2)c(=O)n(C)c(=O)n3C)ccc1OCC(=O)Nc1ccc(Br)cc1,7.09,Ki,pKi,7.09
COc1cc(OCC(=O)Nc2ccc(F)cc2)ccc1-c1cc2c([nH]1)c(=O)n(C)c(=O)n2C,7.02,Ki,pKi,7.02
Cn1c(=O)c2[nH]c(-c3ccc(OCC(=O)NC4CCc5ccccc54)cc3)cc2n(C)c1=O,6.67,Ki,pKi,6.67
Cn1c(=O)c2[nH]c(-c3ccc(OCC(=O)Nc4ccccc4)cc3)cc2n(C)c1=O,6.11,Ki,pKi,6.11
Cn1c(=O)c2[nH]c(-c3ccc(OCC(=O)Nc4ccc([N+](=O)[O-])cc4)cc3)cc2n(C)c1=O,7.09,Ki,pKi,7.09
CC(Oc1ccc(-c2cc3c([nH]2)c(=O)n(C)c(=O)n3C)cc1)C(=O)Nc1ccccc1,7.32,Ki,pKi,7.32
Cn1c(=O)c2[nH]c(-c3ccc(OCC(=O)Nc4ccc(C#N)cc4)cc3)cc2n(C)c1=O,7.34,Ki,pKi,7.34
COc1cc(OCC(=O)Nc2ccc(Br)cc2)ccc1-c1cc2c([nH]1)c(=O)n(C)c(=O)n2C,5.31,Ki,pKi,5.31
Cn1c(=O)c2[nH]c(-c3ccc(OCC(=O)Nc4ccc(F)cc4)cc3)cc2n(C)c1=O,7.19,Ki,pKi,7.19
Cn1c(=O)c2[nH]c(-c3ccc(OCC(=O)Nc4ccc(Br)cc4)cc3)cc2n(C)c1=O,5.91,Ki,pKi,5.91
CC(Oc1ccc(-c2cc3c([nH]2)c(=O)n(C)c(=O)n3C)cc1)C(=O)Nc1ccc(Br)cc1,7.57,Ki,pKi,7.57
CCn1c(=O)c2[nH]c(-c3ccc(OCC(=O)Nc4ccc(C#N)cc4)cc3)cc2n(CC)c1=O,6.92,Ki,pKi,6.92
CCCn1c(=O)c2[nH]c(-c3ccc(OCC(=O)Nc4ccccc4)cc3)cc2n(C)c1=O,6.77,Ki,pKi,6.77
CCCn1c(=O)c2[nH]c(-c3ccc(OCC(=O)Nc4ccc(C(=O)OCC)cc4)cc3)cc2n(C)c1=O,5.58,Ki,pKi,5.58
CCCn1c(=O)n(C)c(=O)c2[nH]c(-c3ccc(OCC(=O)Nc4ccc(F)cc4)cc3)cc21,6.95,Ki,pKi,6.95
CCn1c(=O)c2[nH]c(-c3ccc(OCC(=O)Nc4ccccc4)cc3)cc2n(CC)c1=O,6.73,Ki,pKi,6.73
CCCn1c(=O)c2[nH]c(-c3ccc(OCC(=O)Nc4ccc(F)cc4)cc3)cc2n(C)c1=O,7.18,Ki,pKi,7.18
CCCn1c(=O)c2[nH]c(-c3ccc(OCC(=O)Nc4ccc(-c5ccccc5)cc4)cc3)cc2n(C)c1=O,5.58,Ki,pKi,5.58
O=C(COc1ccc(-c2cc3c([nH]2)c(=O)n(CC2CC2)c(=O)n3CC2CC2)cc1)Nc1ccccc1,7.81,Ki,pKi,7.81
COc1cc(-c2cc3c([nH]2)c(=O)n(C)c(=O)n3C)ccc1OCC(=O)NCc1ccc(Cl)cc1,6.8,Ki,pKi,6.8
CCCn1c(=O)c2[nH]c(-c3ccc(OCC(=O)NCc4ccc(F)cc4)cc3)c(Cl)c2n(CCC)c1=O,7.31,Ki,pKi,7.31
COc1cc(OCC(=O)NCc2ccc(Cl)cc2)ccc1-c1cc2c([nH]1)c(=O)n(C)c(=O)n2C,6.73,Ki,pKi,6.73
CCCn1c(=O)c2[nH]c(-c3ccc(OCC(=O)NCc4ccccc4)cc3)c(Cl)c2n(CCC)c1=O,7.22,Ki,pKi,7.22
COc1cccc(CNC(=O)COc2ccc(-c3cc4c([nH]3)c(=O)n(C)c(=O)n4C)cc2)c1,6.48,Ki,pKi,6.48
Cn1c(=O)c2[nH]c(-c3ccc(OCC(=O)NCc4ccccc4)cc3)cc2n(C)c1=O,6.74,Ki,pKi,6.74
CCN(Cc1ccccc1)C(=O)COc1ccc(-c2cc3c([nH]2)c(=O)n(C)c(=O)n3C)cc1,6.05,Ki,pKi,6.05
CC(NC(=O)COc1ccc(-c2cc3c([nH]2)c(=O)n(C)c(=O)n3C)cc1)c1ccccc1,6.61,Ki,pKi,6.61
Cn1c(=O)c2[nH]c(-c3ccc(OCC(=O)NCc4ccc(F)cc4)cc3)cc2n(C)c1=O,7.36,Ki,pKi,7.36
Cn1c(=O)c2[nH]c(-c3ccc(OCC(=O)NCc4ccc(Cl)cc4)cc3)cc2n(C)c1=O,7.69,Ki,pKi,7.69
CCCn1c(=O)c2[nH]c(-c3ccc(OC(C)C(=O)NCc4ccc(Cl)cc4)cc3)cc2n(CCC)c1=O,7.33,Ki,pKi,7.33
CCCn1c(=O)c2[nH]c(-c3ccc(OCC(=O)NCc4ccccc4)cc3)cc2n(CCC)c1=O,7.05,Ki,pKi,7.05
Cn1c(=O)c2[nH]c(-c3cccc(OCC(=O)Nc4ccc(Br)cc4)c3)cc2n(C)c1=O,7.17,Ki,pKi,7.17
CCCn1c(=O)c2[nH]c(-c3ccc(OCC(=O)NCc4ccncc4)cc3)cc2n(CCC)c1=O,6.52,Ki,pKi,6.52
CCCn1c(=O)c2[nH]c(-c3ccc(OCC(=O)Nc4ccccn4)cc3)cc2n(CCC)c1=O,6.51,Ki,pKi,6.51
CCCn1c(=O)c2[nH]c(-c3ccc(OCC(=O)c4c(NC(=O)O)[nH]c(=O)n(C)c4=O)cc3)cc2n(CCC)c1=O,7.8,Ki,pKi,7.8
CCCn1c(=O)c2[nH]c(-c3ccc(OCC(=O)Nc4ncccc4O)cc3)cc2n(CCC)c1=O,6.49,Ki,pKi,6.49
CCCn1c(=O)c2[nH]c(-c3ccc(OCC(=O)n4ccc(N)n4)cc3)cc2n(CCC)c1=O,7.58,Ki,pKi,7.58
Cn1c(=O)c2[nH]c(-c3ccc(OCC(=O)Nc4nncs4)cc3)cc2n(C)c1=O,7.79,Ki,pKi,7.79
CCCn1c(=O)c2[nH]c(-c3ccc(OCC(=O)Nc4ccc(C)cn4)cc3)cc2n(CCC)c1=O,6.56,Ki,pKi,6.56
CCCn1c(=O)c2[nH]c(-c3ccc(OCC(=O)Nc4cc(OC)nc(OC)n4)cc3)cc2n(CCC)c1=O,7.05,Ki,pKi,7.05
CCCn1c(=O)c2[nH]c(-c3ccc(OCC(=O)Nc4ccc(OC)nc4)cc3)cc2n(CCC)c1=O,6.97,Ki,pKi,6.97
CCCn1c(=O)c2[nH]c(-c3ccc(N(C=O)CC(=O)Nc4ccc(Br)cc4)cc3)cc2n(CCC)c1=O,7.45,Ki,pKi,7.45
CCCn1c(=O)c2[nH]c(-c3ccc(OCC(=O)Nc4ccc(OC)nc4)cc3)cc2n(C)c1=O,6.88,Ki,pKi,6.88
CCOC(=O)COc1ccc(-c2cc3c([nH]2)c(=O)n(C)c(=O)n3C)cc1OC,5.43,Ki,pKi,5.43
CCOC(=O)COc1ccc(-c2cc3c([nH]2)c(=O)n(C)c(=O)n3CCCOC)cc1,5.73,Ki,pKi,5.73
CCOC(=O)COc1ccc(-c2cc3c([nH]2)c(=O)n(C)c(=O)n3C)cc1,5.71,Ki,pKi,5.71
COCCCn1c(=O)n(C)c(=O)c2[nH]c(-c3ccc(OCC(=O)O)cc3)cc21,4.94,Ki,pKi,4.94
CCCn1c(=O)c2[nH]c(-c3ccc(OCC(=O)O)cc3)c(Cl)c2n(CCC)c1=O,6.4,Ki,pKi,6.4
Cn1c(=O)c2[nH]c(-c3ccc(OCC(=O)O)cc3)cc2n(C)c1=O,5.38,Ki,pKi,5.38
CCCn1c(=O)c2[nH]c(-c3ccc(OCC(=O)O)cc3)c(Br)c2n(CCC)c1=O,6.31,Ki,pKi,6.31
CCn1c(=O)c2[nH]c(-c3ccc(OCC(=O)O)cc3)cc2n(CCCOC)c1=O,6.03,Ki,pKi,6.03
CCOC(=O)COc1ccc(-c2cc3c([nH]2)c(=O)n(CC)c(=O)n3CCCOC)cc1,6.35,Ki,pKi,6.35
CCCn1c(=O)n(C)c(=O)c2[nH]c(-c3ccc(OCC(=O)O)cc3)cc21,6.11,Ki,pKi,6.11
CCCn1c(=O)c2[nH]c(-c3ccc(OC(C)C(=O)O)cc3)cc2n(CCC)c1=O,6.0,Ki,pKi,6.0
CCCn1c(=O)c2[nH]c(-c3ccc(OCC(=O)O)cc3)cc2n(C)c1=O,5.39,Ki,pKi,5.39
CCCn1c(=O)c2[nH]c(-c3ccc(OCC(=O)O)cc3)cc2n(CCC)c1=O,6.91,Ki,pKi,6.91
CCCn1c(=O)c2nc(-c3cc(OCC(=O)c4ccc(Br)cc4)n(C)n3)[nH]c2n(CCC)c1=O,7.03,Ki,pKi,7.03
CCCn1c(=O)c2nc(-c3cc(OCC(=O)c4ccc(F)cc4)n(C)n3)[nH]c2n(CCC)c1=O,6.73,Ki,pKi,6.73
CCCn1c(=O)c2nc(-c3cc(OCC(=O)c4ccc(C(=O)OCC)cc4)nn3C)[nH]c2n(CCC)c1=O,7.49,Ki,pKi,7.49
CCCn1c(=O)c2nc(-c3cc(OCC(=O)c4ccc(C(C)=O)cc4)nn3C)[nH]c2n(CCC)c1=O,7.06,Ki,pKi,7.06
CCCn1c(=O)c2nc(-c3cc(OCC(=O)c4ccc(C)cc4)nn3C)[nH]c2n(CCC)c1=O,7.72,Ki,pKi,7.72
CCCn1c(=O)c2nc(-c3cc(OCC(=O)c4ccc(Br)cc4)nn3C)[nH]c2n(CCC)c1=O,7.6,Ki,pKi,7.6
CCCn1c(=O)c2nc(-c3cc(OCC(=O)c4ccc(F)cc4)nn3C)[nH]c2n(CCC)c1=O,7.9,Ki,pKi,7.9
CCCn1c(=O)c2nc(-c3ccc(OCC(=O)NCc4ccccc4)cc3)[nH]c2n(CCC)c1=O,7.7,Ki,pKi,7.7
CCCn1c(=O)c2[nH]c(-c3ccc(OCC(=O)Nc4ccc(C#N)cc4)cc3)nc2n(CCC)c1=O,6.29,Ki,pKi,6.29
CCCn1c(=O)c2nc(-c3ccc(OCC(=O)Nc4ccc(I)cc4)cc3)[nH]c2n(CCC)c1=O,5.23,Ki,pKi,5.23
CCCn1c(=O)c2nc(-c3ccc(OCC(=O)Nc4ccccc4)cc3)[nH]c2n(CCC)c1=O,8.65,Ki,pKi,8.65
CCCn1c(=O)c2nc(-c3ccc(OCC(=O)Nc4ccc(F)cc4)cc3)[nH]c2n(CCC)c1=O,7.78,Ki,pKi,7.78
CCCn1c(=O)c2nc(-c3ccc(OCC(=O)Nc4ccc(Cl)cc4)cc3)[nH]c2n(CCC)c1=O,6.72,Ki,pKi,6.72
CCCn1c(=O)c2nc(-c3ccc(OCC(=O)Nc4ccc(Br)cc4)cc3)[nH]c2n(CCC)c1=O,5.78,Ki,pKi,5.78
CCCn1c(=O)c2nc(-c3ccc(OCC(=O)O)cc3)[nH]c2n(CCC)c1=O,6.07,Ki,pKi,6.07
CCCn1c(=O)c2[nH]c(-c3ccc(OCC(=O)Nc4ccc(OC(F)(F)F)cc4)cc3)cc2n(CCC)c1=O,6.97,Ki,pKi,6.97
CN(Cc1ccccc1)C(=O)COc1ccc(-c2cc3c([nH]2)c(=O)n(C)c(=O)n3C)cc1,5.99,Ki,pKi,5.99
CCCn1c(=O)c2[nH]c(-c3ccc(OCC(=O)Nc4ccc(-c5ccccc5)cc4)cc3)cc2n(C)c1=O,5.5,Kd,pA2,5.5
Cn1c(=O)c2[nH]c(-c3ccc(OCC(=O)Nc4ccccc4)cc3)cc2n(C)c1=O,6.2,Kd,pA2,6.2
COc1cc(OCC(=O)Nc2ccc(Br)cc2)ccc1-c1cc2c([nH]1)c(=O)n(C)c(=O)n2C,5.9,Kd,pA2,5.9
Cn1c(=O)c2[nH]c(-c3ccc(OCC(=O)Nc4ccc(F)cc4)cc3)cc2n(C)c1=O,7.24,Kd,pA2,7.24
Cn1c(=O)c2[nH]c(-c3ccc(OCC(=O)Nc4ccc(C#N)cc4)cc3)cc2n(C)c1=O,7.3,Kd,pA2,7.3
Cc1sccc1NC(=O)Nc1nc2nn(C)cc2c2nc(-c3ccco3)nn12,6.39,Ki,Ki,410.0
Cc1ccc(NC(=O)Nc2nc3nn(C)cc3c3nc(-c4ccco4)nn23)s1,6.04,Ki,Ki,920.0
Cn1cc2c(nc(NC(=O)Nc3ccc4ccccc4n3)n3nc(-c4ccco4)nc23)n1,6.09,Ki,Ki,810.0
Cn1cc2c(nc(NC(=O)Nc3cc4ccccc4o3)n3nc(-c4ccco4)nc23)n1,7.22,Ki,Ki,60.0
Cn1cc2c(nc(NC(=O)Nc3ccoc3)n3nc(-c4ccco4)nc23)n1,6.4,Ki,Ki,400.0
Cn1cc2c(nc(NC(=O)Nc3ccco3)n3nc(-c4ccco4)nc23)n1,6.46,Ki,Ki,350.0
Cn1cc2c(nc(NC(=O)Nc3cccc[n+]3[O-])n3nc(-c4ccco4)nc23)n1,6.96,Ki,Ki,110.0
Cn1cc2c(nc(NC(=O)Nc3ccc[n+]([O-])c3)n3nc(-c4ccco4)nc23)n1,7.12,Ki,Ki,75.0
Cn1cc2c(nc(NC(=O)Nc3cc[n+]([O-])cc3)n3nc(-c4ccco4)nc23)n1,6.82,Ki,Ki,153.0
Cn1cc2c(nc(NC(=O)Nc3cccc[n+]3C)n3nc(-c4ccco4)nc23)n1.[I-],7.19,Ki,Ki,64.0
Cn1cc2c(nc(NC(=O)Nc3ccc[n+](C)c3)n3nc(-c4ccco4)nc23)n1.[I-],7.38,Ki,Ki,42.0
Cn1cc2c(nc(NC(=O)Nc3cc[n+](C)cc3)n3nc(-c4ccco4)nc23)n1.[I-],6.55,Ki,Ki,282.0
Cl.Cn1cc2c(nc(NC(=O)Nc3ccccn3)n3nc(-c4ccco4)nc23)n1,6.75,Ki,Ki,180.0
Cn1cc2c(nc(NC(=O)Nc3ccccn3)n3nc(-c4ccco4)nc23)n1,6.85,Ki,Ki,140.0
Cl.Cn1cc2c(nc(NC(=O)Nc3cccnc3)n3nc(-c4ccco4)nc23)n1,6.81,Ki,Ki,155.0
Cn1cc2c(nc(NC(=O)Nc3cccnc3)n3nc(-c4ccco4)nc23)n1,6.9,Ki,Ki,125.0
Cl.Cn1cc2c(nc(NC(=O)Nc3ccncc3)n3nc(-c4ccco4)nc23)n1,6.96,Ki,Ki,110.0
Cn1cc2c(nc(NC(=O)Nc3ccncc3)n3nc(-c4ccco4)nc23)n1,7.19,Ki,Ki,65.0
CCNC(=O)[C@H]1O[C@@H](n2cnc3c(NCC)nc(C#Cc4ccc(OC)cc4)nc32)[C@H](O)[C@@H]1O,5.3,Ki,Ki,4963.0
CNC(=O)[C@H]1O[C@@H](n2cnc3c(NCc4cccc(I)c4)ncnc32)[C@H](O)[C@@H]1O,6.29,Ki,Ki,510.0
CCNC(=O)[C@H]1O[C@@H](n2cnc3c(N)ncnc32)[C@H](O)[C@@H]1O,6.91,Ki,Ki,124.0
CCNC(=O)[C@H]1O[C@@H](n2cnc3c(NCC)nc(I)nc32)[C@H](O)[C@@H]1O,5.71,Ki,Ki,1955.0
CCNC(=O)[C@H]1O[C@@H](n2cnc3c(NCC)nc(C#CC(O)c4cccc(C(=O)OC)c4)nc32)[C@H](O)[C@@H]1O,6.84,Ki,Ki,143.0
CCNC(=O)[C@H]1O[C@@H](n2cnc3c(NCC)nc(C#CC(O)c4cccc(C(=O)O)c4)nc32)[C@H](O)[C@@H]1O,5.42,Ki,Ki,3783.0
CCNC(=O)[C@H]1O[C@@H](n2cnc3c(NCC)nc(C#CC(O)c4cccc([N+](=O)[O-])c4)nc32)[C@H](O)[C@@H]1O,6.4,Ki,Ki,401.0
CCNC(=O)[C@H]1O[C@@H](n2cnc3c(NCC)nc(C#CC(O)c4ccccc4[N+](=O)[O-])nc32)[C@H](O)[C@@H]1O,6.43,Ki,Ki,371.0
CCNC(=O)[C@H]1O[C@@H](n2cnc3c(NCC)nc(C#CC(O)c4ccc(OC)cc4)nc32)[C@H](O)[C@@H]1O,6.15,Ki,Ki,711.0
CCNC(=O)[C@H]1O[C@@H](n2cnc3c(NCC)nc(C#CC(O)c4cccc(OC)c4)nc32)[C@H](O)[C@@H]1O,6.68,Ki,Ki,207.0
CCNC(=O)[C@H]1O[C@@H](n2cnc3c(NCC)nc(C#CC(O)c4ccccc4OC)nc32)[C@H](O)[C@@H]1O,6.3,Ki,Ki,497.0
CCNC(=O)[C@H]1O[C@@H](n2cnc3c(NCC)nc(C#CC(O)c4ccccc4)nc32)[C@H](O)[C@@H]1O,6.89,Ki,Ki,129.0
CCNC(=O)[C@H]1O[C@@H](n2cnc3c(NCC)nc(C#CC(O)C4CCCCC4)nc32)[C@H](O)[C@@H]1O,7.23,Ki,Ki,59.3
CCNC(=O)[C@H]1O[C@@H](n2cnc3c(NCC)nc(C#CC(O)C4CCCC4)nc32)[C@H](O)[C@@H]1O,6.82,Ki,Ki,152.0
CCCCC[C@H](O)C#Cc1nc(NCC)c2ncn([C@@H]3O[C@H](C(=O)NCC)[C@@H](O)[C@H]3O)c2n1,6.33,Ki,Ki,467.0
CCCCC[C@@H](O)C#Cc1nc(NCC)c2ncn([C@@H]3O[C@H](C(=O)NCC)[C@@H](O)[C@H]3O)c2n1,6.17,Ki,Ki,680.0
CCNC(=O)[C@H]1O[C@@H](n2cnc3c(NCC)nc(C#C[C@H](C)O)nc32)[C@H](O)[C@@H]1O,6.11,Ki,Ki,785.0
CCNC(=O)[C@H]1O[C@@H](n2cnc3c(NCC)nc(C#C[C@@H](C)O)nc32)[C@H](O)[C@@H]1O,5.67,Ki,Ki,2130.0
CCNC(=O)[C@H]1O[C@@H](n2cnc3c(NCC)nc(C#CCC(C)O)nc32)[C@H](O)[C@@H]1O,5.61,Ki,Ki,2433.0
CCNC(=O)[C@H]1O[C@@H](n2cnc3c(NCC)nc(C#CCCO)nc32)[C@H](O)[C@@H]1O,6.19,Ki,Ki,642.0
CCNC(=O)[C@H]1O[C@@H](n2cnc3c(NCC)nc(C#CCCCCO)nc32)[C@H](O)[C@@H]1O,5.96,Ki,Ki,1107.0
CCNC(=O)[C@H]1O[C@@H](n2cnc3c(NCC)nc(C#CCCCc4ccccc4)nc32)[C@H](O)[C@@H]1O,6.49,Ki,Ki,321.0
CCNC(=O)[C@H]1O[C@@H](n2cnc3c(NCC)nc(C#CCc4ccccc4)nc32)[C@H](O)[C@@H]1O,6.19,Ki,Ki,645.0
CCNC(=O)[C@H]1O[C@@H](n2cnc3c(NCC)nc(C#CC4(N)CCCCC4)nc32)[C@H](O)[C@@H]1O,5.13,Ki,Ki,7350.0
CCNC(=O)[C@H]1O[C@@H](n2cnc3c(NCC)nc(C#CC4(O)CCCCC4)nc32)[C@H](O)[C@@H]1O,6.46,Ki,Ki,344.0
CCNC(=O)[C@H]1O[C@@H](n2cnc3c(NCC)nc(C#CC4(O)CCCC4)nc32)[C@H](O)[C@@H]1O,6.03,Ki,Ki,935.0
CCNC(=O)[C@H]1O[C@@H](n2cnc3c(NCC)nc(C#CC4=CCCCC4)nc32)[C@H](O)[C@@H]1O,5.17,Ki,Ki,6707.0
CCCCCCC#Cc1nc(NCC)c2ncn([C@@H]3O[C@H](C(=O)NCC)[C@@H](O)[C@H]3O)c2n1,6.24,Ki,Ki,571.0
CCCCC#Cc1nc(NCC)c2ncn([C@@H]3O[C@H](C(=O)NCC)[C@@H](O)[C@H]3O)c2n1,6.26,Ki,Ki,543.0
c1ccc(-c2nc(-c3ccccc3)c3[nH]cnc3n2)cc1,7.28,Ki,Ki,53.0
c1ccc(-c2nc(-c3ccccc3)c3nc(C4CCCCC4)nc-3[nH]2)cc1,6.93,Ki,Ki,118.0
c1ccc(-c2nc(-c3ccccc3)c3nc(C4CCCC4)nc-3[nH]2)cc1,7.26,Ki,Ki,55.0
CC(C)c1nc2[nH]c(-c3ccccc3)nc(-c3ccccc3)c-2n1,6.83,Ki,Ki,148.0
CCCc1nc2[nH]c(-c3ccccc3)nc(-c3ccccc3)c-2n1,6.78,Ki,Ki,167.0
c1ccc(-c2nc(-c3ccccc3)c3[nH]c(-c4ccccc4)nc3n2)cc1,7.18,Ki,Ki,66.0
Cc1ccc(-c2nc(-c3ccccc3)c3[nH]cnc3n2)cc1,6.54,Ki,Ki,289.0
Clc1ccc(-c2nc(-c3ccccc3)c3[nH]cnc3n2)cc1,6.5,Ki,Ki,315.0
c1ccc(Nc2[nH]c3ccccc3c3nc(C4CCCC4)nc2-3)cc1,5.5,Ki,Ki,3150.0
Cc1ccc(Nc2[nH]c3ccccc3c3nc(C4CCCC4)nc2-3)cc1,5.28,Ki,Ki,5220.0
Cn1c(=O)c2nc[nH]c2n(C)c1=O.O,5.17,Ki,Ki,6700.0
CCCn1c(=O)c2[nH]c(-c3ccc(OCC(=O)Nc4ccc(C#N)cc4)cc3)nc2n(CCC)c1=O,6.3,Ki,Ki,500.0
CCCn1c(=O)[nH]c(=O)c2nc[nH]c21,4.09,Ki,Ki,81300.0
CCCn1c(=O)c2nc(-c3cnn(-c4ccccc4)c3)[nH]c2n(CCC)c1=O,6.25,Ki,Ki,560.0
CCCn1c(=O)c2nc(-c3cnn(CCCc4ccccc4)c3)[nH]c2n(CCC)c1=O,6.66,Ki,Ki,220.0
CCCn1c(=O)c2nc(-c3cnn(CCc4ccccc4)c3)[nH]c2n(CCC)c1=O,6.24,Ki,Ki,570.0
CCCn1c(=O)c2[nH]c(-c3cnn(Cc4ccccc4)c3)nc2n(CCC)c1=O,6.54,Ki,Ki,290.0
CCCn1c(=O)c2nc(-c3cn[nH]c3)[nH]c2n(CCC)c1=O,6.64,Ki,Ki,230.0
CC(C)Cn1c(=O)c2nc(-c3cnn(Cc4cccc(C(F)(F)F)c4)c3)[nH]c2n(CC(C)C)c1=O,5.37,Ki,Ki,4300.0
CC(C)Cn1c(=O)c2nc(-c3cnn(Cc4cccc(F)c4)c3)[nH]c2n(CC(C)C)c1=O,5.89,Ki,Ki,1300.0
CC(C)Cn1c(=O)c2nc(-c3cnn(Cc4ccccc4)c3)[nH]c2n(CC(C)C)c1=O,5.96,Ki,Ki,1100.0
CCCCn1c(=O)c2nc(-c3cnn(Cc4ccccc4)c3)[nH]c2n(CCCC)c1=O,6.05,Ki,Ki,890.0
CCn1c(=O)c2nc(-c3cnn(Cc4cccc(C(F)(F)F)c4)c3)[nH]c2n(CC)c1=O,6.35,Ki,Ki,450.0
CCn1c(=O)c2nc(-c3cnn(Cc4cccc(F)c4)c3)[nH]c2n(CC)c1=O,6.54,Ki,Ki,290.0
CCn1c(=O)c2nc(-c3cnn(Cc4ccccc4)c3)[nH]c2n(CC)c1=O,6.92,Ki,Ki,120.0
Cn1c(=O)c2nc(-c3cnn(Cc4cccc(C(F)(F)F)c4)c3)[nH]c2n(C)c1=O,6.16,Ki,Ki,690.0
Cn1c(=O)c2[nH]c(-c3cnn(Cc4cccc(F)c4)c3)nc2n(C)c1=O,6.7,Ki,Ki,200.0
Cn1c(=O)c2nc(-c3cnn(Cc4ccccc4)c3)[nH]c2n(C)c1=O,5.46,Ki,Ki,3500.0
CCCn1c(=O)c2nc(-c3cnn(Cc4cc(C(F)(F)F)ccc4Cl)c3)[nH]c2n(CCC)c1=O,5.85,Ki,Ki,1400.0
CCCn1c(=O)c2nc(-c3cnn(Cc4cc(Cl)ccc4Cl)c3)[nH]c2n(CCC)c1=O,7.16,Ki,Ki,70.0
CCCn1c(=O)c2nc(-c3cnn(Cc4cccc(C)c4F)c3)[nH]c2n(CCC)c1=O,6.34,Ki,Ki,460.0
CCCn1c(=O)c2nc(-c3cnn(Cc4cccc(Cl)c4F)c3)[nH]c2n(CCC)c1=O,6.06,Ki,Ki,870.0
CCCn1c(=O)c2nc(-c3cnn(Cc4ccc(F)c(F)c4)c3)[nH]c2n(CCC)c1=O,6.55,Ki,Ki,280.0
CCCn1c(=O)c2nc(-c3cnn(Cc4ccc(C(F)(F)F)cc4)c3)[nH]c2n(CCC)c1=O,6.82,Ki,Ki,150.0
CCCn1c(=O)c2[nH]c(-c3cnn(Cc4cccc(C(F)(F)F)c4)c3)nc2n(CCC)c1=O,6.4,Ki,Ki,400.0
CCCn1c(=O)c2nc(-c3cnn(Cc4ccccc4C(F)(F)F)c3)[nH]c2n(CCC)c1=O,6.64,Ki,Ki,230.0
CCCn1c(=O)c2nc(-c3cnn(Cc4ccc(F)cc4)c3)[nH]c2n(CCC)c1=O,6.92,Ki,Ki,120.0
CCCn1c(=O)c2[nH]c(-c3cnn(Cc4cccc(F)c4)c3)nc2n(CCC)c1=O,6.64,Ki,Ki,230.0
CCCn1c(=O)c2nc(-c3cnn(Cc4ccccc4F)c3)[nH]c2n(CCC)c1=O,7.22,Ki,Ki,60.0
CCCn1c(=O)c2nc(-c3cnn(Cc4ccc(Cl)cc4)c3)[nH]c2n(CCC)c1=O,7.06,Ki,Ki,88.0
CCCn1c(=O)c2nc(-c3cnn(Cc4cccc(Cl)c4)c3)[nH]c2n(CCC)c1=O,7.1,Ki,Ki,79.0
CCCn1c(=O)c2nc(-c3cnn(Cc4ccccc4Cl)c3)[nH]c2n(CCC)c1=O,7.31,Ki,Ki,49.0
CCCn1c(=O)c2nc(-c3cnn(Cc4ccc(OC)cc4)c3)[nH]c2n(CCC)c1=O,7.21,Ki,Ki,61.0
CCCn1c(=O)c2nc(-c3cnn(Cc4cccc(OC)c4)c3)[nH]c2n(CCC)c1=O,7.16,Ki,Ki,70.0
CCCn1c(=O)c2nc(-c3cnn(Cc4ccccc4OC)c3)[nH]c2n(CCC)c1=O,6.85,Ki,Ki,140.0
CCCn1c(=O)c2nc(-c3cnn(Cc4ccc(C)cc4)c3)[nH]c2n(CCC)c1=O,7.1,Ki,Ki,80.0
CCCn1c(=O)c2nc(-c3cnn(Cc4cccc(C)c4)c3)[nH]c2n(CCC)c1=O,7.18,Ki,Ki,66.0
CCCn1c(=O)c2nc(-c3cnn(Cc4ccccc4C)c3)[nH]c2n(CCC)c1=O,7.29,Ki,Ki,51.0
Cn1c(=O)c2nc(-c3ccc(S(=O)(=O)NCCc4ccccc4)cc3)[nH]c2n(C)c1=O,7.49,Ki,Ki,32.6
CCCn1c(=O)[nH]c2nc(-c3ccc(S(=O)(=O)N4CCN(Cc5ccccc5)CC4)cc3)[nH]c2c1=O,6.32,Ki,Ki,484.0
CCCn1c(=O)[nH]c2[nH]c(-c3ccc(S(=O)(=O)NCCc4ccccc4)cc3)nc2c1=O,6.11,Ki,Ki,769.0
CCCn1c(=O)[nH]c2[nH]c(-c3ccc(S(=O)(=O)NCc4ccccc4)cc3)nc2c1=O,6.79,Ki,Ki,162.0
CCCn1c(=O)c2[nH]c(C3CCCC3)nc2n(CCC)c1=O,6.47,Ki,Ki,337.0
CCCn1c(=O)c2[nH]c(C3CCCC3)nc2n(CCC)c1=O,6.58,Ki,Ki,260.0
Cn1c(=O)c2nc[nH]c2n(C)c1=O.O,4.68,Ki,Ki,21000.0
Cn1c(=O)c2nc[nH]c2n(C)c1=O.O,5.1,Ki,Ki,7900.0
COc1ccc(-n2nc3c(N(C(=O)c4ccccc4)C(=O)c4ccccc4)nc4ccccc4n3c2=O)cc1,5.18,Ki,Ki,6570.0
Nc1cccc2c1nc(NC(=O)C(c1ccccc1)c1ccccc1)c1nn(-c3ccccc3)c(=O)n12,6.2,Ki,Ki,627.0
O=C(Nc1nc2ccccc2n2c(=O)n(-c3ccccc3)nc12)C(c1ccccc1)c1ccccc1,5.94,Ki,Ki,1160.0
Nc1cccc2c1nc(NC(=O)c1ccccc1)c1nn(-c3ccccc3)c(=O)n12,5.31,Ki,Ki,4850.0
COc1ccc(-n2nc3c(NC(=O)c4ccccc4)nc4ccccc4n3c2=O)cc1,5.45,Ki,Ki,3585.0
O=C(Nc1nc2ccccc2n2c(=O)n(-c3ccccc3)nc12)c1ccccc1,7.05,Ki,Ki,88.2
COc1ccc(-n2nc3c(NC(C)=O)nc4c(N)cccc4n3c2=O)cc1,5.96,Ki,Ki,1100.0
CC(=O)Nc1nc2c(N)cccc2n2c(=O)n(-c3ccccc3)nc12,5.2,Ki,Ki,6250.0
CC(=O)Nc1nc2c(N)cccc2n2c(=O)n(-c3ccccc3)nc12,6.43,Ki,Ki,367.0
CCCn1c(=O)c2[nH]c(C34CCC(CCC(=O)O)(CC3)CC4)nc2n(CCC)c1=O,5.19,Ki,Ki,6400.0
CCCN1C(=O)N2C[C@@H](C(C)C)N=C2c2[nH]c(C34CCC(CCC(=O)O)(CC3)CC4)nc21,4.75,Ki,Ki,18000.0
CCCn1c(=O)c2nc(C34CCC(O)(CC3)CC4)[nH]c2n(CCC)c1=O,6.26,Ki,Ki,550.0
CCCN1C(=O)N2C[C@@H](C(C)C)N=C2c2[nH]c(C34CCC(O)(CC3)CC4)nc21,5.8,Ki,Ki,1600.0
CCCN1C(=O)N2C[C@@H](CC)N=C2c2[nH]c(C34CCC(O)(CC3)CC4)nc21,5.36,Ki,Ki,4400.0
CCCn1c(=O)c2nc([C@H]3CC[C@H](CO)CC3)[nH]c2n(CCC)c1=O,6.5,Ki,Ki,313.0
CCCn1c(=O)c2nc(C34CC5CC(C3)C(C5)C4)[nH]c2n(CCC)c1=O,6.17,Ki,Ki,673.0
CCCn1c(=O)c2nc([C@H]3CC4C[C@@H]3[C@H]3O[C@@H]43)[nH]c2n(CCC)c1=O,5.78,Ki,Ki,1660.0
CCCn1c(=O)c2nc([C@]34CC[C@](CCC(=O)O)(CC3)CC4)[nH]c2n(CCC)c1=O,5.19,Ki,Ki,6410.0
CCCn1c(=O)c2nc([C@]34CC[C@](/C=C/C(=O)O)(CC3)CC4)[nH]c2n(CCC)c1=O,5.48,Ki,Ki,3330.0
CCCn1c(=O)c2nc([C@]34CC[C@](C=O)(CC3)CC4)[nH]c2n(CCC)c1=O,6.1,Ki,Ki,799.0
CCCn1c(=O)c2nc([C@]34CC[C@](CO)(CC3)CC4)[nH]c2n(CCC)c1=O,6.38,Ki,Ki,414.0
CCCn1c(=O)c2nc([C@]34CC[C@](C(=O)OC)(CC3)CC4)[nH]c2n(CCC)c1=O,6.04,Ki,Ki,912.0
CCCn1c(=O)c2nc([C@]34CC[C@](C(=O)N5CCC(C(=O)O)CC5)(CC3)CC4)[nH]c2n(CCC)c1=O,5.11,Ki,Ki,7820.0
CCCn1c(=O)c2nc([C@]34CC[C@](C(=O)NCCC(=O)OC)(CC3)CC4)[nH]c2n(CCC)c1=O,5.85,Ki,Ki,1400.0
CCCn1c(=O)c2nc([C@]34CC[C@](C(=O)NCC(=O)O)(CC3)CC4)[nH]c2n(CCC)c1=O,5.1,Ki,Ki,7880.0
CCCn1c(=O)c2nc([C@]34CC[C@](C(=O)NCC(=O)OC)(CC3)CC4)[nH]c2n(CCC)c1=O,6.17,Ki,Ki,681.0
CCCn1c(=O)c2nc([C@]34CC[C@](C(=O)NCCN(C)C)(CC3)CC4)[nH]c2n(CCC)c1=O,6.88,Ki,Ki,132.0
CCCn1c(=O)c2nc([C@]34CC[C@](C(=O)O)(CC3)CC4)[nH]c2n(CCC)c1=O,5.97,Ki,Ki,1070.0
CCCn1c(=O)c2nc([C@H]3CC[C@H](NC(=O)OCc4ccccc4)CC3)[nH]c2n(CCC)c1=O,5.53,Ki,Ki,2960.0
CCCn1c(=O)c2nc([C@H]3CC[C@H](C(=O)NCCN(C)C)CC3)[nH]c2n(CCC)c1=O,6.78,Ki,Ki,168.0
CCCCNC(=O)[C@H]1CC[C@H](c2nc3c(=O)n(CCC)c(=O)n(CCC)c3[nH]2)CC1,5.65,Ki,Ki,2260.0
CCCn1c(=O)c2nc([C@H]3CC[C@H](COCc4ccccc4)CC3)[nH]c2n(CCC)c1=O,5.57,Ki,Ki,2720.0
COc1ccc(Cl)c(CNc2nc(-n3cc(CC4CCCC4)nn3)nc3c2ncn3[C@@H]2O[C@H](CO)[C@@H](O)[C@H]2O)c1,5.22,Ki,Ki,6000.0
COc1ccc(Cl)c(CNc2nc(N=[N+]=[N-])nc3c2ncn3[C@@H]2O[C@H](CO)[C@@H](O)[C@H]2O)c1,5.75,Ki,Ki,1800.0
CCNC(=O)[C@H]1O[C@@H](n2cnc3c(N)ncnc32)[C@H](O)[C@@H]1O,6.17,Ki,Ki,680.0
CCNC(=O)[C@H]1O[C@@H](n2cnc3c(N)ncnc32)[C@H](O)[C@@H]1O,7.9,Ki,Ki,12.5
CCNC(=O)[C@H]1O[C@@H](n2cnc3c(NNC(=O)c4ccc[nH]4)nc(Cl)nc32)[C@H](O)[C@@H]1O,5.5,Ki,Ki,3200.0
CCNC(=O)[C@H]1O[C@@H](n2cnc3c(NNC(=O)c4sccc4C)nc(Cl)nc32)[C@H](O)[C@@H]1O,5.42,Ki,Ki,3800.0
CCNC(=O)[C@H]1O[C@@H](n2cnc3c(NNC(=O)c4cccs4)nc(Cl)nc32)[C@H](O)[C@@H]1O,5.77,Ki,Ki,1700.0
CCNC(=O)[C@H]1O[C@@H](n2cnc3c(NNC(=O)c4ccsc4)nc(Cl)nc32)[C@H](O)[C@@H]1O,5.48,Ki,Ki,3300.0
CCNC(=O)[C@H]1O[C@@H](n2cnc3c(NNC(=O)Cc4cccs4)nc(Cl)nc32)[C@H](O)[C@@H]1O,6.2,Ki,Ki,633.0
CCNC(=O)[C@H]1O[C@@H](n2cnc3c(NNC(=O)c4ccc(C)s4)nc(Cl)nc32)[C@H](O)[C@@H]1O,5.39,Ki,Ki,4100.0
CCNC(=O)[C@H]1O[C@@H](n2cnc3c(NNC(=O)c4ccco4)nc(Cl)nc32)[C@H](O)[C@@H]1O,5.3,Ki,Ki,4950.0
CCNC(=O)[C@H]1O[C@@H](n2cnc3c(NNC(=O)c4ccc(C)s4)ncnc32)[C@H](O)[C@@H]1O,5.68,Ki,Ki,2100.0
CCNC(=O)[C@H]1O[C@@H](n2cnc3c(NNC(=O)c4ccc(C)o4)ncnc32)[C@H](O)[C@@H]1O,5.8,Ki,Ki,1600.0
CCNC(=O)[C@H]1O[C@@H](n2cnc3c(NNC(=O)c4ccc(Br)o4)ncnc32)[C@H](O)[C@@H]1O,5.92,Ki,Ki,1200.0
CCNC(=O)[C@H]1O[C@@H](n2cnc3c(NNC(=O)c4ccco4)ncnc32)[C@H](O)[C@@H]1O,5.81,Ki,Ki,1550.0
CCc1nn(C2CCCC2)c2c1CCn1c(-c3cccs3)nnc1-2,5.36,IC50,IC50,4.4
CCSc1nc(N)nc(-c2ccccc2)n1,8.3,Ki,Ki,5.0
CSc1nc(N)nc(-c2cccc(-c3ccc4[nH]ccc4c3)c2)n1,7.51,Ki,Ki,31.0
COc1ccc(-c2cccc(-c3nc(N)nc(SC)n3)c2)cn1,7.64,Ki,Ki,23.0
N#Cc1c(-c2ccc(Cl)cc2)cc(-c2ccccc2Cl)nc1N,6.39,Ki,Ki,403.0
CCOc1cc(-c2cc(-c3ccc(O)cc3)nc(N)c2C#N)ccc1O,6.57,Ki,Ki,267.0
N#Cc1c(-c2ccc(Cl)c(Cl)c2)cc(-c2cccnc2)nc1N,6.68,Ki,Ki,210.0
N#Cc1c(-c2ccc(Cl)cc2)cc(-c2ccccc2)nc1N,6.7,Ki,Ki,201.0
COc1cc(-c2cc(-c3ccc(O)cc3)nc(N)c2C#N)ccc1O,6.82,Ki,Ki,151.0
Cc1ccc(-c2cc(-c3ccccc3)nc(N)c2C#N)cc1,6.93,Ki,Ki,118.0
N#Cc1c(-c2ccc(F)cc2)cc(C2CC2)nc1N,6.97,Ki,Ki,106.0
N#Cc1c(-c2ccccc2Cl)cc(-c2ccccc2)nc1N,7.05,Ki,Ki,89.0
N#Cc1c(-c2ccc(F)cc2)cc(-c2ccccc2)nc1N,7.06,Ki,Ki,87.0
Fc1ccc(CNc2nc(-c3ccc(Cl)cc3)cc(C(F)(F)F)n2)cc1,6.34,Ki,Ki,454.0
COc1cccc(-c2cc(C(F)(F)F)nc(NCc3ccc(F)cc3)n2)c1,6.54,Ki,Ki,290.0
Fc1ccc(CNc2nc(-c3cccs3)cc(C(F)(F)F)n2)cc1,6.54,Ki,Ki,287.0
Fc1ccc(CNc2nc(-c3ccccc3)cc(C(F)(F)F)n2)cc1,6.54,Ki,Ki,287.0
N#Cc1c(N)nc2c(c1-c1ccc(F)cc1)CCC2,6.63,Ki,Ki,232.0
Oc1nc2c(-c3ccccc3)cc(-c3ccccc3)nc2[nH]1,6.72,Ki,Ki,192.0
c1ccc(-c2cc(-c3ccccc3)c3nc(C4CCCCC4)[nH]c3n2)cc1,6.71,Ki,Ki,194.0
CC(C)(C)c1nc2c(-c3ccccc3)cc(-c3ccccc3)nc2[nH]1,5.98,Ki,Ki,1055.0
CCC(CC)c1nc2c(-c3ccccc3)cc(-c3ccccc3)nc2[nH]1,6.61,Ki,Ki,247.0
CC(C)Cc1nc2c(-c3ccccc3)cc(-c3ccccc3)nc2[nH]1,6.72,Ki,Ki,189.0
CC(C)c1nc2c(-c3ccccc3)cc(-c3ccccc3)nc2[nH]1,6.64,Ki,Ki,230.0
CCCc1nc2c(-c3ccccc3)cc(-c3ccccc3)nc2[nH]1,6.94,Ki,Ki,114.0
CCc1nc2c(-c3ccccc3)cc(-c3ccccc3)nc2[nH]1,6.75,Ki,Ki,177.0
Cc1nc2c(-c3ccccc3)cc(-c3ccccc3)nc2[nH]1,6.43,Ki,Ki,375.0
c1ccc(-c2cc(-c3ccccc3)c3nc[nH]c3n2)cc1,7.41,Ki,Ki,39.0
Nc1nc(C#Cc2ccccc2)nc2c1ncn2[C@@H]1O[C@H](CO)[C@@H](O)[C@H]1O,6.44,Ki,Ki,363.0
CNC(=O)[C@H]1O[C@@H](n2cnc3c(NOC)nc(C#Cc4ccccc4)nc32)[C@H](O)[C@@H]1O,4.79,Ki,Ki,16300.0
CCNC(=O)[C@H]1O[C@@H](n2cnc3c(NOC)nc(C#Cc4ccc(C(C)=O)cc4)nc32)[C@H](O)[C@@H]1O,5.38,Ki,Ki,4210.0
CCNC(=O)[C@H]1O[C@@H](n2cnc3c(NOC)nc(C#Cc4ccc(F)cc4)nc32)[C@H](O)[C@@H]1O,5.2,Ki,Ki,6290.0
CCCCCc1ccc(C#Cc2nc(NOC)c3ncn([C@@H]4O[C@H](C(=O)NCC)[C@@H](O)[C@H]4O)c3n2)cc1,4.57,Ki,Ki,27100.0
CCNC(=O)[C@H]1O[C@@H](n2cnc3c(NOC)nc(C#Cc4ccc(C)cc4)nc32)[C@H](O)[C@@H]1O,5.34,Ki,Ki,4600.0
CCNC(=O)[C@H]1O[C@@H](n2cnc3c(NOC)nc(C#Cc4ccccn4)nc32)[C@H](O)[C@@H]1O,5.19,Ki,Ki,6460.0
CCNC(=O)[C@H]1O[C@@H](n2cnc3c(NOC)nc(C#Cc4ccccc4)nc32)[C@H](O)[C@@H]1O,5.18,Ki,Ki,6660.0
CCNC(=O)[C@H]1O[C@@H](n2cnc3c(NOC)nc(I)nc32)[C@H](O)[C@@H]1O,5.28,Ki,Ki,5290.0
CCNC(=O)[C@H]1O[C@@H](n2cnc3c(N)nc(C#Cc4ccccc4)nc32)[C@H](O)[C@@H]1O,6.21,Ki,Ki,620.0
CNC(=O)[C@H]1O[C@@H](n2cnc3c(NOC)nc(C#Cc4ccc(C(C)=O)cc4)nc32)[C@H](O)[C@@H]1O,4.98,Ki,Ki,10400.0
CNC(=O)[C@H]1O[C@@H](n2cnc3c(NOC)nc(C#Cc4ccc(F)cc4)nc32)[C@H](O)[C@@H]1O,4.73,Ki,Ki,18700.0
CCCCCc1ccc(C#Cc2nc(NOC)c3ncn([C@@H]4O[C@H](C(=O)NC)[C@@H](O)[C@H]4O)c3n2)cc1,4.5,Ki,Ki,31700.0
CNC(=O)[C@H]1O[C@@H](n2cnc3c(NOC)nc(C#Cc4ccc(C)cc4)nc32)[C@H](O)[C@@H]1O,4.83,Ki,Ki,14700.0
CNC(=O)[C@H]1O[C@@H](n2cnc3c(NOC)nc(C#Cc4ccccn4)nc32)[C@H](O)[C@@H]1O,4.75,Ki,Ki,18000.0
CNC(=O)[C@H]1O[C@@H](n2cnc3c(NOC)nc(I)nc32)[C@H](O)[C@@H]1O,4.92,Ki,Ki,12100.0
CCC(=O)[C@H]1O[C@@H](n2cnc3c(N)nc(C#Cc4ccccc4)nc32)[C@H](O)[C@@H]1O,5.75,Ki,Ki,1760.0
CONc1nc(C#Cc2ccc(OC)cc2)nc2c1ncn2[C@@H]1O[C@H](CO)[C@@H](O)[C@H]1O,5.75,Ki,Ki,1780.0
CONc1nc(C#Cc2ccc(C(N)=O)cc2)nc2c1ncn2[C@@H]1O[C@H](CO)[C@@H](O)[C@H]1O,5.5,Ki,Ki,3130.0
CONc1nc(C#Cc2ccc(C(C)=O)cc2)nc2c1ncn2[C@@H]1O[C@H](CO)[C@@H](O)[C@H]1O,5.57,Ki,Ki,2680.0
CONc1nc(C#Cc2ccc(CC#N)cc2)nc2c1ncn2[C@@H]1O[C@H](CO)[C@@H](O)[C@H]1O,5.51,Ki,Ki,3080.0
CONc1nc(C#Cc2cccc(C(F)(F)F)c2)nc2c1ncn2[C@@H]1O[C@H](CO)[C@@H](O)[C@H]1O,5.08,Ki,Ki,8270.0
CONc1nc(C#Cc2ccc(F)cc2)nc2c1ncn2[C@@H]1O[C@H](CO)[C@@H](O)[C@H]1O,5.4,Ki,Ki,3960.0
CCCCCc1ccc(C#Cc2nc(NOC)c3ncn([C@@H]4O[C@H](CO)[C@@H](O)[C@H]4O)c3n2)cc1,5.19,Ki,Ki,6520.0
CONc1nc(C#Cc2ccc(C)cc2)nc2c1ncn2[C@@H]1O[C@H](CO)[C@@H](O)[C@H]1O,4.46,Ki,Ki,35100.0
CONc1nc(C#Cc2ccncc2)nc2c1ncn2[C@@H]1O[C@H](CO)[C@@H](O)[C@H]1O,5.2,Ki,Ki,6310.0
CONc1nc(C#Cc2cccnc2)nc2c1ncn2[C@@H]1O[C@H](CO)[C@@H](O)[C@H]1O,4.9,Ki,Ki,12500.0
CONc1nc(C#Cc2ccccn2)nc2c1ncn2[C@@H]1O[C@H](CO)[C@@H](O)[C@H]1O,5.53,Ki,Ki,2960.0
CONc1nc(C#CC2CCCCC2O)nc2c1ncn2[C@@H]1O[C@H](CO)[C@@H](O)[C@H]1O,7.04,Ki,Ki,91.0
CONc1nc(C#CCC(C)O)nc2c1ncn2[C@@H]1O[C@H](CO)[C@@H](O)[C@H]1O,6.12,Ki,Ki,758.0
CONc1nc(C#CCCCC#N)nc2c1ncn2[C@@H]1O[C@H](CO)[C@@H](O)[C@H]1O,5.74,Ki,Ki,1820.0
CONc1nc(C#C[Si](C)(C)C)nc2c1ncn2[C@@H]1O[C@H](CO)[C@@H](O)[C@H]1O,5.24,Ki,Ki,5740.0
CCCCC#Cc1nc(NOC)c2ncn([C@@H]3O[C@H](CO)[C@@H](O)[C@H]3O)c2n1,6.57,Ki,Ki,267.0
C#Cc1nc(NOC)c2ncn([C@@H]3O[C@H](CO)[C@@H](O)[C@H]3O)c2n1,5.5,Ki,Ki,3140.0
CONc1nc(C#Cc2ccccc2)nc2c1ncn2[C@@H]1O[C@@H](CO)[C@@H](O)[C@H]1O,5.37,Ki,Ki,4290.0
CONc1nc(I)nc2c1ncn2[C@@H]1O[C@H](CO)[C@@H](O)[C@H]1O,4.91,Ki,Ki,12400.0
C[C@H](Cc1ccccc1)Nc1ncnc2c1ncn2[C@@H]1O[C@H](CO)[C@@H](O)[C@H]1O,6.05,Ki,Ki,884.0
CCNC(=O)[C@H]1O[C@@H](n2cnc3c(N)nc(C#C[C@@H](O)c4ccccc4)nc32)[C@H](O)[C@@H]1O,8.7,Ki,Ki,2.0
CCNC(=O)[C@H]1O[C@@H](n2cnc3c(NC(=N)N)ncnc32)[C@H](O)[C@@H]1O,6.2,Ki,Ki,628.0
CCNC(=O)[C@H]1O[C@@H](n2cnc3c(N)ncnc32)[C@H](O)[C@@H]1O,8.66,Ki,Ki,2.2
Nc1nc(OCCc2cc3ccccc3[nH]2)nc2c1ncn2[C@@H]1O[C@H](CO)[C@@H](O)[C@H]1O,6.43,Ki,Ki,373.0
Nc1nc(OCCc2cc[nH]c2)nc2c1ncn2[C@@H]1O[C@H](CO)[C@@H](O)[C@H]1O,7.02,Ki,Ki,95.0
Cc1ccc(S(=O)(=O)n2cc(CCOc3nc(N)c4ncn([C@@H]5O[C@H](CO)[C@@H](O)[C@H]5O)c4n3)c3ccccc32)cc1,5.57,Ki,Ki,2670.0
Nc1nc(OCCc2c[nH]c3ccccc23)nc2c1ncn2[C@@H]1O[C@H](CO)[C@@H](O)[C@H]1O,7.35,Ki,Ki,45.0
Nc1nc(OCCc2ccsc2)nc2c1ncn2[C@@H]1O[C@H](CO)[C@@H](O)[C@H]1O,7.88,Ki,Ki,13.3
Nc1nc(OCCc2cccs2)nc2c1ncn2[C@@H]1O[C@H](CO)[C@@H](O)[C@H]1O,7.96,Ki,Ki,10.9
Nc1nc(OCCc2ccc3ccccc3c2)nc2c1ncn2[C@@H]1O[C@H](CO)[C@@H](O)[C@H]1O,7.79,Ki,Ki,16.1
Nc1nc(OCCc2ccc(F)cc2)nc2c1ncn2[C@@H]1O[C@H](CO)[C@@H](O)[C@H]1O,7.25,Ki,Ki,56.8
Nc1nc(OCCc2cccc(F)c2)nc2c1ncn2[C@@H]1O[C@H](CO)[C@@H](O)[C@H]1O,7.16,Ki,Ki,69.3
Nc1nc(OCCc2ccccc2F)nc2c1ncn2[C@@H]1O[C@H](CO)[C@@H](O)[C@H]1O,7.24,Ki,Ki,58.1
C[C@@H](CCOc1nc(N)c2ncn([C@@H]3O[C@H](CO)[C@@H](O)[C@H]3O)c2n1)c1ccccc1,6.38,Ki,Ki,413.0
Nc1nc(OCCCCc2ccccc2)nc2c1ncn2[C@@H]1O[C@H](CO)[C@@H](O)[C@H]1O,6.29,Ki,Ki,519.0
Nc1nc(OCCCc2ccccc2)nc2c1ncn2[C@@H]1O[C@H](CO)[C@@H](O)[C@H]1O,6.3,Ki,Ki,500.0
Nc1nc(OCCc2ccccc2)nc2c1ncn2[C@@H]1O[C@H](CO)[C@@H](O)[C@H]1O,8.03,Ki,Ki,9.3
Nc1nc(OCCC2CCCCC2)nc2c1ncn2[C@@H]1O[C@H](CO)[C@@H](O)[C@H]1O,6.24,Ki,Ki,579.0
CCOc1nc(N)c2ncn([C@@H]3O[C@H](CO)[C@@H](O)[C@H]3O)c2n1,6.44,Ki,Ki,360.0
CCNC(=O)[C@H]1O[C@@H](n2cnc3c(N)nc(OCCc4c[nH]c5ccccc45)nc32)[C@H](O)[C@@H]1O,6.6,Ki,Ki,250.0
Cc1ccc(S(=O)(=O)n2cc(CCOc3nc(NC(=N)N)c4ncn([C@@H]5O[C@H](CO)[C@@H](O)[C@H]5O)c4n3)c3ccccc32)cc1,6.46,Ki,Ki,344.0
N=C(N)Nc1nc(OCCc2c[nH]c3ccccc23)nc2c1ncn2[C@@H]1O[C@H](CO)[C@@H](O)[C@H]1O,6.56,Ki,Ki,277.0
Nc1nc(OCCn2cnc3ccccc32)nc2c1ncn2[C@@H]1O[C@H](CO)[C@@H](O)[C@H]1O,5.41,Ki,Ki,3870.0
Nc1nc(OCCc2c[nH]c3ccc(O)cc23)nc2c1ncn2[C@@H]1O[C@H](CO)[C@@H](O)[C@H]1O,6.35,Ki,Ki,450.0
COc1ccc2[nH]cc(CCOc3nc(N)c4ncn([C@@H]5O[C@H](CO)[C@@H](O)[C@H]5O)c4n3)c2c1,5.85,Ki,Ki,1400.0
Nc1nc(OCCc2c[nH]c3c(Br)cccc23)nc2c1ncn2[C@@H]1O[C@H](CO)[C@@H](O)[C@H]1O,6.6,Ki,Ki,252.0
Nc1nc(OCCc2c[nH]c3cccc(Br)c23)nc2c1ncn2[C@@H]1O[C@H](CO)[C@@H](O)[C@H]1O,7.4,Ki,Ki,39.7
Nc1nc(OCCc2c[nH]c3cc(Br)ccc23)nc2c1ncn2[C@@H]1O[C@H](CO)[C@@H](O)[C@H]1O,6.82,Ki,Ki,150.0
Nc1nc(OCCc2c[nH]c3cc(Cl)ccc23)nc2c1ncn2[C@@H]1O[C@H](CO)[C@@H](O)[C@H]1O,7.53,Ki,Ki,29.3
Nc1nc(OCCc2c[nH]c3ccc(I)cc23)nc2c1ncn2[C@@H]1O[C@H](CO)[C@@H](O)[C@H]1O,6.05,Ki,Ki,900.0
Nc1nc(OCCc2c[nH]c3ccc(Br)cc23)nc2c1ncn2[C@@H]1O[C@H](CO)[C@@H](O)[C@H]1O,6.3,Ki,Ki,502.0
Nc1nc(OCCc2c[nH]c3ccc(Cl)cc23)nc2c1ncn2[C@@H]1O[C@H](CO)[C@@H](O)[C@H]1O,6.41,Ki,Ki,390.0
Nc1nc(OCCc2c[nH]c3ccc(F)cc23)nc2c1ncn2[C@@H]1O[C@H](CO)[C@@H](O)[C@H]1O,6.43,Ki,Ki,370.0
Cc1ccc(S(=O)(=O)n2c(CCOc3nc(N)c4ncn([C@@H]5O[C@H](CO)[C@@H](O)[C@H]5O)c4n3)cc3ccccc32)cc1,5.59,Ki,Ki,2570.0
CC(=O)Nc1cc(-c2ccccc2)nc(-c2ccccc2)n1,6.31,Ki,Ki,489.0
O=C(Nc1nc(-c2ccccc2)cc(-c2ccccc2)n1)C1CC1,6.64,Ki,Ki,228.0
CCC(=O)Nc1nc(-c2ccccc2)cc(-c2ccccc2)n1,6.05,Ki,Ki,893.0
O=C(Nc1cc(-c2ccccc2)nc(-c2ccccc2)n1)C1CCCCC1,6.68,Ki,Ki,208.0
O=C(Nc1cc(-c2ccccc2)nc(-c2ccccc2)n1)C1CCCC1,6.71,Ki,Ki,196.0
O=C(Nc1cc(-c2ccccc2)nc(-c2ccccc2)n1)C1CCC1,6.75,Ki,Ki,179.0
O=C(Nc1cc(-c2ccccc2)nc(-c2ccccc2)n1)C1CC1,6.72,Ki,Ki,189.0
CCC(C)C(=O)Nc1cc(-c2ccccc2)nc(-c2ccccc2)n1,6.05,Ki,Ki,899.0
CCC(CC)C(=O)Nc1cc(-c2ccccc2)nc(-c2ccccc2)n1,6.42,Ki,Ki,381.0
CC(C)CC(=O)Nc1cc(-c2ccccc2)nc(-c2ccccc2)n1,6.8,Ki,Ki,157.0
CC(C)C(=O)Nc1cc(-c2ccccc2)nc(-c2ccccc2)n1,6.42,Ki,Ki,376.0
CCCC(=O)Nc1cc(-c2ccccc2)nc(-c2ccccc2)n1,6.91,Ki,Ki,124.0
CCC(=O)Nc1cc(-c2ccccc2)nc(-c2ccccc2)n1,7.09,Ki,Ki,81.9
CCCNc1c(C(=O)OC)cnc2c1cnn2CC(Cl)c1ccccc1,5.12,Ki,Ki,7671.0
CC(C)OC(=O)c1cnc2c(cnn2CC(Cl)c2ccccc2)c1NCCc1ccccc1,5.82,Ki,Ki,1517.0
CC(C)OC(=O)c1cnc2c(cnn2CC(Cl)c2ccccc2)c1NC1CC1,5.12,Ki,Ki,7503.0
CCCOC(=O)c1cnc2c(cnn2CC(Cl)c2ccccc2)c1NCCc1ccccc1,5.87,Ki,Ki,1358.0
CCCOC(=O)c1cnc2c(cnn2CC(Cl)c2ccccc2)c1N1CCCC1,5.7,Ki,Ki,1988.0
CCCNc1c(C(=O)OCCC)cnc2c1cnn2CC(Cl)c1ccccc1,5.86,Ki,Ki,1388.0
CCCOC(=O)c1cnc2c(cnn2CC(Cl)c2ccccc2)c1NC1CC1,5.81,Ki,Ki,1562.0
COC(=O)c1cnc2c(cnn2CC(Cl)c2ccccc2)c1NCCc1ccccc1,5.91,Ki,Ki,1232.0
COC(=O)c1cnc2c(cnn2CC(Cl)c2ccccc2)c1NCc1ccccc1,5.12,Ki,Ki,7574.0
CCNC(=O)[C@H]1O[C@@H](n2cnc3c(N)ncnc32)[C@H](O)[C@@H]1O,7.91,Ki,Ki,12.4
CN1C[C@H](C(=O)N[C@@H](CCC2CCCCC2)C(=O)N[C@@H](Cc2ccc(F)cc2)C(=O)N2CCC[C@H]2C(N)=O)C=C2c3cccc4[nH]cc(c34)C[C@H]21,4.48,Kd,Kd,33.0
CC(C)[C@H](NC(=O)[C@@H]1C=C2c3cccc4[nH]cc(c34)C[C@H]2N(C)C1)C(=O)N[C@@H](CCC1CCCCC1)C(=O)N1CCCC(C(N)=O)C1,4.3,Kd,Kd,50.0
CC(C)[C@H](NC(=O)[C@@H]1C=C2c3cccc4[nH]cc(c34)C[C@H]2N(C)C1)C(=O)N[C@@H](CCC1CCCCC1)C(=O)N1c2ccccc2C[C@H]1C(N)=O,4.6,Kd,Kd,25.0
CNC(=O)[C@H]1O[C@@H](n2cnc3c(NCc4cccc(I)c4)nc(Cl)nc32)[C@H](O)[C@@H]1O,5.27,Ki,Ki,5360.0
CNc1nc(Cl)nc2c1ncn2[C@@H]1SC[C@@H](O)[C@H]1O,7.35,Ki,Ki,45.0
COc1ccc(Cl)cc1CNc1nc(Cl)nc2c1ncn2[C@@H]1SC[C@@H](O)[C@H]1O,5.4,Ki,Ki,4020.0
O[C@@H]1[C@H](O)CS[C@H]1n1cnc2c(NCc3ccccc3Cl)nc(Cl)nc21,5.8,Ki,Ki,1600.0
O[C@@H]1[C@H](O)CS[C@H]1n1cnc2c(NCc3cccc(I)c3)nc(Cl)nc21,6.47,Ki,Ki,341.0
CNC(=O)[C@H]1S[C@@H](n2cnc3c(NCc4cccc(I)c4)nc(Cl)nc32)[C@H](O)[C@@H]1O,6.65,Ki,Ki,223.0
O=C1NCC[C@@]12O[C@@H](n1cnc3c(NCc4cccc(I)c4)ncnc31)[C@H](O)[C@@H]2O,4.53,Ki,Ki,29800.0
Cn1c(=O)c2nc[nH]c2n(C)c1=O.O,5.1,Ki,Ki,7900.0
COc1cccc(-n2cc3c(n2)c(N)nc2ccccc23)c1,6.31,Ki,Ki,486.0
Nc1nc2ccccc2c2cn(-c3ccccc3)nc12,7.04,Ki,Ki,91.0
COc1ccc(-n2cc3c(n2)c(N)nc2ccccc23)cc1,5.97,Ki,Ki,1060.0
Cc1ccc(-n2cc3c(n2)c(N)nc2ccccc23)cc1,6.48,Ki,Ki,329.0
Cc1cccc(-n2cc3c(n2)c(N)nc2ccccc23)c1,6.64,Ki,Ki,228.0
Cc1cccc(-n2cc3c(n2)c(NC(=O)c2ccccc2)nc2ccccc23)c1,5.54,Ki,Ki,2860.0
CCCn1c(=O)c2[nH]c(C3CCCC3)nc2n(CCC)c1=O,6.58,Ki,Ki,260.0
CC(=O)Nc1nc2ccccc2c2cn(-c3ccc(C)cc3)nc12,5.82,Ki,Ki,1500.0
CCOC(=O)c1cnn(-c2nc(N[C@H]3CCCO3)c3ncn([C@@H]4O[C@H](CO)[C@@H](O)[C@H]4O)c3n2)c1,5.62,Ki,Ki,2410.0
CCNC(=O)c1cnn(-c2nc(N[C@H]3CCCO3)c3ncn([C@@H]4O[C@H](CO)[C@@H](O)[C@H]4O)c3n2)c1,5.85,Ki,Ki,1410.0
CNC(=O)c1cnn(-c2nc(N[C@H]3CCCO3)c3ncn([C@@H]4O[C@H](CO)[C@@H](O)[C@H]4O)c3n2)c1,6.14,Ki,Ki,726.0
OCc1cnn(-c2nc(Nc3ncc4ccccc4n3)c3ncn([C@@H]4O[C@H](CO)[C@@H](O)[C@H]4O)c3n2)c1,6.45,Ki,Ki,357.0
OCc1cnn(-c2nc(Nc3cnccn3)c3ncn([C@@H]4O[C@H](CO)[C@@H](O)[C@H]4O)c3n2)c1,5.93,Ki,Ki,1170.0
OCc1cnn(-c2nc(Nc3ccc4ccccc4n3)c3ncn([C@@H]4O[C@H](CO)[C@@H](O)[C@H]4O)c3n2)c1,6.62,Ki,Ki,239.0
OCc1cnn(-c2nc(Nc3ccncc3)c3ncn([C@@H]4O[C@H](CO)[C@@H](O)[C@H]4O)c3n2)c1,5.83,Ki,Ki,1480.0
OCc1cnn(-c2nc(Nc3ccccn3)c3ncn([C@@H]4O[C@H](CO)[C@@H](O)[C@H]4O)c3n2)c1,5.93,Ki,Ki,1180.0
Cc1ccc(Nc2nc(-n3cc(CO)cn3)nc3c2ncn3[C@@H]2O[C@H](CO)[C@@H](O)[C@H]2O)cc1,5.63,Ki,Ki,2320.0
O=[N+]([O-])c1cc(O)c2c(c1)S(=O)(=O)N=C(Nc1ccccc1Oc1ccccc1)N2,4.6,IC50,IC50,25.0
Cn1c(=O)c2c(nc3n2CCCN3CCc2ccc(O)cc2)n(C)c1=O,6.2,Ki,Ki,0.63
Cn1c(=O)c2c(nc3n2CCCN3CCc2ccccc2)n(C)c1=O,5.54,Ki,Ki,2.89
Cn1c(=O)c2c(nc3n2CCCN3CCc2c[nH]c3ccccc23)n(C)c1=O,5.34,Ki,Ki,4.56
Nc1nc2ccccc2n2c(=O)c(-c3ccccc3)nn12,6.87,Ki,Ki,134.0
CNC(=O)[C@H]1O[C@@H](n2cnc3c(NCc4cccc(I)c4)nc(Cl)nc32)[C@H](O)[C@@H]1O,6.4,Ki,Ki,401.0
CCNC(=O)[C@H]1O[C@@H](n2cnc3c(N)ncnc32)[C@H](O)[C@@H]1O,7.8,Ki,Ki,16.0
CCCn1c(=O)c2[nH]c(C3CCCC3)nc2n(CCC)c1=O,6.47,Ki,Ki,337.0
O=C(NCc1ccccc1)Nc1nc2ccccc2n2c(=O)c(-c3ccccc3)nn12,6.92,Ki,Ki,120.1
O=C(Nc1cccc(Cl)c1)Nc1nc2ccccc2n2c(=O)c(-c3ccccc3)nn12,6.2,Ki,Ki,625.0
COc1ccc(NC(=O)Nc2nc3ccccc3n3c(=O)c(-c4ccccc4)nn23)cc1,6.58,Ki,Ki,262.1
O=C(Nc1ccccc1)Nc1nc2ccccc2n2c(=O)c(-c3ccccc3)nn12,6.34,Ki,Ki,460.2
O=C(c1ccccc1)N(C(=O)c1ccccc1)c1nc2ccccc2n2c(=O)c(-c3ccccc3)nn12,5.32,Ki,Ki,4800.0
O=C(Nc1nc2ccccc2n2c(=O)c(-c3ccccc3)nn12)c1ccccc1,5.99,Ki,Ki,1030.0
Cc1ccc(-c2nn3c(N)nc4ccc(Cl)cc4n3c2=O)cc1,8.64,Ki,Ki,2.3
Nc1nc2ccc(Cl)cc2n2c(=O)c(-c3ccc(Cl)cc3)nn12,7.17,Ki,Ki,67.5
Nc1nc2ccc(Cl)cc2n2c(=O)c(-c3ccccc3)nn12,8.33,Ki,Ki,4.7
COc1ccc(-c2nn3c(N)nc4ccccc4n3c2=O)cc1,8.05,Ki,Ki,9.0
Cc1ccc(-c2nn3c(N)nc4ccccc4n3c2=O)cc1,7.3,Ki,Ki,50.6
Nc1nc2ccccc2n2c(=O)c(-c3ccc(Cl)cc3)nn12,6.31,Ki,Ki,493.3
Nc1nc2ccccc2n2c(=O)c(-c3ccc(F)cc3)nn12,7.7,Ki,Ki,20.1
CC(C)(C)OC(=O)N1[C@H]2CC[C@H]1[C@H](Nc1ncnc3c1ncn3[C@@H]1O[C@H](CO)[C@@H](O)[C@H]1O)C2,4.46,Ki,Ki,34700.0
OC[C@H]1O[C@@H](n2cnc3c(NC4CC5CCC4N5)ncnc32)[C@H](O)[C@@H]1O,5.11,Ki,Ki,7800.0
OC[C@H]1O[C@@H](n2cnc3c(N[C@@H]4CC[Se]C4)ncnc32)[C@H](O)[C@@H]1O,5.26,Ki,Ki,5500.0
OC[C@H]1O[C@@H](n2cnc3c(N[C@@H]4CCSC4)ncnc32)[C@H](O)[C@@H]1O,5.01,Ki,Ki,9700.0
CCNC(=O)[C@H]1O[C@@H](n2cnc3c(N)ncnc32)[C@H](O)[C@@H]1O,6.96,Ki,Ki,110.0
CCCn1cnc2c1nc(N)n1nc(-c3ccco3)nc21,8.23,Ki,Ki,5.9
COCCOc1ccc(N2CCN(CCn3cnc4c3nc(N)n3nc(-c5cccc[n+]5[O-])nc43)CC2)cc1,7.05,Ki,Ki,89.7
COCCOc1ccc(N2CCN(CCn3cnc4c3nc(N)n3nc(-c5ccccn5)nc43)CC2)cc1,7.9,Ki,Ki,12.6
COCCOc1ccc(N2CCN(CCn3cnc4c3nc(N)n3nc(-c5ccccc5C)nc43)CC2)cc1,7.69,Ki,Ki,20.5
COCCOc1ccc(N2CCN(CCn3cnc4c3nc(N)n3nc(-c5ccccc5C(F)(F)F)nc43)CC2)cc1,8.0,Ki,Ki,10.0
COCCOc1ccc(N2CCN(CCn3cnc4c3nc(N)n3nc(-c5ccccc5F)nc43)CC2)cc1,8.03,Ki,Ki,9.3
COCCOc1ccc(N2CCN(CCn3cnc4c3nc(N)n3nc(-c5cccc(F)c5)nc43)CC2)cc1,8.7,Ki,Ki,2.0
COCCOc1ccc(N2CCN(CCn3cnc4c3nc(N)n3nc(-c5ccccc5)nc43)CC2)cc1,8.43,Ki,Ki,3.7
Nc1nc2c(ncn2CCN2CCN(c3ccc(Cl)cn3)CC2)c2nc(-c3ccco3)nn12,9.05,Ki,Ki,0.9
Cc1ccc(N2CCN(CCn3cnc4c3nc(N)n3nc(-c5ccco5)nc43)CC2)nc1,9.0,Ki,Ki,1.0
Nc1nc2c(ncn2CCN2CCN(c3nccs3)CC2)c2nc(-c3ccco3)nn12,8.77,Ki,Ki,1.7
Nc1nc2c(ncn2CCN2CCN(c3ncc(F)cn3)CC2)c2nc(-c3ccco3)nn12,8.85,Ki,Ki,1.4
Nc1nc2c(ncn2CCN2CCN(c3cccc(Cl)c3)CC2)c2nc(-c3ccco3)nn12,9.4,Ki,Ki,0.4
Nc1nc2c(ncn2CCN2CCN(c3ccc(Cl)cc3F)CC2)c2nc(-c3ccco3)nn12,9.52,Ki,Ki,0.3
Nc1nc2c(ncn2CCN2CCC(c3ccc(F)cc3)CC2)c2nc(-c3ccco3)nn12,9.05,Ki,Ki,0.9
COCCOc1ccc(C2CCN(CCn3cnc4c3nc(N)n3nc(-c5ccco5)nc43)CC2)cc1,9.15,Ki,Ki,0.7
Nc1nc2c(ncn2CCN2CCN(c3ccc(F)cc3F)CC2)c2nc(-c3ccco3)nn12,9.15,Ki,Ki,0.7
COCCOc1ccc(N2CCN(CCn3cnc4c3nc(N)n3nc(-c5ccco5)nc43)CC2)c(C(F)(F)F)c1,9.4,Ki,Ki,0.4
COCCOc1ccc(N2CCN(CCn3cnc4c3nc(N)n3nc(-c5ccco5)nc43)CC2)c(F)c1,9.1,Ki,Ki,0.8
COCCOc1ccc(N2CCN(CCn3cnc4c3nc(N)n3nc(-c5ccco5)nc43)CC2)cc1,9.05,Ki,Ki,0.9
COc1ccc(N2CCN(CCn3cnc4c3nc(N)n3nc(-c5ccco5)nc43)CC2)cc1,10.0,Ki,Ki,0.1
Nc1nc2c(ncn2Cc2ccccc2C(F)(F)F)c2nc(-c3ccco3)nn12,8.34,Ki,Ki,4.6
Nc1nc2c(ncn2Cc2ccccc2Cl)c2nc(-c3ccco3)nn12,8.77,Ki,Ki,1.7
Nc1nc2c(ncn2Cc2ccccc2Br)c2nc(-c3ccco3)nn12,8.34,Ki,Ki,4.6
Nc1nc2c(ncn2Cc2ccccc2)c2nc(-c3ccco3)nn12,8.82,Ki,Ki,1.5
Nc1nc2c(ncn2CCN2CCN(c3ccccc3)CC2)c2nc(-c3ccco3)nn12,8.77,Ki,Ki,1.7
Nc1nc2c(ncn2CCc2ccccc2)c2nc(-c3ccco3)nn12,8.39,Ki,Ki,4.1
Nc1nc2c(ncn2CCN2CCOCC2)c2nc(-c3ccco3)nn12,8.2,Ki,Ki,6.3
Nc1nc2c(cnn2CCN2CCN(c3ccccc3)CC2)c2nc(-c3ccco3)nn12,8.8,Ki,Ki,1.6
Nc1nc2c(cnn2CCN2CCN(c3c(F)cc(F)cc3F)CC2)c2nc(-c3ccco3)nn12,8.96,Ki,Ki,1.1
Nc1nc2c(cnn2CCN2CCN(c3ccc(F)c(F)c3F)CC2)c2nc(-c3ccco3)nn12,9.22,Ki,Ki,0.6
Nc1nc2c(cnn2CCN2CCN(c3ccc(F)c(F)c3)CC2)c2nc(-c3ccco3)nn12,8.85,Ki,Ki,1.4
Nc1nc2c(cnn2CCN2CCN(c3ccc(F)cc3F)CC2)c2nc(-c3ccco3)nn12,9.22,Ki,Ki,0.6
Nc1nc2c(cnn2CCN2CCN(c3ccccc3F)CC2)c2nc(-c3ccco3)nn12,9.22,Ki,Ki,0.6
Nc1nc2c(cnn2CCN2CCN(c3ccc(Cl)cc3)CC2)c2nc(-c3ccco3)nn12,9.3,Ki,Ki,0.5
Nc1nc2c(cnn2CCN2CCN(c3ccc(F)cc3)CC2)c2nc(-c3ccco3)nn12,9.0,Ki,Ki,1.0
N#Cc1ccc(N2CCN(CCn3ncc4c3nc(N)n3nc(-c5ccco5)nc43)CC2)cc1,8.68,Ki,Ki,2.1
CCOc1ccc(N2CCN(CCn3ncc4c3nc(N)n3nc(-c5ccco5)nc43)CC2)cc1,8.85,Ki,Ki,1.4
Nc1nc2c(cnn2CCN2CCN(c3ccc(O)cc3)CC2)c2nc(-c3ccco3)nn12,8.89,Ki,Ki,1.3
Nc1nc2c(cnn2CCN2CCN(c3ccc(OCCOC4CC4)cc3)CC2)c2nc(-c3ccco3)nn12,9.22,Ki,Ki,0.6
COCCCOc1ccc(N2CCN(CCn3ncc4c3nc(N)n3nc(-c5ccco5)nc43)CC2)cc1,9.22,Ki,Ki,0.6
C[S+]([O-])COc1ccc(N2CCN(CCn3ncc4c3nc(N)n3nc(-c5ccco5)nc43)CC2)cc1,8.66,Ki,Ki,2.2
CC(=O)COc1ccc(N2CCN(CCn3ncc4c3nc(N)n3nc(-c5ccco5)nc43)CC2)cc1,9.1,Ki,Ki,0.8
COC(C)COc1ccc(N2CCN(CCn3ncc4c3nc(N)n3nc(-c5ccco5)nc43)CC2)cc1,8.8,Ki,Ki,1.6
Nc1nc2c(cnn2CCN2CCN(c3ccc(OCCO)cc3)CC2)c2nc(-c3ccco3)nn12,9.22,Ki,Ki,0.6
COCCOc1ccc(N2CCN(CCn3ncc4c3nc(N)n3nc(-c5ccco5)nc43)CC2)c(F)c1,9.4,Ki,Ki,0.4
COCCOc1ccc(N2CCN(CCn3ncc4c3nc(N)n3nc(-c5ccco5)nc43)CC2)cc1,8.96,Ki,Ki,1.1
COc1ccccc1CN1CCCn2c1nc1c2c(=O)n(C)c(=O)n1C,4.95,Ki,Ki,11.3
Nc1cc(-n2cccn2)nc(-c2ccco2)n1,8.54,Ki,Ki,2.9
O=C(CN1CCOCC1)Nc1cc(-n2cccn2)nc(-c2ccco2)n1,8.8,Ki,Ki,1.6
CN1CCN(CC(=O)Nc2cc(-n3cccn3)nc(-c3ccco3)n2)CC1,8.57,Ki,Ki,2.7
CN(C)CC(=O)Nc1cc(-n2cccn2)nc(-c2ccco2)n1,8.28,Ki,Ki,5.2
Cc1cc(C)n(-c2cc(NC(=O)CN3CCN(C)CC3)nc(-c3ccco3)n2)n1,8.7,Ki,Ki,2.0
CN1CCN(CC(=O)Nc2cc(-c3nccs3)nc(-c3ccco3)n2)CC1,9.05,Ki,Ki,0.9
CCn1c(=O)c2c(nc(/C=C/c3ccc(OC)c(OC)c3)n2C)n(CC)c1=O,8.22,Ki,Ki,6.0
OC[C@H]1O[C@@H](n2cnc3c(NC4CCCC4)ncnc32)[C@H](O)[C@@H]1O,6.1,Ki,Ki,794.0
OC[C@H]1O[C@@H](n2cnc3c(N[C@@H]4CCOC4)nc(Cl)nc32)[C@H](O)[C@@H]1O,5.34,Ki,Ki,4590.0
OC[C@H]1O[C@@H](n2cnc3c(N[C@@H]4CCOC4)ncnc32)[C@H](O)[C@@H]1O,5.19,Ki,Ki,6390.0
C[C@@]1(O)[C@H](O)[C@@H](CO)O[C@H]1n1cnc2c(NC3CCCC3)nc(Cl)nc21,5.02,Ki,Ki,9580.0
OC[C@H]1O[C@@H](n2cnc3c(NC4CCCC4)nc(Cl)nc32)[C@H](O)[C@@H]1O,5.64,Ki,Ki,2300.0
C[C@@]1(O)[C@H](O)[C@@H](CO)O[C@H]1n1cnc2c(NC3CCCC3)ncnc21,4.98,Ki,Ki,10400.0
CNC(=S)OC[C@H]1O[C@@H](n2cnc3c(N[C@@H]4CCOC4)nc(Cl)nc32)[C@](C)(O)[C@@H]1O,4.8,Ki,Ki,15900.0
CNC(=S)OC[C@H]1O[C@@H](n2cnc3c(NC4CCCC4)nc(Cl)nc32)[C@](C)(O)[C@@H]1O,5.06,Ki,Ki,8760.0
CNC(=O)OC[C@H]1O[C@@H](n2cnc3c(NC4CCCC4)nc(Cl)nc32)[C@](C)(O)[C@@H]1O,4.98,Ki,Ki,10400.0
Cn1c(=O)c2c(nc(/C=C/c3cccc(Cl)c3)n2C)n(C)c1=O,7.44,Ki,Ki,36.0
CCCn1c(=O)c2[nH]c(-c3cnn(Cc4ccccc4)c3)nc2n(CCC)c1=O,6.54,Ki,Ki,290.0
CCn1c(=O)[nH]c2nc(-c3cnn(Cc4ccccc4)c3)[nH]c2c1=O,5.42,Ki,Ki,3800.0
CCCn1c(=O)c2[nH]c(-c3cnn(Cc4cccc(C(F)(F)F)c4)c3)nc2n(CCC)c1=O,6.4,Ki,Ki,400.0
CCCn1c(=O)c2[nH]c(-c3cnn(Cc4cccc(F)c4)c3)nc2n(CCC)c1=O,6.64,Ki,Ki,230.0
O=c1[nH]c2nc(-c3cnn(Cc4cccc(F)c4)c3)[nH]c2c(=O)n1CC1CC1,7.0,Ki,Ki,100.0
CCCn1c(=O)[nH]c2nc(-c3cnn(Cc4cccc(F)c4)c3)[nH]c2c1=O,5.76,Ki,Ki,1730.0
O=c1[nH]c2nc(-c3cnn(Cc4ccccc4)c3)[nH]c2c(=O)n1CC1CC1,5.56,Ki,Ki,2760.0
CCCCn1c(=O)[nH]c2nc(-c3cnn(Cc4ccccc4)c3)[nH]c2c1=O,5.47,Ki,Ki,3400.0
CCCn1c(=O)c2[nH]c(-c3cnn(Cc4cc(-c5ccccc5)on4)c3)nc2n(CCC)c1=O,6.38,Ki,Ki,420.0
CCCn1c(=O)c2[nH]c(-c3cnn(Cc4noc(-c5ccccc5)n4)c3)nc2n(CCC)c1=O,5.75,Ki,Ki,1800.0
CC(=O)Nc1cc(-n2cccn2)nc(-c2ccco2)n1,9.22,Ki,Ki,0.6
Cc1ccc(-c2nc(NC(=O)CCc3ccccc3F)cc(-c3nccs3)n2)o1,7.8,Ki,Ki,16.0
Cc1ccc(-c2nc(NC(=O)COc3ccccc3F)cc(-c3nccs3)n2)o1,8.12,Ki,Ki,7.5
Cc1cc(OCC(=O)Nc2cc(-n3nc(C)cc3C)nc(-c3ccc(C)o3)n2)cc(C)n1,9.15,Ki,Ki,0.7
Cc1cc(C)nc(OCC(=O)Nc2cc(-n3nc(C)cc3C)nc(-c3ccc(C)o3)n2)n1,8.43,Ki,Ki,3.7
COc1cc(OCC(=O)Nc2cc(-n3nc(C)cc3C)nc(-c3ccc(C)o3)n2)ccc1CN(C)C,9.52,Ki,Ki,0.3
COc1cc(CN(C)C)ccc1OCC(=O)Nc1cc(-n2nc(C)cc2C)nc(-c2ccc(C)o2)n1,9.7,Ki,Ki,0.2
Cc1cc(C)n(-c2cc(NC(=O)COc3ccc(CN(C)C)cc3)nc(-c3ccc(C)o3)n2)n1,9.52,Ki,Ki,0.3
Cc1cc(C)n(-c2cc(NC(=O)COc3ccccc3CCN3CCOCC3)nc(-c3ccc(C)o3)n2)n1,8.92,Ki,Ki,1.2
COc1cccc(CN(C)C)c1OCC(=O)Nc1cc(-n2nc(C)cc2C)nc(-c2ccc(C)o2)n1,8.24,Ki,Ki,5.7
COc1ccc(OCC(=O)Nc2cc(-n3nc(C)cc3C)nc(-c3ccc(C)o3)n2)c(CN(C)C)c1,9.05,Ki,Ki,0.9
Cc1ccc(OCC(=O)Nc2cc(-n3nc(C)cc3C)nc(-c3ccc(C)o3)n2)c(CN(C)C)c1,9.0,Ki,Ki,1.0
Cc1cc(C)n(-c2cc(NC(=O)COc3ccccc3CN(C)C)nc(-c3ccc(C)o3)n2)n1,9.0,Ki,Ki,1.0
Cc1cc(C)n(-c2cc(NC(=O)COc3cccc(CCN4CCOCC4)c3)nc(-c3ccc(C)o3)n2)n1,8.64,Ki,Ki,2.3
Cc1cc(C)n(-c2cc(NC(=O)COc3cccc(CCN(C)C)c3)nc(-c3ccc(C)o3)n2)n1,9.3,Ki,Ki,0.5
Cc1cc(C)n(-c2cc(NC(=O)COc3cc(F)cc(CN4CCOCC4)c3)nc(-c3ccc(C)o3)n2)n1,8.85,Ki,Ki,1.4
Cc1cc(C)n(-c2cc(NC(=O)COc3cc(F)cc(CN4CCCC4)c3)nc(-c3ccc(C)o3)n2)n1,9.3,Ki,Ki,0.5
Cc1cc(C)n(-c2cc(NC(=O)COc3cc(F)cc(CN(C)C)c3)nc(-c3ccc(C)o3)n2)n1,9.3,Ki,Ki,0.5
Cc1cc(C)n(-c2cc(NC(=O)COc3cccc(CN)c3)nc(-c3ccc(C)o3)n2)n1,9.15,Ki,Ki,0.7
Cc1cc(C)n(-c2cc(NC(=O)COc3cccc(CN4CCOCC4)c3)nc(-c3ccc(C)o3)n2)n1,8.92,Ki,Ki,1.2
CCN(C)Cc1cccc(OCC(=O)Nc2cc(-n3nc(C)cc3C)nc(-c3ccc(C)o3)n2)c1,9.52,Ki,Ki,0.3
CCNCc1cccc(OCC(=O)Nc2cc(-n3nc(C)cc3C)nc(-c3ccc(C)o3)n2)c1,9.52,Ki,Ki,0.3
Cc1cc(C)n(-c2cc(NC(=O)COc3cccc(CN(C)C)c3)nc(-c3ccc(C)o3)n2)n1,9.4,Ki,Ki,0.4
N#Cc1cccc(OCC(=O)Nc2cc(-c3nccs3)nc(-c3ccccn3)n2)c1,8.74,Ki,Ki,1.8
O=C(COc1cccc(F)c1)Nc1cc(-c2nccs2)nc(-c2ccccn2)n1,8.44,Ki,Ki,3.6
Cc1cc(C)n(-c2cc(NC(=O)COc3cccc(F)c3)nc(-c3ccc(C)o3)n2)n1,8.43,Ki,Ki,3.7
Cc1ccc(OCC(=O)Nc2cc(-c3nccs3)nc(-c3ccc(C)o3)n2)cc1,7.44,Ki,Ki,36.0
Cc1ccc(-c2nc(NC(=O)COc3cccc(Cl)c3)cc(-c3nccs3)n2)o1,7.85,Ki,Ki,14.0
Cc1ccc(-c2nc(NC(=O)COc3cccc(C#N)c3)cc(-c3nccs3)n2)o1,8.17,Ki,Ki,6.8
Cc1ccc(-c2nc(NC(=O)COc3cccc(F)c3)cc(-c3nccs3)n2)o1,7.96,Ki,Ki,11.0
Cc1ccc(-c2nc(NC(=O)COc3ccccc3)cc(-c3nccs3)n2)o1,8.13,Ki,Ki,7.4
CCNCc1cccc(OCC(=O)Nc2cc(-n3nc(C)cc3C)nc(-c3ccc(C)o3)n2)c1,9.52,Ki,Ki,0.3
Cc1cc(C)n(-c2cc(NC(=O)COc3cccc(CN)c3)nc(-c3ccc(C)o3)n2)n1,9.52,Ki,Ki,0.3
CCN(C)Cc1cccc(OCC(=O)Nc2cc(-n3nc(C)cc3C)nc(-c3ccc(C)o3)n2)c1,9.52,Ki,Ki,0.3
CN1C(=O)C2Nc3cccnc3C2N(C)C1=O,6.05,Ki,Ki,0.893
CCNC(=O)[C@H]1O[C@@H](n2cnc3c(N)nc(NCCc4ccc(CCC(=O)O)cc4)nc32)[C@H](O)[C@@H]1O,7.33,Ki,Ki,0.0462
Cn1c(=O)c2c(ncn2C)n(C)c1=O,4.74,Ki,Ki,18.1
CN1C(=O)C2C(c3ccncc3N2C)N(C)C1=O,5.38,Ki,Ki,4.19
Oc1c(Br)cc2[nH]c3cnccc3c2c1Br,5.31,Ki,Ki,4.92
CN1C(=O)C2C(c3ncccc3N2C)N(C)C1=O,5.16,Ki,Ki,6.94
CN1C(=O)C2Nc3cnccc3C2N(C)C1=O,5.0,Ki,Ki,10.1
CCNC(=O)[C@H]1O[C@@H](n2cnc3c(NCC(c4ccccc4)c4ccccc4)nc(NCCC4CCCCC4)nc32)[C@H](O)[C@@H]1O,6.0,IC50,IC50,1000.0
CCNC(=O)[C@H]1O[C@@H](n2cnc3c(NCC(c4ccccc4)c4ccccc4)nc(C(=O)NCCN4CCCCC4)nc32)[C@H](O)[C@@H]1O,8.05,IC50,IC50,9.0
CCNC(=O)[C@H]1O[C@@H](n2cnc3c(NCC(c4ccccc4)c4ccccc4)nc(CNC(=O)NCCN(C(C)C)C(C)C)nc32)[C@H](O)[C@@H]1O,7.96,IC50,IC50,11.0
CCNC(=O)[C@H]1O[C@@H](n2cnc3c(NCC(c4ccccc4)c4ccccc4)nc(CNC(=O)NCCN4CCCCC4)nc32)[C@H](O)[C@@H]1O,7.77,IC50,IC50,17.0
O=C(NCCN1CCCCC1)c1nc(NCC(c2ccccc2)c2ccccc2)c2ncn([C@@H]3O[C@H](CO)[C@@H](O)[C@H]3O)c2n1,7.19,IC50,IC50,65.0
COC[C@H]1O[C@@H](n2cnc3c(NCC(c4ccccc4)c4ccccc4)nc(CNC4CCCCC4)nc32)[C@H](O)[C@@H]1O,7.0,IC50,IC50,100.0
COC[C@H]1O[C@@H](n2cnc3c(NCC(c4ccccc4)c4ccccc4)nc(CCNC4CCCCC4)nc32)[C@H](O)[C@@H]1O,7.55,IC50,IC50,28.0
COC[C@H]1O[C@@H](n2cnc3c(NCC(c4ccccc4)c4ccccc4)nc(NCCN4CCCCC4)nc32)[C@H](O)[C@@H]1O,7.22,IC50,IC50,60.0
COC[C@H]1O[C@@H](n2cnc3c(NCC(c4ccccc4)c4ccccc4)nc(NCCC4CCCCC4)nc32)[C@H](O)[C@@H]1O,6.0,IC50,IC50,1010.0
CCNC(=O)[C@H]1O[C@@H](n2cnc3c(NCC(c4ccccc4)c4ccccc4)nc(CNC(=O)NCCN(C4CCCCC4)C(C)(C)C)nc32)[C@H](O)[C@@H]1O,7.48,IC50,IC50,33.0
CCNC(=O)[C@H]1O[C@@H](n2cnc3c(NCC(c4ccccc4)c4ccccc4)nc(CNC(=O)NCCN(C(C)C)C4CCCC4)nc32)[C@H](O)[C@@H]1O,8.22,IC50,IC50,6.0
COc1ccc(CC(=O)Nc2cc(-n3nc(C)cc3C)nc(-c3ccc(C)o3)n2)cc1,8.4,Ki,Ki,4.0
Cc1cc(C)n(-c2cc(NC(=O)Cc3ccc(CN4CCOCC4)cc3)nc(-c3ccc(C)o3)n2)n1,9.1,Ki,Ki,0.8
Cc1cc(C)n(-c2cc(NC(=O)Cc3ccc(CN(C)C)cc3)nc(-c3ccc(C)o3)n2)n1,9.7,Ki,Ki,0.2
Cc1cc(C)n(-c2cc(NC(=O)Cc3ccc(N(C)C)cc3)nc(-c3ccc(C)o3)n2)n1,8.7,Ki,Ki,2.0
Cc1cc(C)n(-c2cc(NC(=O)Cc3ccc(NS(C)(=O)=O)cc3)nc(-c3ccc(C)o3)n2)n1,8.3,Ki,Ki,5.0
COc1ccc(CC(=O)Nc2cc(-n3nc(C)cc3C)nc(-c3ccc(C)o3)n2)cc1C,8.52,Ki,Ki,3.0
COc1ccc(CC(=O)Nc2cc(-n3nc(C)cc3C)nc(-c3ccc(C)o3)n2)cc1F,8.52,Ki,Ki,3.0
Cc1cc(C)n(-c2cc(NC(=O)Cc3ccc(F)c(F)c3)nc(-c3ccc(C)o3)n2)n1,8.3,Ki,Ki,5.0
Cc1cc(C)n(-c2cc(NC(=O)Cc3cc(F)cc(F)c3)nc(-c3ccc(C)o3)n2)n1,8.3,Ki,Ki,5.0
COc1cc(CC(=O)Nc2cc(-n3nc(C)cc3C)nc(-c3ccc(C)o3)n2)cc(OC)c1,8.7,Ki,Ki,2.0
COc1ccc(CC(=O)Nc2cc(-n3nc(C)cc3C)nc(-c3ccc(C)o3)n2)cc1OC,8.7,Ki,Ki,2.0
Cc1cc(C)n(-c2cc(NC(=O)Cc3ccc(S(C)(=O)=O)cc3)nc(-c3ccccn3)n2)n1,9.0,Ki,Ki,1.0
Cc1cc(C)cc(CC(=O)Nc2cc(-n3nc(C)cc3C)nc(-c3ccccn3)n2)c1,8.52,Ki,Ki,3.0
CCOc1ccc(CC(=O)Nc2cc(-n3nc(C)cc3C)nc(-c3ccccn3)n2)cc1OC,9.0,Ki,Ki,1.0
COc1cc(CC(=O)Nc2cc(-n3nc(C)cc3C)nc(-c3ccccn3)n2)cc(OC)c1,9.0,Ki,Ki,1.0
COc1ccc(CC(=O)Nc2cc(-c3nccs3)nc(-c3ccccn3)n2)cc1,9.0,Ki,Ki,1.0
COc1ccc(CC(=O)Nc2cc(-n3nc(C)cc3C)nc(-c3ccccn3)n2)cc1,9.0,Ki,Ki,1.0
COc1ccc(CC(=O)Nc2cc(-c3nccs3)nc(-c3ccc(C)o3)n2)cc1,8.22,Ki,Ki,6.0
COc1ccc(CC(=O)Nc2cc(-n3cccn3)nc(-c3ccc(C)o3)n2)cc1,8.0,Ki,Ki,10.0
Cc1cc(C)n(-c2cc(NC(=O)Cc3ccc(S(C)(=O)=O)cc3)nc(-c3ccccn3)n2)n1,7.0,IC50,IC50,100.0
CNC(=O)[C@H]1O[C@@H](n2cnc3c(NCc4cccc(I)c4)nc(Cl)nc32)[C@H](O)[C@@H]1O,5.27,Ki,Ki,5360.0
CNC(=O)[C@H]1S[C@@H](n2cnc3c(NCc4cccc(I)c4)nc(Cl)nc32)[C@H](O)[C@@H]1O,6.65,Ki,Ki,223.0
c1ccc2nc(-c3nc4ccccc4[nH]3)cnc2c1,6.25,Ki,Ki,561.0
CNC(=O)[C@H]1O[C@@H](n2cnc3c(NCc4cccc(I)c4)nc(Cl)nc32)[C@H](O)[C@@H]1O,6.4,Ki,Ki,401.0
CCNC(=O)[C@H]1O[C@@H](n2cnc3c(N)ncnc32)[C@H](O)[C@@H]1O,7.8,Ki,Ki,16.0
CCCn1c(=O)c2[nH]c(C3CCCC3)nc2n(CCC)c1=O,6.47,Ki,Ki,337.0
Cc1cccc2[nH]c(-c3cnc4ccccc4n3)nc12,6.08,Ki,Ki,833.0
CCSc1cccc2[nH]c(-c3cnc4ccccc4n3)nc12,5.46,Ki,Ki,3440.0
CCCOc1cc(NC(C)=O)nc(SC)n1,5.95,Ki,Ki,1121.0
CCCSc1nc(NC(C)=O)cc(OCc2ccccc2Cl)n1,5.38,Ki,Ki,4149.0
CCCOc1cc(NC(=O)CC)nc(SCCC)n1,7.15,Ki,Ki,71.0
CCCOc1cc(NC(=O)CC)nc(SC)n1,6.4,Ki,Ki,398.0
CN1CCN(CC(=O)Nc2cc(-n3cccn3)nc(-c3ccco3)n2)CC1,8.57,Ki,Ki,2.7
Cc1cc(C)n(-c2cc(NC(=O)CN3CCN(C)CC3)nc(-c3nccs3)n2)n1,8.05,Ki,Ki,9.0
Cc1cc(C)n(-c2cc(NC(=O)CN3CCN(C)CC3)nc(-c3ccccn3)n2)n1,7.59,Ki,Ki,25.5
CN1CCN(CC(=O)Nc2cc(-n3cccn3)nc(-c3ccccn3)n2)CC1,7.27,Ki,Ki,53.4
CN1CCN(CC(=O)Nc2cc(-n3cccn3)nc(-c3nccs3)n2)CC1,7.77,Ki,Ki,17.0
Cc1cc(C)n(-c2nc(NC(=O)CN3CCN(C)CC3)cc(-c3ocnc3C)n2)n1,6.72,Ki,Ki,190.0
Cc1cc(C)n(-c2nc(NC(=O)CN3CCN(C)CC3)cc(-c3cnco3)n2)n1,6.0,Ki,Ki,1000.0
Cc1cc(C)n(-c2nc(NC(=O)CN3CCN(C)CC3)cc(-c3nccs3)n2)n1,7.57,Ki,Ki,27.0
CN1CCN(CC(=O)Nc2cc(-n3cccn3)nc(-n3cccn3)n2)CC1,6.88,Ki,Ki,131.0
CN1CCN(CC(=O)Nc2cc(-c3ccccn3)nc(-c3cccs3)n2)CC1,7.62,Ki,Ki,24.0
Cc1ccc(-c2nc(NC(=O)CN3CCN(C)CC3)cc(-c3nccs3)n2)o1,7.29,Ki,Ki,51.0
Cc1cc(C)n(-c2cc(NC(=O)CN3CCN(C)CC3)nc(-c3ccc(C)o3)n2)n1,7.92,Ki,Ki,12.0
Cc1ccc(-c2nc(NC(=O)CN3CCN(C)CC3)cc(-n3nccc3C)n2)o1,7.85,Ki,Ki,14.0
Cc1ccc(-c2nc(NC(=O)CN3CCN(C)CC3)cc(-n3cccn3)n2)o1,6.87,Ki,Ki,135.0
Cc1cc(C)n(-c2cc(NC(=O)CN3CCN(C)CC3)nc(-c3ccco3)n2)n1,8.7,Ki,Ki,2.0
CN1CCN(CC(=O)Nc2cc(-c3nccs3)nc(-c3ccco3)n2)CC1,9.05,Ki,Ki,0.9
CN1CCN(CC(=O)Nc2cc(-c3nccs3)nc(-c3ccco3)n2)CC1,6.99,IC50,IC50,103.0
Cc1cc(C)n(-c2cc(NC(=O)CN3CCN(C)CC3)nc(-c3ccc(C)o3)n2)n1,7.92,Ki,Ki,12.0
Cc1cc(C)n(-c2cc(NC(=O)CCN3CC[C@H](N(C)C)C3)nc(-c3ccc(C)o3)n2)n1,8.62,Ki,Ki,2.4
Cc1cc(C)n(-c2cc(NC(=O)CCN(C)C)nc(-c3ccc(C)o3)n2)n1,8.68,Ki,Ki,2.1
Cc1cc(C)n(-c2cc(NC(=O)CN3CC[C@@H](CN(C)C)C3)nc(-c3ccc(C)o3)n2)n1,8.68,Ki,Ki,2.1
Cc1cc(C)n(-c2cc(NC(=O)CN3CC[C@H](CN(C)C)C3)nc(-c3ccc(C)o3)n2)n1,7.96,Ki,Ki,11.0
CCN(CC)[C@H]1CCN(CC(=O)Nc2cc(-n3nc(C)cc3C)nc(-c3ccc(C)o3)n2)C1,8.36,Ki,Ki,4.4
CCN[C@H]1CCN(CC(=O)Nc2cc(-n3nc(C)cc3C)nc(-c3ccc(C)o3)n2)C1,8.6,Ki,Ki,2.5
CCN[C@@H]1CCN(CC(=O)Nc2cc(-n3nc(C)cc3C)nc(-c3ccc(C)o3)n2)C1,8.42,Ki,Ki,3.8
Cc1cc(C)n(-c2cc(NC(=O)CN3CC[C@H](OC(C)C)C3)nc(-c3ccc(C)o3)n2)n1,7.07,Ki,Ki,86.0
Cc1cc(C)n(-c2cc(NC(=O)CN3CC[C@@H](N(C)C)C3)nc(-c3ccc(C)o3)n2)n1,8.4,Ki,Ki,4.0
Cc1cc(C)n(-c2cc(NC(=O)CN3CC[C@H](N(C)C)C3)nc(-c3ccc(C)o3)n2)n1,8.43,Ki,Ki,3.7
Cc1cc(C)n(-c2cc(NC(=O)CN3CCCC3)nc(-c3ccc(C)o3)n2)n1,8.07,Ki,Ki,8.6
Cc1cc(C)n(-c2cc(NC(=O)CC3CCN(C)CC3)nc(-c3ccc(C)o3)n2)n1,8.27,Ki,Ki,5.4
COC1CCN(CC(=O)Nc2cc(-n3nc(C)cc3C)nc(-c3ccc(C)o3)n2)CC1,7.82,Ki,Ki,15.0
Cc1cc(C)n(-c2cc(NC(=O)CN3CCCOCC3)nc(-c3ccc(C)o3)n2)n1,8.22,Ki,Ki,6.0
Cc1cc(C)n(-c2cc(NC(=O)CN3CCOCC3)nc(-c3ccc(C)o3)n2)n1,8.24,Ki,Ki,5.7
CC(=O)N1CCN(CC(=O)Nc2cc(-n3nc(C)cc3C)nc(-c3ccc(C)o3)n2)CC1,8.44,Ki,Ki,3.6
Cc1cc(C)n(-c2cc(NC(=O)CN3CCC(CN(C)C)CC3)nc(-c3ccc(C)o3)n2)n1,8.54,Ki,Ki,2.9
Cc1cc(C)n(-c2cc(NC(=O)CN3CCC[C@@H](CN(C)C)C3)nc(-c3ccc(C)o3)n2)n1,8.82,Ki,Ki,1.5
Cc1cc(C)n(-c2cc(NC(=O)CN3CCC[C@H](CN(C)C)C3)nc(-c3ccc(C)o3)n2)n1,8.0,Ki,Ki,10.0
Cc1cc(C)n(-c2cc(NC(=O)CN3CCCN(C)CC3)nc(-c3ccc(C)o3)n2)n1,8.0,Ki,Ki,10.0
CCN1CCN(CC(=O)Nc2cc(-n3nc(C)cc3C)nc(-c3ccc(C)o3)n2)CC1,7.96,Ki,Ki,11.0
Cc1ccc(N2CCN(C(=O)C(C)Oc3ccc(-c4cc5c([nH]4)c(=O)n(C)c(=O)n5C)cc3)CC2)cc1,6.41,Ki,Log Ki,-6.41
Cn1c(=O)c2[nH]c(-c3ccc(OC(C)(C)C(=O)N4CCN(c5nc6cc(Cl)ccc6s5)CC4)cc3)cc2n(C)c1=O,5.0,Ki,Log Ki,-5.0
Cn1c(=O)c2[nH]c(-c3ccc(OCC(=O)N4CCN(c5ccc(F)cc5)CC4)cc3)cc2n(C)c1=O,6.49,Ki,Log Ki,-6.49
CC(Oc1ccc(-c2cc3c([nH]2)c(=O)n(C)c(=O)n3C)cc1)C(=O)N1CCN(c2ccc(Br)cc2)CC1,6.57,Ki,Log Ki,-6.57
Cn1c(=O)c2[nH]c(-c3ccc(OCC(=O)N4CCN(c5ccc(C#N)cc5)CC4)cc3)cc2n(C)c1=O,6.45,Ki,Log Ki,-6.45
Cn1c(=O)c2[nH]c(-c3ccc(OCC(=O)N4CCN(c5ccccc5Cl)CC4)cc3)cc2n(C)c1=O,6.45,Ki,Log Ki,-6.45
Cn1c(=O)c2[nH]c(-c3ccc(OCC(=O)N4CCN(c5ccccc5)CC4)cc3)cc2n(C)c1=O,6.97,Ki,Log Ki,-6.97
Cn1c(=O)c2[nH]c(-c3ccc(OCC(=O)N4CCN(c5ccc(C(F)(F)F)cc5)CC4)cc3)cc2n(C)c1=O,6.88,Ki,Log Ki,-6.88
Cn1c(=O)c2[nH]c(-c3ccc(OCC(=O)N4CCN(c5nc6cc(Cl)ccc6s5)CC4)cc3)cc2n(C)c1=O,6.74,Ki,Log Ki,-6.74
Cn1c(=O)c2[nH]c(-c3ccc(OCC(=O)N4CCN(c5ccc(Br)cc5)CC4)cc3)cc2n(C)c1=O,6.94,Ki,Log Ki,-6.94
Cn1c(=O)c2[nH]c(-c3ccc(OCC(=O)N4CCN(c5ccc(Cl)cc5)CC4)cc3)cc2n(C)c1=O,6.4,Ki,Log Ki,-6.4
Cn1c(=O)c2[nH]c(-c3ccc(OCC(=O)N4CCN(c5cccc(Cl)c5)CC4)cc3)cc2n(C)c1=O,6.81,Ki,Log Ki,-6.81
CCCn1c(=O)c2[nH]c(-c3ccc(OCC(=O)N4CCN(c5cccc(Cl)c5)CC4)cc3)cc2n(CCC)c1=O,6.94,Ki,Log Ki,-6.94
CN1CCN(C(=O)COc2ccc(-c3cc4c([nH]3)c(=O)n(C)c(=O)n4C)cc2)CC1,6.1,Ki,Log Ki,-6.1
CC(Oc1ccc(-c2cc3c([nH]2)c(=O)n(C)c(=O)n3C)cc1)C(=O)N1CCN(c2ccccc2Cl)CC1,6.13,Ki,Log Ki,-6.13
Cn1c(=O)c2[nH]c(-c3ccc(OCC(=O)N4CCN(c5ccccn5)CC4)cc3)cc2n(C)c1=O,6.15,Ki,Log Ki,-6.15
COc1cc(-c2cc3c([nH]2)c(=O)n(C)c(=O)n3C)ccc1OCC(=O)N1CCN(c2ccccc2)CC1,5.84,Ki,Log Ki,-5.84
Cn1c(=O)c2[nH]c(-c3ccc(OCC(=O)N4CCN(Cc5ccccc5)CC4)cc3)cc2n(C)c1=O,5.81,Ki,Log Ki,-5.81
COc1ccccc1N1CCN(C(=O)COc2ccc(-c3cc4c([nH]3)c(=O)n(C)c(=O)n4C)cc2)CC1,5.63,Ki,Log Ki,-5.63
COc1cc(OCC(=O)N2CCN(c3ccccc3)CC2)ccc1-c1cc2c([nH]1)c(=O)n(C)c(=O)n2C,5.15,Ki,Log Ki,-5.15
Cn1c(=O)c2[nH]c(-c3ccc(OC(C)(C)C(=O)N4CCN(c5ccccc5)CC4)cc3)cc2n(C)c1=O,6.76,Ki,Log Ki,-6.76
Cn1c(=O)c2[nH]c(-c3ccc(OCC(=O)N4CCN(c5ccc(O)cc5)CC4)cc3)cc2n(C)c1=O,6.21,Ki,Log Ki,-6.21
CC(Oc1ccc(-c2cc3c([nH]2)c(=O)n(C)c(=O)n3C)cc1)C(=O)N1CCN(c2ccccc2)CC1,6.45,Ki,Log Ki,-6.45
Cn1c(=O)c2[nH]c(-c3ccc(OCC(=O)N4CCN(c5ncccn5)CC4)cc3)cc2n(C)c1=O,6.38,Ki,Log Ki,-6.38
COc1ccc(N2CCN(C(=O)COc3ccc(-c4cc5c([nH]4)c(=O)n(C)c(=O)n5C)cc3)CC2)cc1,6.77,Ki,Log Ki,-6.77
Cn1c(=O)c2[nH]c(-c3ccc(OCC(=O)N4CCN(c5c(Cl)cncc5Cl)CC4)cc3)cc2n(C)c1=O,6.49,Ki,Log Ki,-6.49
CCCn1c(=O)n(C)c(=O)c2[nH]c(-c3ccc(OCC(=O)N4CCN(c5ccc(C(F)(F)F)cc5)CC4)cc3)cc21,6.49,Ki,Log Ki,-6.49
CCCn1c(=O)c2[nH]c(-c3ccc(OCC(=O)N4CCN(C(c5ccccc5)c5ccccc5)CC4)cc3)cc2n(CCC)c1=O,5.8,Ki,Log Ki,-5.8
CCCn1c(=O)c2[nH]c(-c3ccc(OCC(=O)N4CCN(C(=O)OCc5ccccc5)CC4)cc3)cc2n(CCC)c1=O,6.82,Ki,Log Ki,-6.82
CCCn1c(=O)c2[nH]c(-c3ccc(OC(C)(C)C(=O)N4CCN(c5ccccc5)CC4)cc3)cc2n(CCC)c1=O,6.58,Ki,Log Ki,-6.58
CCCn1c(=O)c2[nH]c(-c3ccc(OCC(=O)N4CCN(C(=O)Oc5ccccc5)CC4)cc3)cc2n(CCC)c1=O,6.81,Ki,Log Ki,-6.81
CCCn1c(=O)c2[nH]c(-c3ccc(OCC(=O)N4CCN(c5nc6ccc(Cl)cc6s5)CC4)cc3)cc2n(CCC)c1=O,6.09,Ki,Log Ki,-6.09
CCCn1c(=O)c2[nH]c(-c3ccc(OCC(=O)N4CCN(c5c(Cl)cncc5Cl)CC4)cc3)cc2n(CCC)c1=O,7.13,Ki,Log Ki,-7.13
CCCn1c(=O)c2[nH]c(-c3ccc(OCC(=O)N4CCN(c5ccccc5Cl)CC4)cc3)cc2n(CCC)c1=O,7.42,Ki,Log Ki,-7.42
CCCn1c(=O)c2[nH]c(-c3ccc(OC(C)C(=O)N4CCN(c5ccccc5)CC4)cc3)cc2n(CCC)c1=O,6.62,Ki,Log Ki,-6.62
CCCn1c(=O)c2[nH]c(-c3ccc(OCC(=O)N4CCN(Cc5ccccc5)CC4)cc3)cc2n(CCC)c1=O,6.59,Ki,Log Ki,-6.59
CCCn1c(=O)c2[nH]c(-c3ccc(OCC(=O)N4CCN(c5ccccc5)CC4)cc3)cc2n(CCC)c1=O,6.79,Ki,Log Ki,-6.79
CCCn1c(=O)c2[nH]c(-c3ccc(OCC(=O)N4CCN(c5ccc(C(F)(F)F)cc5)CC4)cc3)cc2n(CCC)c1=O,6.76,Ki,Log Ki,-6.76
CCCn1c(=O)c2[nH]c(-c3ccc(OCC(=O)N4CCN(c5ccccc5Cl)CC4)cc3)cc2n(C)c1=O,6.65,Ki,Log Ki,-6.65
CCCn1c(=O)n(C)c(=O)c2[nH]c(-c3ccc(OCC(=O)N4CCN(c5ccccc5)CC4)cc3)cc21,6.15,Ki,Log Ki,-6.15
CCn1c(=O)c2[nH]c(-c3ccc(OCC(=O)N4CCN(c5ccccc5)CC4)cc3)cc2n(CC)c1=O,6.16,Ki,Log Ki,-6.16
CCCn1c(=O)n(C)c(=O)c2[nH]c(-c3ccc(OCC(=O)N4CCN(c5ccc(F)cc5)CC4)cc3)cc21,6.33,Ki,Log Ki,-6.33
CCCn1c(=O)n(C)c(=O)c2[nH]c(-c3ccc(OCC(=O)N4CCN(c5ccccc5Cl)CC4)cc3)cc21,5.96,Ki,Log Ki,-5.96
CCCn1c(=O)c2[nH]c(-c3ccc(OCC(=O)N4CCN(c5ccccc5)CC4)cc3)cc2n(C)c1=O,6.5,Ki,Log Ki,-6.5
O=C(COc1ccc(-c2cc3c([nH]2)c(=O)n(CC2CC2)c(=O)n3CC2CC2)cc1)N1CCN(c2ccccc2)CC1,7.31,Ki,Log Ki,-7.31
CCCn1c(=O)n(C)c(=O)c2[nH]c(-c3ccc(OCC(=O)N4CCN(c5cccc(Cl)c5)CC4)cc3)cc21,6.32,Ki,Log Ki,-6.32
CCCn1c(=O)n(C)c(=O)c2[nH]c(-c3ccc(OCC(=O)N4CCN(c5nc6ccc(Cl)cc6s5)CC4)cc3)cc21,6.2,Ki,Log Ki,-6.2
COCCn1c(=O)c2[nH]c(-c3ccc(OCC(=O)N4CCN(c5ccccc5)CC4)cc3)cc2n(CCOC)c1=O,6.4,Ki,Log Ki,-6.4
CCCn1c(=O)n(C)c(=O)c2[nH]c(-c3ccc(OCC(=O)N4CCN(c5c(Cl)cncc5Cl)CC4)cc3)cc21,6.19,Ki,Log Ki,-6.19
CCCn1c(=O)n(C)c(=O)c2[nH]c(-c3ccc(OC(C)(C)C(=O)N4CCN(c5ccccc5)CC4)cc3)cc21,6.25,Ki,Log Ki,-6.25
COc1ccc(C2CCN(C(=O)COc3ccc(-c4cc5c([nH]4)c(=O)n(C)c(=O)n5C)cc3OC)CC2)cc1,6.06,Ki,Log Ki,-6.06
CCCn1c(=O)c2[nH]c(-c3ccc(OCC(=O)N4CCC(c5ccccc5)(c5ccccc5)CC4)cc3)cc2n(CCC)c1=O,5.98,Ki,Log Ki,-5.98
CCCn1c(=O)c2[nH]c(-c3ccc(OCC(=O)N4CCC(c5ccccc5)CC4)cc3)cc2n(CCC)c1=O,6.23,Ki,Log Ki,-6.23
CCCn1c(=O)c2[nH]c(-c3ccc(OCC(=O)N4CCC(O)(c5ccccc5)CC4)cc3)cc2n(CCC)c1=O,5.94,Ki,Log Ki,-5.94
Cn1c(=O)c2[nH]c(-c3ccc(OCC(=O)N4CCC(c5ccccc5)CC4)cc3)cc2n(C)c1=O,6.1,Ki,Log Ki,-6.1
Cn1c(=O)c2[nH]c(-c3ccc(OCC(=O)N4CCC(C(=O)c5ccc(F)cc5)CC4)cc3)cc2n(C)c1=O,6.52,Ki,Log Ki,-6.52
CCCn1c(=O)n(C)c(=O)c2[nH]c(-c3ccc(OCC(=O)N4CCC(c5ccccc5OC)CC4)cc3)cc21,6.39,Ki,Log Ki,-6.39
CCCn1c(=O)n(C)c(=O)c2[nH]c(-c3ccc(OCC(=O)N4CCC(c5ccccc5)(c5ccccc5)CC4)cc3)cc21,5.45,Ki,Log Ki,-5.45
Cn1c(=O)c2[nH]c(-c3ccc(OCC(=O)N4CCC(O)(c5ccc(Cl)cc5)CC4)cc3)cc2n(C)c1=O,6.49,Ki,Log Ki,-6.49
CCCn1c(=O)n(C)c(=O)c2[nH]c(-c3ccc(OCC(=O)N4CCC(c5ccccc5)CC4)cc3)cc21,5.99,Ki,Log Ki,-5.99
CCCn1c(=O)n(C)c(=O)c2[nH]c(-c3ccc(OCC(=O)N4CCC(c5ccc(OC)cc5)CC4)cc3)cc21,6.4,Ki,Log Ki,-6.4
COc1cc(-c2cc3c([nH]2)c(=O)n(C)c(=O)n3C)ccc1OCC(=O)N1CCc2ccccc2C1,5.17,Ki,Log Ki,-5.17
COc1cc(OCC(=O)N2CCc3ccccc3C2)ccc1-c1cc2c([nH]1)c(=O)n(C)c(=O)n2C,4.92,Ki,Log Ki,-4.92
CCCn1c(=O)n(C)c(=O)c2[nH]c(-c3ccc(OCC(=O)N4CCc5ccccc5C4)cc3)cc21,6.68,Ki,Log Ki,-6.68
O=C(COc1ccc(-c2cc3c([nH]2)c(=O)n(CC2CC2)c(=O)n3CC2CC2)cc1)N1CCc2ccccc2C1,6.62,Ki,Log Ki,-6.62
Cn1c(=O)c2[nH]c(-c3ccc(OCC(=O)N4CCc5ccccc5C4)cc3)cc2n(C)c1=O,6.37,Ki,Log Ki,-6.37
CCCn1c(=O)n(C)c(=O)c2[nH]c(-c3ccc(OCC(=O)N4CCc5ccccc5C4)cc3)cc21,6.0,Ki,Log Ki,-6.0
CCCn1c(=O)c2[nH]c(-c3ccc(OC(C)C(=O)N4CCc5ccccc5C4)cc3)cc2n(CCC)c1=O,6.8,Ki,Log Ki,-6.8
CCCn1c(=O)c2[nH]c(-c3ccc(OCC(=O)N4CCc5ccccc5C4)cc3)cc2n(CCC)c1=O,7.03,Ki,Log Ki,-7.03
Nc1nc2ccccc2n2nc(-c3ccco3)nc12,7.95,Ki,Log Ki,-7.95
O=C(Nc1nc2ccccc2n2nc(-c3ccco3)nc12)c1ccco1,6.4,Ki,Log Ki,-6.4
O=C(CCc1ccccc1)Nc1nc2ccccc2n2nc(-c3ccco3)nc12,7.2,Ki,Log Ki,-7.2
O=C(Cc1ccccc1)Nc1nc2ccccc2n2nc(-c3ccco3)nc12,6.8,Ki,Log Ki,-6.8
CC(=O)Nc1nc2ccccc2n2nc(-c3ccco3)nc12,6.7,Ki,Log Ki,-6.7
c1coc(-c2nc3c(OCc4ccoc4)nc4ccccc4n3n2)c1,6.24,Ki,Log Ki,-6.24
COc1nc2ccccc2n2nc(-c3ccco3)nc12,6.4,Ki,Log Ki,-6.4
OCCN(CCO)c1nc2ccccc2n2nc(-c3ccco3)nc12,6.96,Ki,Log Ki,-6.96
CCN(CC)c1nc2ccccc2n2nc(-c3ccco3)nc12,6.4,Ki,Log Ki,-6.4
CN(C)c1nc2ccccc2n2nc(-c3ccco3)nc12,6.51,Ki,Log Ki,-6.51
COCCCNc1nc2ccccc2n2nc(-c3ccco3)nc12,6.43,Ki,Log Ki,-6.43
COCCNc1nc2ccccc2n2nc(-c3ccco3)nc12,5.51,Ki,Log Ki,-5.51
CC(O)CNc1nc2ccccc2n2nc(-c3ccco3)nc12,7.32,Ki,Log Ki,-7.32
OCCNc1nc2ccccc2n2nc(-c3ccco3)nc12,7.2,Ki,Log Ki,-7.2
c1ccc(CCNc2nc3ccccc3n3nc(-c4ccco4)nc23)cc1,7.29,Ki,Log Ki,-7.29
c1coc(CNc2nc3ccccc3n3nc(-c4ccco4)nc23)c1,6.31,Ki,Log Ki,-6.31
c1ccc(CNc2nc3ccccc3n3nc(-c4ccco4)nc23)cc1,6.52,Ki,Log Ki,-6.52
c1ccc(Nc2nc3ccccc3n3nc(-c4ccco4)nc23)cc1,7.19,Ki,Log Ki,-7.19
Nc1nc(-c2ccccc2)cc(-c2ccccc2)n1,6.39,Ki,Ki,405.0
Cc1ccc(C(=O)Nc2nc(-c3ccccc3)c(C#N)c(-c3ccccc3)n2)cc1,6.8,Ki,Ki,158.0
COc1ccc(C(=O)Nc2nc(-c3ccccc3)c(C#N)c(-c3ccccc3)n2)cc1,6.52,Ki,Ki,300.0
N#Cc1c(-c2ccccc2)nc(NC(=O)c2ccc(Cl)cc2)nc1-c1ccccc1,7.48,Ki,Ki,32.9
N#Cc1c(-c2ccccc2)nc(NC(=O)C2CC2)nc1-c1ccccc1,7.34,Ki,Ki,45.5
CC(C)C(=O)Nc1nc(-c2ccccc2)c(C#N)c(-c2ccccc2)n1,7.45,Ki,Ki,35.3
CCC(CC)C(=O)Nc1nc(-c2ccccc2)c(C#N)c(-c2ccccc2)n1,7.26,Ki,Ki,54.5
CCCC(=O)Nc1nc(-c2ccccc2)c(C#N)c(-c2ccccc2)n1,7.32,Ki,Ki,48.2
N#Cc1c(-c2ccccc2)nc(NC(=O)C2CCCC2)nc1-c1ccccc1,6.8,Ki,Ki,159.0
CCCC(=O)Nc1nc(-c2ccccc2)c(C#N)c(-c2ccc3c(c2)OCO3)n1,7.67,Ki,Ki,21.3
N#Cc1c(-c2ccccc2)nc(NC(=O)C2CCCC2)nc1-c1ccc2c(c1)OCO2,7.57,Ki,Ki,27.2
N#Cc1c(-c2ccccc2)nc(N)nc1-c1ccc2c(c1)OCO2,8.28,Ki,Ki,5.2
N#Cc1c(-c2ccccc2)nc(N)nc1-c1ccccc1,7.64,Ki,Ki,22.7
Nc1nc(-c2ccccc2)cc(-c2ccc3c(c2)OCO3)n1,6.42,Ki,Ki,381.0
N#Cc1c(NC(=O)C2CC2)nc(-c2ccccc2)nc1-c1ccccc1,7.3,Ki,Ki,49.8
CCCC(=O)Nc1nc(-c2ccccc2)nc(-c2ccccc2)c1C#N,7.16,Ki,Ki,69.5
N#Cc1c(NC(=O)C2CCCC2)nc(-c2ccccc2)nc1-c1ccccc1,6.55,Ki,Ki,280.0
N#Cc1c(N)nc(-c2ccccc2)nc1-c1ccccc1,7.72,Ki,Ki,19.0
O=C(Nc1cc(-c2ccc3c(c2)OCO3)nc(-c2ccccc2)n1)C1CC1,7.16,Ki,Ki,69.2
CCC(CC)C(=O)Nc1cc(-c2ccc3c(c2)OCO3)nc(-c2ccccc2)n1,6.24,Ki,Ki,574.0
CCCC(=O)Nc1cc(-c2ccc3c(c2)OCO3)nc(-c2ccccc2)n1,6.65,Ki,Ki,222.0
O=C(Nc1cc(-c2ccc3c(c2)OCO3)nc(-c2ccccc2)n1)C1CCCC1,6.47,Ki,Ki,339.0
Nc1cc(-c2ccc3c(c2)OCO3)nc(-c2ccccc2)n1,6.25,Ki,Ki,557.0
Nc1cc(-c2ccccc2)nc(-c2ccccc2)n1,6.77,Ki,Ki,169.0
N#Cc1c(N)nc(-c2ccccc2)nc1-c1ccc2c(c1)OCO2,7.35,Ki,Ki,44.3
CCCn1c(=O)c2[nH]c(C3CCCC3)nc2n(CCC)c1=O,6.89,Ki,Ki,129.0
OC[C@H]1O[C@@H](n2cnc3c(NC4CCCC4)ncnc32)[C@H](O)[C@@H]1O,5.78,Ki,Ki,1652.0
COc1cc(NC(=O)c2ccc(-c3ccc(Cl)cc3)o2)cc(OC)c1,5.0,IC50,IC50,10.0
NNc1nc(OCCc2c[nH]c3cc(Br)ccc23)nc2c1ncn2[C@@H]1O[C@H](CO)[C@@H](O)[C@H]1O,5.69,Ki,Ki,2050.0
O=C(COc1ccc(Nc2nc(OCCc3c[nH]c4cc(Br)ccc34)nc3c2ncn3[C@@H]2O[C@H](CO)[C@@H](O)[C@H]2O)cc1)Nc1ccccc1,5.94,Ki,Ki,1150.0
CCn1c(=O)c2[nH]c(-c3cnn(Cc4ccccc4)c3)nc2n(C)c1=O,7.14,Ki,Ki,73.0
CCCn1c(=O)c2[nH]c(-c3cnn(Cc4cc(-c5ccc(Cl)cc5)on4)c3)nc2n(CC)c1=O,6.11,Ki,Ki,781.0
CCCn1c(=O)c2[nH]c(-c3cnn(Cc4cc(-c5ccc(C(F)(F)F)cc5)on4)c3)nc2n(CC)c1=O,5.62,Ki,Ki,2370.0
CCCn1c(=O)c2[nH]c(-c3cnn(Cc4nc(-c5ccc(Cl)cc5)no4)c3)nc2n(CC)c1=O,5.42,Ki,Ki,3780.0
CCCn1c(=O)c2[nH]c(-c3cnn(-c4ccc[n+]([O-])c4)c3)nc2n(CC)c1=O,5.71,Ki,Ki,1950.0
CCn1c(=O)n(CC2CC2)c(=O)c2[nH]c(-c3cnn(-c4ccc(C(F)(F)F)nc4)c3)nc21,5.64,Ki,Ki,2280.0
CCn1c(=O)n(CC(C)C)c(=O)c2[nH]c(-c3cnn(-c4ccc(C(F)(F)F)nc4)c3)nc21,5.27,Ki,Ki,5410.0
CCCn1c(=O)c2[nH]c(-c3cnn(-c4ccc(C(F)(F)F)nc4)c3)nc2n(CC)c1=O,5.65,Ki,Ki,2250.0
CCCn1c(=O)c2[nH]c(-c3cnn(-c4ccc(C)nc4)c3)nc2n(CC)c1=O,6.17,Ki,Ki,670.0
CCCn1c(=O)c2[nH]c(-c3cnn(-c4cccnc4)c3)nc2n(CC)c1=O,6.51,Ki,Ki,312.0
CCCn1c(=O)c2[nH]c(-c3cnn(-c4ccccn4)c3)nc2n(CC)c1=O,6.39,Ki,Ki,411.0
CCn1c(=O)n(CC(C)C)c(=O)c2[nH]c(-c3cnn(Cc4cccc(C(F)(F)F)c4)c3)nc21,5.96,Ki,Ki,1090.0
CCn1c(=O)n(CC(C)C)c(=O)c2[nH]c(-c3cnn(Cc4cccc(F)c4)c3)nc21,5.42,Ki,Ki,3850.0
CCn1c(=O)n(CC(C)C)c(=O)c2[nH]c(-c3cn[nH]c3)nc21,5.91,Ki,Ki,1220.0
CCn1c(=O)n(CC2CC2)c(=O)c2[nH]c(-c3cnn(Cc4cccc(C(F)(F)F)c4)c3)nc21,6.57,Ki,Ki,272.0
CCn1c(=O)n(CC2CC2)c(=O)c2[nH]c(-c3cnn(Cc4ccccc4)c3)nc21,6.74,Ki,Ki,181.0
CCn1c(=O)n(CC2CC2)c(=O)c2[nH]c(-c3cn[nH]c3)nc21,6.63,Ki,Ki,234.0
CCCn1c(=O)c2[nH]c(-c3cnn(Cc4cccc(C(F)(F)F)c4)c3)nc2n(CC)c1=O,5.48,Ki,Ki,3280.0
CCCn1c(=O)c2[nH]c(-c3cnn(Cc4cccc(F)c4)c3)nc2n(CC)c1=O,5.6,Ki,Ki,2500.0
CCCn1c(=O)c2[nH]c(-c3cnn(Cc4ccccc4)c3)nc2n(CC)c1=O,6.58,Ki,Ki,261.0
CCCn1c(=O)c2[nH]c(-c3cn[nH]c3)nc2n(CC)c1=O,6.3,Ki,Ki,496.0
Cn1c(=O)n(CC2CC2)c(=O)c2[nH]c(-c3cnn(Cc4cccc(C(F)(F)F)c4)c3)nc21,6.51,Ki,Ki,312.0
Cn1c(=O)n(CC2CC2)c(=O)c2[nH]c(-c3cnn(Cc4cccc(F)c4)c3)nc21,7.14,Ki,Ki,73.0
Cn1c(=O)n(CC2CC2)c(=O)c2[nH]c(-c3cnn(Cc4ccccc4)c3)nc21,6.83,Ki,Ki,149.0
CC(C)Cn1c(=O)c2[nH]c(-c3cnn(Cc4cccc(C(F)(F)F)c4)c3)nc2n(C)c1=O,6.2,Ki,Ki,633.0
CC(C)Cn1c(=O)c2[nH]c(-c3cnn(Cc4cccc(F)c4)c3)nc2n(C)c1=O,6.52,Ki,Ki,301.0
CC(C)Cn1c(=O)c2[nH]c(-c3cnn(Cc4ccccc4)c3)nc2n(C)c1=O,6.39,Ki,Ki,408.0
CC(C)Cn1c(=O)c2[nH]c(-c3cn[nH]c3)nc2n(C)c1=O,5.86,Ki,Ki,1390.0
CCCCn1c(=O)c2[nH]c(-c3cnn(Cc4cccc(C(F)(F)F)c4)c3)nc2n(C)c1=O,6.32,Ki,Ki,481.0
CCCCn1c(=O)c2[nH]c(-c3cnn(Cc4cccc(F)c4)c3)nc2n(C)c1=O,6.66,Ki,Ki,217.0
CCCCn1c(=O)c2[nH]c(-c3cnn(Cc4ccccc4)c3)nc2n(C)c1=O,6.61,Ki,Ki,247.0
CCCn1c(=O)c2[nH]c(-c3cnn(Cc4cccc(F)c4)c3)nc2n(C)c1=O,6.86,Ki,Ki,139.0
CCCn1c(=O)c2[nH]c(-c3cnn(Cc4cccc(C(F)(F)F)c4)c3)nc2n(C)c1=O,6.35,Ki,Ki,450.0
CCCn1c(=O)c2[nH]c(-c3cnn(Cc4ccccc4)c3)nc2n(C)c1=O,6.9,Ki,Ki,125.0
CCn1c(=O)c2[nH]c(-c3cnn(Cc4cccc(C(F)(F)F)c4)c3)nc2n(C)c1=O,6.63,Ki,Ki,234.0
CCn1c(=O)c2[nH]c(-c3cnn(Cc4cccc(F)c4)c3)nc2n(C)c1=O,6.64,Ki,Ki,231.0
O[C@H](c1cc(C(F)(F)F)nc2c(C(F)(F)F)cccc12)[C@@H]1CCCCN1,7.21,Ki,Ki,61.0
O=C(c1cccs1)c1nc(NCCCO)nc2ccsc12,8.09,Ki,Ki,8.1
O=C(c1cccs1)c1nc(NCCO)nc2ccsc12,8.37,Ki,Ki,4.3
O=C(c1cccs1)c1nc(NCc2ccccc2)nc2ccsc12,7.6,Ki,Ki,25.0
CN(C)c1nc(C(=O)c2cccs2)c2sccc2n1,7.31,Ki,Ki,49.0
CCNc1nc(C(=O)c2cccs2)c2sccc2n1,7.6,Ki,Ki,25.0
NNc1nc(C(=O)c2cccs2)c2sccc2n1,7.22,Ki,Ki,60.0
Nc1nc(C(=O)c2cccs2)c2sccc2n1,7.64,Ki,Ki,23.0
COc1nc(C(=O)c2cccs2)c2sccc2n1,7.1,Ki,Ki,80.0
CCc1nc(C(=O)c2cccs2)c2sccc2n1,7.8,Ki,Ki,16.0
Cc1nc(C(=O)c2cccs2)c2sccc2n1,7.54,Ki,Ki,29.0
O=C(c1nccs1)c1nc(C(F)(F)F)nc2ccsc12,6.47,Ki,Ki,335.0
Cc1ccc(C(=O)c2nc(C(F)(F)F)nc3ccsc23)o1,7.66,Ki,Ki,22.0
O=C(c1ccoc1)c1nc(C(F)(F)F)nc2ccsc12,7.52,Ki,Ki,30.0
O=C(c1ccco1)c1nc(C(F)(F)F)nc2ccsc12,7.48,Ki,Ki,33.0
O=C(c1ccsc1)c1nc(C(F)(F)F)nc2ccsc12,7.25,Ki,Ki,56.0
O=C(c1cccs1)c1nc(C(F)(F)F)nc2ccsc12,7.96,Ki,Ki,11.0
O=C(c1ccc[nH]1)c1nc(C(F)(F)F)nc2ccsc12,6.93,Ki,Ki,118.0
O=C(c1ccncc1)c1nc(C(F)(F)F)nc2ccsc12,5.86,Ki,Ki,1384.0
O=C(c1cccnc1)c1nc(C(F)(F)F)nc2ccsc12,6.36,Ki,Ki,435.0
O=C(c1ccccn1)c1nc(C(F)(F)F)nc2ccsc12,5.24,Ki,Ki,5737.0
O=C(c1ccccc1)c1nc(C(F)(F)F)nc2ccsc12,7.04,Ki,Ki,92.0
OC(c1ccccc1)c1nc(C(F)(F)F)nc2ccsc12,5.51,Ki,Ki,3055.0
OC(c1ccccc1)c1nc(C(F)(F)F)nc2ccccc12,5.19,Ki,Ki,6493.0
OC(c1ccccc1)c1cc(C(F)(F)F)nc2ccccc12,5.02,Ki,Ki,9524.0
O[C@@H](c1cc(C(F)(F)F)nc2c(C(F)(F)F)cccc12)[C@@H]1CCCCN1,5.6,Ki,Ki,2534.0
O[C@H](c1cc(C(F)(F)F)nc2c(C(F)(F)F)cccc12)[C@H]1CCCCN1,6.91,Ki,Ki,124.0
O[C@@H](c1cc(C(F)(F)F)nc2c(C(F)(F)F)cccc12)[C@H]1CCCCN1,5.18,Ki,Ki,6553.0
Clc1nc(-c2cccs2)c2sccc2n1,6.41,Ki,Ki,391.0
OC[C@H]1CCCN1c1nc(-c2nccs2)c2sccc2n1,8.44,Ki,Ki,3.6
OC[C@@H]1CCCN1c1nc(-c2nccs2)c2sccc2n1,8.55,Ki,Ki,2.8
OCCNc1nc(-c2nccs2)c2sccc2n1,7.75,Ki,Ki,18.0
CC(C)(C)c1nc(-c2nccs2)c2sccc2n1,8.51,Ki,Ki,3.1
c1csc(-c2nc(C3CC3)nc3ccsc23)n1,8.48,Ki,Ki,3.3
CC(C)c1nc(-c2nccs2)c2sccc2n1,8.85,Ki,Ki,1.4
Clc1nc(-c2nccs2)c2sccc2n1,7.7,Ki,Ki,20.0
CN(C)c1nc(-c2cnccn2)c2sccc2n1,7.09,Ki,Ki,81.0
Cc1ccc(-c2nc(N(C)C)nc3ccsc23)nc1,7.72,Ki,Ki,19.0
CN(C)c1nc(-c2ccccn2)c2sccc2n1,7.58,Ki,Ki,26.0
CN(C)c1nc(-c2cn[nH]c2)c2sccc2n1,5.51,Ki,Ki,3079.0
CN(C)c1nc(-c2nccn2C)c2sccc2n1,7.85,Ki,Ki,14.0
CN(C)c1nc(-c2ncc[nH]2)c2sccc2n1,6.52,Ki,Ki,299.0
Cc1nc(-c2nc(N(C)C)nc3ccsc23)sc1C,8.18,Ki,Ki,6.6
Cc1cnc(-c2nc(N(C)C)nc3ccsc23)s1,8.24,Ki,Ki,5.7
Cc1csc(-c2nc(N(C)C)nc3ccsc23)n1,8.89,Ki,Ki,1.3
Nc1nc(-c2nccs2)c2sccc2n1,7.46,Ki,Ki,35.0
CN(C)c1nc(-c2nccs2)c2sccc2n1,8.64,Ki,Ki,2.3
CN(C)c1nc(-c2ccoc2)c2sccc2n1,6.13,Ki,Ki,748.0
OCCNc1nc(-c2ccco2)c2sccc2n1,6.69,Ki,Ki,203.0
CN(C)c1nc(-c2ccco2)c2sccc2n1,7.22,Ki,Ki,60.0
CCNc1nc(-c2ccco2)c2sccc2n1,7.24,Ki,Ki,58.0
CNc1nc(-c2ccco2)c2sccc2n1,7.4,Ki,Ki,40.0
Nc1nc(-c2ccco2)c2sccc2n1,7.85,Ki,Ki,14.0
CN(C)c1nc(-c2cc3ccccc3s2)c2sccc2n1,5.88,Ki,Ki,1326.0
CCc1nc(-c2cccc(C)n2)c2sccc2n1,7.92,Ki,Ki,12.0
CCc1nc(-c2ccccn2)c2sccc2n1,7.89,Ki,Ki,13.0
CCc1nc(-n2nccn2)c2sccc2n1,6.11,Ki,Ki,779.0
CCc1nc(-c2ncc[nH]2)c2sccc2n1,6.85,Ki,Ki,142.0
CCc1nc(-c2nc(C)cs2)c2sccc2n1,8.68,Ki,Ki,2.1
CCc1nc(-c2nccs2)c2sccc2n1,8.8,Ki,Ki,1.6
CCc1nc(-c2ccoc2)c2sccc2n1,6.17,Ki,Ki,681.0
CCc1nc(-c2ccco2)c2sccc2n1,7.52,Ki,Ki,30.0
OCCNc1nc(-c2cccs2)c2sccc2n1,6.76,Ki,Ki,172.0
CN(C)c1nc(-c2cccs2)c2sccc2n1,7.26,Ki,Ki,55.0
CCNc1nc(-c2cccs2)c2sccc2n1,6.81,Ki,Ki,154.0
COc1nc(-c2cccs2)c2sccc2n1,6.35,Ki,Ki,444.0
CCc1nc(-c2cccs2)c2sccc2n1,7.16,Ki,Ki,69.0
Nc1nc(-c2ccco2)c2sccc2n1,7.85,Ki,Ki,14.0
Cc1nc(-c2ccco2)c2ncn(C(=O)NCc3ccccc3)c2n1,6.99,Ki,Ki,102.0
CN(C)c1nc(-c2ccco2)c2ncn(C(=O)NCc3ccccc3)c2n1,7.64,Ki,Ki,23.0
CSc1nc(-c2ccco2)c2ncn(C(=O)NCc3ccccc3)c2n1,7.89,Ki,Ki,13.0
COc1nc(-c2ccco2)c2ncn(C(=O)NCc3ccccc3)c2n1,8.1,Ki,Ki,8.0
Nc1nc(-c2cncs2)c2ncn(C(=O)NCc3ccccc3)c2n1,7.25,Ki,Ki,56.0
Nc1nc(-c2ccccc2)c2ncn(C(=O)NCc3ccccc3)c2n1,7.77,Ki,Ki,17.0
Nc1nc(-c2cccs2)c2ncn(C(=O)NCc3ccccc3)c2n1,7.89,Ki,Ki,13.0
Nc1nc(-c2ccco2)c2ncn(C(=O)NCc3ccccc3Cl)c2n1,9.0,Ki,Ki,1.0
Cc1ccc(CNC(=O)n2cnc3c(-c4ccco4)nc(N)nc32)cc1,9.0,Ki,Ki,1.0
Cc1cccc(CNC(=O)n2cnc3c(-c4ccco4)nc(N)nc32)c1,9.0,Ki,Ki,1.0
Nc1nc(-c2ccco2)c2ncn(C(=O)NCc3ccc(F)cc3)c2n1,9.0,Ki,Ki,1.0
Nc1nc(-c2ccco2)c2ncn(C(=O)NCc3ccco3)c2n1,8.7,Ki,Ki,2.0
Nc1nc(-c2ccco2)c2ncn(C(=O)NCc3cccs3)c2n1,9.0,Ki,Ki,1.0
C[C@@H](NC(=O)n1cnc2c(-c3ccco3)nc(N)nc21)c1ccccc1,7.58,Ki,Ki,26.0
C[C@H](NC(=O)n1cnc2c(-c3ccco3)nc(N)nc21)c1ccccc1,8.7,Ki,Ki,2.0
Nc1nc(-c2ccco2)c2ncn(C(=O)NCCc3ccccc3)c2n1,8.22,Ki,Ki,6.0
Nc1nc(-c2ccco2)c2ncn(C(=O)Nc3ccccc3)c2n1,6.69,Ki,Ki,206.0
Nc1nc(-c2ccco2)c2ncn(C(=O)NCc3ccccc3)c2n1,9.0,Ki,Ki,1.0
CS(=O)(=O)c1ccc(Cn2cnc3c(-c4ccco4)nc(N)nc32)cc1,6.11,Ki,Ki,779.0
Nc1nc(-c2ccco2)c2ncn(Cc3ccc(C(F)(F)F)cc3)c2n1,8.22,Ki,Ki,6.0
Nc1nc(-c2ccco2)c2ncn(Cc3c(F)cccc3F)c2n1,8.52,Ki,Ki,3.0
Nc1nc(-c2ccco2)c2ncn(Cc3ccccc3F)c2n1,8.3,Ki,Ki,5.0
Nc1nc(-c2ccco2)c2ncn(Cc3cccc(C(=O)O)c3)c2n1,5.39,Ki,Ki,4105.0
Nc1cccc(Cn2cnc3c(-c4ccco4)nc(N)nc32)c1,7.64,Ki,Ki,23.0
Nc1nc(-c2ccco2)c2ncn(Cc3ccc([N+](=O)[O-])cc3)c2n1,6.43,Ki,Ki,372.0
Nc1nc(-c2ccco2)c2ncn(Cc3cccc([N+](=O)[O-])c3)c2n1,7.07,Ki,Ki,85.0
COC(=O)c1cccc(Cn2cnc3c(-c4ccco4)nc(N)nc32)c1,7.35,Ki,Ki,45.0
COc1cccc(Cn2cnc3c(-c4ccco4)nc(N)nc32)c1,8.15,Ki,Ki,7.0
Nc1nc(-c2ccco2)c2ncn(Cc3cccc(Cl)c3)c2n1,8.1,Ki,Ki,8.0
Cc1cccc(Cn2cnc3c(-c4ccco4)nc(N)nc32)c1,8.22,Ki,Ki,6.0
Nc1nc(-c2ccco2)c2ncn(Cc3ccccc3)c2n1,7.4,Ki,Ki,40.0
Nc1nc(-c2ccco2)c2nc[nH]c2n1,6.58,Ki,Ki,261.0
Nc1nc(-c2ncc[nH]2)c2cnn(Cc3ccccc3F)c2n1,5.68,Ki,Ki,2086.0
Cn1ccnc1-c1nc(N)nc2c1cnn2Cc1ccccc1F,5.79,Ki,Ki,1616.0
Nc1nc(-n2ccnn2)c2cnn(Cc3ccccc3F)c2n1,7.15,Ki,Ki,71.0
Nc1nc(-c2nccs2)c2cnn(Cc3ccccc3F)c2n1,7.77,Ki,Ki,17.0
Nc1nc(-c2cc[nH]n2)c2cnn(Cc3ccccc3F)c2n1,7.8,Ki,Ki,16.0
Nc1nc(-c2ccccn2)c2cnn(Cc3ccccc3F)c2n1,7.92,Ki,Ki,12.0
Nc1nc(-c2cccs2)c2cnn(Cc3ccccc3F)c2n1,8.05,Ki,Ki,9.0
CS(=O)(=O)c1ccc(Cn2ncc3c(-c4ccco4)nc(N)nc32)cc1,6.47,Ki,Ki,340.0
Nc1nc(-c2ccco2)c2cnn(Cc3ccc(C(F)(F)F)cc3)c2n1,8.22,Ki,Ki,6.0
Nc1nc(-c2ccco2)c2cnn(Cc3c(F)cccc3F)c2n1,8.7,Ki,Ki,2.0
Nc1nc(-c2ccco2)c2cnn(Cc3ccccc3F)c2n1,8.4,Ki,Ki,4.0
Nc1nc(-c2ccco2)c2cnn(Cc3cccc(C(=O)O)c3)c2n1,5.88,Ki,Ki,1322.0
Nc1cccc(Cn2ncc3c(-c4ccco4)nc(N)nc32)c1,8.4,Ki,Ki,4.0
Nc1nc(-c2ccco2)c2cnn(Cc3ccccc3N)c2n1,8.1,Ki,Ki,8.0
Nc1nc(-c2ccco2)c2cnn(Cc3ccc([N+](=O)[O-])cc3)c2n1,6.92,Ki,Ki,119.0
Nc1nc(-c2ccco2)c2cnn(Cc3cccc([N+](=O)[O-])c3)c2n1,8.4,Ki,Ki,4.0
Nc1nc(-c2ccco2)c2cnn(Cc3ccccc3[N+](=O)[O-])c2n1,7.58,Ki,Ki,26.0
COC(=O)c1cccc(Cn2ncc3c(-c4ccco4)nc(N)nc32)c1,8.4,Ki,Ki,4.0
COc1cccc(Cn2ncc3c(-c4ccco4)nc(N)nc32)c1,8.7,Ki,Ki,2.0
Nc1nc(-c2ccco2)c2cnn(Cc3cccc(Cl)c3)c2n1,9.0,Ki,Ki,1.0
Nc1nc(-c2ccco2)c2cnn(Cc3ccccc3Cl)c2n1,8.05,Ki,Ki,9.0
Cc1cccc(Cn2ncc3c(-c4ccco4)nc(N)nc32)c1,8.52,Ki,Ki,3.0
CN(C)c1nc(-c2ccco2)c2cnn(CCc3ccccc3)c2n1,5.72,Ki,Ki,1891.0
OCCNc1nc(-c2ccco2)c2cnn(CCc3ccccc3)c2n1,6.87,Ki,Ki,135.0
Nc1nc(-c2ccco2)c2cnn(C(=O)NCc3ccccc3)c2n1,9.0,Ki,Ki,1.0
Nc1nc(-c2ccco2)c2cnn(CCCc3ccccc3)c2n1,8.4,Ki,Ki,4.0
Nc1nc(-c2ccco2)c2cnn(CCc3ccccc3)c2n1,6.96,Ki,Ki,110.0
Nc1nc(-c2ccco2)c2cnn(Cc3ccco3)c2n1,7.44,Ki,Ki,36.0
Nc1nc(-c2ccco2)c2cnn(Cc3cccnc3)c2n1,7.55,Ki,Ki,28.0
Nc1nc(-c2ccco2)c2cnn(CC3CCCCC3)c2n1,7.35,Ki,Ki,45.0
Nc1nc(-c2ccco2)c2cnn(Cc3ccccc3)c2n1,8.52,Ki,Ki,3.0
Nc1nc(-c2ccco2)c2cn[nH]c2n1,7.32,Ki,Ki,48.0
Nc1nc(-c2ccco2)c2cc[nH]c2n1,6.62,Ki,Ki,242.0
Nc1nc(-c2ccco2)c2ccn(Cc3ccccc3F)c2n1,7.8,Ki,Ki,16.0
CNC(=O)[C@H]1O[C@@H](n2cnc3c(NCc4cccc(I)c4)ncnc32)[C@H](O)[C@@H]1O,7.03,Ki,Ki,93.1
CNC(=O)[C@]12C[C@@H]1[C@@H](n1cnc3c(NCc4cccc(Cl)c4)nc(SC)nc31)[C@H](O)[C@@H]2O,5.0,Ki,Ki,10000.0
CNC(=O)[C@]12C[C@@H]1[C@@H](n1cnc3c(NC4CC4c4ccccc4)nc(Cl)nc31)[C@H](O)[C@@H]2O,5.32,Ki,Ki,4800.0
CNC(=O)[C@]12C[C@@H]1[C@@H](n1cnc3c(NCC(c4ccccc4)c4ccccc4)nc(Cl)nc31)[C@H](O)[C@@H]2O,5.8,Ki,Ki,1600.0
CNC(=O)[C@]12C[C@@H]1[C@@H](n1cnc3c(NCc4cc(OC)ccc4OC)nc(Cl)nc31)[C@H](O)[C@@H]2O,5.0,Ki,Ki,10000.0
CNC(=O)[C@@]12C[C@@H]1[C@@H](n1cnc3c(NCc4cccc(I)c4)nc(Cl)nc31)[C@H](O)[C@@H]2O,6.11,Ki,Ki,784.0
CNC(=O)[C@]12C[C@@H]1[C@@H](n1cnc3c(NCc4cccc(Br)c4)nc(Cl)nc31)[C@H](O)[C@@H]2O,5.89,Ki,Ki,1300.0
CNC(=O)[C@@]12C[C@@H]1[C@@H](n1cnc3c(NCc4cccc(Cl)c4)nc(Cl)nc31)[C@H](O)[C@@H]2O,5.64,Ki,Ki,2300.0
CNC(=O)[C@H]1O[C@@H](n2cnc3c(NCc4cccc(I)c4)nc(Cl)nc32)[C@H](O)[C@@H]1O,5.27,Ki,Ki,5400.0
CCNC(=O)[C@H]1O[C@@H](n2cnc3c(N)nc(NCCc4ccc(CCC(=O)O)cc4)nc32)[C@H](O)[C@@H]1O,7.33,Ki,Ki,0.0462
Cn1c(=O)c2c(ncn2C)n(C)c1=O,4.74,Ki,Ki,18.1
Oc1c(Br)cc2[nH]c3cnccc3c2c1Br,5.31,Ki,Ki,4.92
Cc1cc2c(c(C)c1O)c1ncccc1n2C,4.36,Ki,Ki,44.1
Cc1cc2[nH]c3cccnc3c2c(C)c1O,4.6,Ki,Ki,24.9
Cc1cc2c(c(C)c1O)c1ccncc1n2C,4.09,Ki,Ki,80.6
Nc1nc(-c2ccco2)c2nnn(Cc3ccc4[nH]nnc4c3)c2n1,7.92,Ki,Ki,11.9
Nc1nc(-c2ccco2)c2nnn(Cc3ccc4[nH]ncc4c3)c2n1,8.07,Ki,Ki,8.6
Nc1nc(-c2ccco2)c2nnn(Cc3ccc4[nH]ccc4c3)c2n1,8.96,Ki,Ki,1.1
CC(=O)Nc1ccc(Cn2nnc3c(-c4ccco4)nc(N)nc32)cc1,6.94,Ki,Ki,116.0
CNc1ccc(Cn2nnc3c(-c4ccco4)nc(N)nc32)cc1,8.8,Ki,Ki,1.6
Nc1nc(-c2ccco2)c2nnn(Cc3ccc(N)c(O)c3)c2n1,8.8,Ki,Ki,1.6
CC(C)c1cc(Cn2nnc3c(-c4ccco4)nc(N)nc32)ccc1N,8.82,Ki,Ki,1.5
CCc1cc(Cn2nnc3c(-c4ccco4)nc(N)nc32)ccc1N,9.0,Ki,Ki,1.0
Cc1cc(Cn2nnc3c(-c4ccco4)nc(N)nc32)ccc1N,8.89,Ki,Ki,1.3
Nc1nc(-c2ccco2)c2nnn(Cc3ccc(N)c(F)c3)c2n1,9.15,Ki,Ki,0.7
Nc1ccc(Cn2nnc3c(-c4ccco4)nc(N)nc32)c(F)c1,8.46,Ki,Ki,3.5
NCc1ccc(Cn2nnc3c(-c4ccco4)nc(N)nc32)cc1,6.62,Ki,Ki,241.0
Nc1ccc(Cn2nnc3c(-c4ccco4)nc(N)nc32)cc1,8.82,Ki,Ki,1.5
Nc1cccc(Cn2nnc3c(-c4ccco4)nc(N)nc32)c1,8.6,Ki,Ki,2.5
Nc1nc(-c2ccco2)c2nnn(Cc3ccccc3N)c2n1,8.7,Ki,Ki,2.0
Nc1nc(-c2ccco2)c2nnn(Cc3ccsc3)c2n1,8.72,Ki,Ki,1.9
Nc1nc(-c2ccco2)c2nnn(Cc3cccs3)c2n1,8.64,Ki,Ki,2.3
Nc1nc(-c2ccco2)c2nnn(Cc3ccco3)c2n1,8.06,Ki,Ki,8.8
Nc1nc(-c2ccco2)c2nnn(Cc3cnccn3)c2n1,6.91,Ki,Ki,122.0
Nc1nc(-c2ccco2)c2nnn(Cc3cccnc3)c2n1,7.84,Ki,Ki,14.5
Nc1nc(-c2ccco2)c2nnn(Cc3ccccn3)c2n1,7.92,Ki,Ki,12.0
CC(C)N(C)C(=O)c1cccc(Cn2nnc3c(-c4ccco4)nc(N)nc32)c1,7.66,Ki,Ki,22.0
CC(C)NC(=O)c1cccc(Cn2nnc3c(-c4ccco4)nc(N)nc32)c1,7.97,Ki,Ki,10.8
NC(=O)c1cccc(Cn2nnc3c(-c4ccco4)nc(N)nc32)c1,7.96,Ki,Ki,11.1
Nc1nc(-c2ccco2)c2nnn(Cc3cccc(C(=O)O)c3)c2n1,6.08,Ki,Ki,832.0
Nc1nc(-c2ccco2)c2nnn(Cc3cccc(O)c3)c2n1,8.4,Ki,Ki,4.0
COC(=O)c1cccc(Cn2nnc3c(-c4ccco4)nc(N)nc32)c1,8.39,Ki,Ki,4.1
Nc1nc(-c2ccco2)c2nnn(Cc3ccc([N+](=O)[O-])cc3)c2n1,7.55,Ki,Ki,28.0
Nc1nc(-c2ccco2)c2nnn(Cc3cccc([N+](=O)[O-])c3)c2n1,8.43,Ki,Ki,3.7
Nc1nc(-c2ccco2)c2nnn(Cc3ccccc3[N+](=O)[O-])c2n1,8.18,Ki,Ki,6.6
N#Cc1ccc(Cn2nnc3c(-c4ccco4)nc(N)nc32)cc1,7.14,Ki,Ki,73.0
N#Cc1cccc(Cn2nnc3c(-c4ccco4)nc(N)nc32)c1,8.41,Ki,Ki,3.9
COc1cccc(Cn2nnc3c(-c4ccco4)nc(N)nc32)c1,8.74,Ki,Ki,1.8
COc1ccccc1Cn1nnc2c(-c3ccco3)nc(N)nc21,8.27,Ki,Ki,5.4
Nc1nc(-c2ccco2)c2nnn(Cc3cccc(C(F)(F)F)c3)c2n1,8.66,Ki,Ki,2.2
Cc1cccc(Cn2nnc3c(-c4ccco4)nc(N)nc32)c1,8.52,Ki,Ki,3.0
Cc1ccccc1Cn1nnc2c(-c3ccco3)nc(N)nc21,8.52,Ki,Ki,3.0
Nc1nc(-c2ccco2)c2nnn(Cc3cccc(Cl)c3)c2n1,8.64,Ki,Ki,2.3
Nc1nc(-c2ccco2)c2nnn(Cc3c(F)cccc3F)c2n1,8.72,Ki,Ki,1.9
Nc1nc(-c2ccco2)c2nnn(Cc3cc(F)ccc3F)c2n1,8.66,Ki,Ki,2.2
Nc1nc(-c2ccco2)c2nnn(Cc3ccc(F)cc3F)c2n1,8.7,Ki,Ki,2.0
Nc1nc(-c2ccco2)c2nnn(Cc3cccc(F)c3F)c2n1,8.64,Ki,Ki,2.3
Nc1nc(-c2ccco2)c2nnn(CC3CCCCC3)c2n1,8.07,Ki,Ki,8.5
Nc1nc(-c2ccco2)c2nnn(Cc3ccccc3)c2n1,8.72,Ki,Ki,1.9
Nc1nc(-c2cncs2)c2nnn(Cc3ccccc3F)c2n1,7.51,Ki,Ki,31.0
Nc1nc(-c2cnn[nH]2)c2nnn(Cc3ccccc3F)c2n1,6.4,Ki,Ki,400.0
Nc1nc(-c2cccs2)c2nnn(Cc3ccccc3F)c2n1,8.09,Ki,Ki,8.2
Nc1nc(-c2ncco2)c2nnn(Cc3ccccc3F)c2n1,7.39,Ki,Ki,41.0
Cc1cnc(-c2nc(N)nc3c2nnn3Cc2ccccc2F)s1,8.07,Ki,Ki,8.5
Cc1csc(-c2nc(N)nc3c2nnn3Cc2ccccc2F)n1,8.66,Ki,Ki,2.2
Nc1nc(-c2nccs2)c2nnn(Cc3ccccc3F)c2n1,8.07,Ki,Ki,8.5
Nc1nc(-c2cc[nH]n2)c2nnn(Cc3ccccc3F)c2n1,6.62,Ki,Ki,239.0
Cc1ccc(-c2nc(N)nc3c2nnn3Cc2ccccc2F)o1,8.68,Ki,Ki,2.1
Nc1nc(-c2ccco2)c2nnn(Cc3ccccc3F)c2n1,8.57,Ki,Ki,2.7
Nc1nc(-c2ccco2)c2nn[nH]c2n1,6.71,Ki,Ki,194.0
Nc1nc(-c2ccco2)c2cc[nH]c2n1,6.62,Ki,Ki,242.0
Nc1nc(-c2ccco2)c2nc[nH]c2n1,6.58,Ki,Ki,261.0
Nc1nc(-c2ccco2)c2cn[nH]c2n1,7.32,Ki,Ki,48.0
Cc1cc(Cn2nnc3c(-c4ccco4)nc(N)nc32)ccc1N,9.2,Kd,pA2,9.2
Nc1ccc(Nc2nc(-c3ccccc3)nc3c2nnn3Cc2ccccc2)cc1,5.89,Ki,Ki,1300.0
Nc1ccc(Nc2nc(-c3ccccc3)nc3c2ncn3Cc2ccccc2)cc1,5.24,Ki,Ki,5737.0
O=[N+]([O-])c1ccc(Nc2nc(-c3ccccc3)nc3c2ncn3Cc2ccccc2)cc1,5.72,Ki,Ki,1900.0
Nc1ccc(Nc2nc(-c3ccccc3)nc3c2nnn3Cc2ccccc2)cc1,6.55,Ki,Ki,280.0
Nc1ccc(Nc2nc(-c3ccccc3)nc3c2ncn3Cc2ccccc2)cc1,5.38,Ki,Ki,4170.0
CCCn1c(=O)c2[nH]c(C3CCCC3)nc2n(CCC)c1=O,6.89,Ki,Ki,0.13
Nc1ncnc2nc(Br)[nH]c12,5.5,Ki,Ki,3.2
Cn1cnc2c(N)ncnc21,5.16,Ki,Ki,6.9
Cn1c(Br)nc2c(N)ncnc21,6.92,Ki,Ki,0.12
CCn1cnc2c(N)ncnc21,5.66,Ki,Ki,2.2
CCn1cnc2ncnc(N)c21,4.52,Ki,Ki,30.0
CCn1c(Br)nc2c(N)ncnc21,7.28,Ki,Ki,0.052
CCCn1cnc2c(N)ncnc21,5.02,Ki,Ki,9.6
CCCn1cnc2ncnc(N)c21,4.75,Ki,Ki,18.0
CCCn1c(Br)nc2c(N)ncnc21,6.52,Ki,Ki,0.3
CC(C)n1cnc2c(N)ncnc21,5.39,Ki,Ki,4.1
CC(C)n1cnc2ncnc(N)c21,4.92,Ki,Ki,12.0
CC(C)n1c(Br)nc2c(N)ncnc21,7.13,Ki,Ki,0.074
CCC(C)n1cnc2c(N)ncnc21,4.8,Ki,Ki,16.0
CCC(C)n1c(Br)nc2c(N)ncnc21,6.41,Ki,Ki,0.39
CC(C)Cn1c(Br)nc2c(N)ncnc21,5.22,Ki,Ki,6.0
CCCCn1cnc2c(N)ncnc21,5.11,Ki,Ki,7.8
CCCCn1c(Br)nc2c(N)ncnc21,6.14,Ki,Ki,0.73
C=CCCn1cnc2c(N)ncnc21,5.07,Ki,Ki,8.5
C=CCCn1c(Br)nc2c(N)ncnc21,5.8,Ki,Ki,1.6
Nc1ncnc2c1ncn2C1CC1,5.64,Ki,Ki,2.3
C=CCn1c(Br)nc2c(N)ncnc21,6.14,Ki,Ki,0.73
Nc1ncnc2c1ncn2C1CCC1,5.32,Ki,Ki,4.8
Nc1ncnc2c1nc(Br)n2C1CCC1,6.18,Ki,Ki,0.66
Nc1ncnc2c1ncn2C1CCCC1,5.75,Ki,Ki,1.8
Nc1ncnc2c1nc(Br)n2C1CCCC1,5.72,Ki,Ki,1.9
Nc1ncnc2c1nc(Br)n2C1CCCCC1,4.82,Ki,Ki,15.0
Nc1ncnc2c1ncn2C1CCCCCC1,4.96,Ki,Ki,11.0
Nc1ncnc2c1ncn2CCO,4.96,Ki,Ki,11.0
Nc1ncnc2c1nc(Br)n2CCO,6.21,Ki,Ki,0.62
Nc1ncnc2c1ncn2CCCO,5.41,Ki,Ki,3.9
Nc1ncnc2c1nc(Br)n2CCCO,7.07,Ki,Ki,0.085
CC(O)Cn1cnc2c(N)ncnc21,5.51,Ki,Ki,3.1
CC(O)Cn1c(Br)nc2c(N)ncnc21,5.96,Ki,Ki,1.1
Nc1ncnc2c1ncn2C[C@H](O)CO,5.07,Ki,Ki,8.5
Nc1ncnc2c1nc(Br)n2CC(O)CO,5.4,Ki,Ki,4.0
Nc1ncnc2c1ncn2Cc1ccccc1,5.07,Ki,Ki,8.5
Nc1ncnc2c1nc(Br)n2Cc1ccccc1,5.21,Ki,Ki,6.1
Nc1ncnc2c1ncn2CCc1ccccc1,5.02,Ki,Ki,9.6
Nc1ncnc2c1nc(Br)n2CCc1ccccc1,5.31,Ki,Ki,4.9
O=c1n(-c2ccccc2)nc2c(NC3CCCCC3)nc3ncccc3n12,6.68,Ki,Ki,211.0
O=c1n(-c2ccccc2)nc2c(NC3CCCC3)nc3ncccc3n12,6.68,Ki,Ki,208.0
O=C(Nc1nc2ncccc2n2c(=O)n(-c3ccccc3)nc12)c1ccccc1,5.65,Ki,Ki,2240.0
O=C(Cc1ccccc1)Nc1nc2ncccc2n2c(=O)n(-c3ccccc3)nc12,6.68,Ki,Ki,208.0
Cn1c(=O)c2nc[nH]c2n(C)c1=O.O,5.1,Ki,Ki,7900.0
CCCn1c(=O)c2[nH]c(C3CCCC3)nc2n(CCC)c1=O,6.58,Ki,Ki,260.0
COc1cccc(-n2c(=O)n(Cc3ccccc3OC)c3cnc(NC4CC4)nc32)c1,7.62,Ki,Ki,24.0
COc1ccccc1Cn1c(=O)n(-c2ccccc2OC)c2nc(NC3CC3)ncc21,5.81,Ki,Ki,1561.0
COc1ccccc1Cn1c(=O)n(-c2ccccc2)c2nc(NC3CC3)ncc21,6.39,Ki,Ki,409.0
COc1cc(OC)cc(-n2c(=O)n(Cc3ccccc3OC)c3cnc(NC4CC4)nc32)c1,7.12,Ki,Ki,76.0
COc1ccccc1Cn1c(=O)n(-c2cccc(F)c2)c2nc(NC3CC3)ncc21,7.05,Ki,Ki,89.0
COc1ccccc1Cn1c(=O)n(-c2cccc(C)c2)c2nc(NC3CC3)ncc21,6.5,Ki,Ki,316.0
COc1ccccc1Cn1c(=O)n(-c2cccc(OC(F)(F)F)c2)c2nc(NC3CC3)ncc21,6.69,Ki,Ki,206.0
COc1ccccc1Cn1c(=O)n(-c2cccc(C#N)c2)c2nc(NC3CC3)ncc21,5.59,Ki,Ki,2587.0
COc1cccc(Cn2c(=O)n(Cc3ccccc3OC)c3cnc(NC4CC4)nc32)c1,5.04,Ki,Ki,9213.0
COc1cccc(-n2c(=O)n(Cc3ccccc3)c3cnc(NC4CC4)nc32)c1,7.27,Ki,Ki,54.0
COc1cccc(-n2c(=O)n(Cc3ccccc3F)c3cnc(NC4CC4)nc32)c1,7.48,Ki,Ki,33.0
COc1cccc(-n2c(=O)n(Cc3ccccc3Cl)c3cnc(NC4CC4)nc32)c1,7.07,Ki,Ki,86.0
COc1cccc(-n2c(=O)n(Cc3c(F)cccc3F)c3cnc(NC4CC4)nc32)c1,8.4,Ki,Ki,4.0
COc1cccc(-n2c(=O)n(Cc3c(F)cccc3OC)c3cnc(NC4CC4)nc32)c1,8.22,Ki,Ki,6.0
COc1cccc(-n2c(=O)n(C(C)c3ccccc3)c3cnc(NC4CC4)nc32)c1,6.45,Ki,Ki,359.0
COc1cccc(-n2c(=O)n(C)c3cnc(NC4CC4)nc32)c1,5.58,Ki,Ki,2641.0
COc1cccc(-n2c(=O)n(-c3ccccc3OC)c3cnc(NC4CC4)nc32)c1,5.29,Ki,Ki,5122.0
CNc1ncc2c(n1)n(-c1cccc(OC)c1)c(=O)n2Cc1c(F)cccc1F,7.64,Ki,Ki,23.0
CCNc1ncc2c(n1)n(-c1cccc(OC)c1)c(=O)n2Cc1c(F)cccc1F,7.51,Ki,Ki,31.0
COc1cccc(-n2c(=O)n(Cc3c(F)cccc3F)c3cnc(NC(C)C)nc32)c1,7.22,Ki,Ki,60.0
COc1cccc(-n2c(=O)n(Cc3c(F)cccc3F)c3cnc(NCc4ccccc4)nc32)c1,7.14,Ki,Ki,72.0
COCCNc1ncc2c(n1)n(-c1cccc(OC)c1)c(=O)n2Cc1c(F)cccc1F,6.97,Ki,Ki,106.0
COc1cccc(-n2c(=O)n(Cc3c(F)cccc3F)c3cnc(NC4CCCC4)nc32)c1,6.67,Ki,Ki,213.0
COc1cccc(-n2c(=O)n(Cc3c(F)cccc3F)c3cnc(NCC4CC4)nc32)c1,6.3,Ki,Ki,499.0
COc1cccc(-n2c(=O)n(Cc3c(F)cccc3F)c3cnc(NCc4ccccn4)nc32)c1,7.92,Ki,Ki,12.0
COc1cccc(-n2c(=O)n(Cc3c(F)cccc3F)c3cnc(NCc4ccncc4)nc32)c1,7.3,Ki,Ki,50.0
COc1cccc(-n2c(=O)n(Cc3c(F)cccc3F)c3cnc(NCc4cccnc4)nc32)c1,7.18,Ki,Ki,66.0
COc1cccc(-n2c(=O)n(Cc3c(F)cccc3F)c3cnc(NCCc4ccccn4)nc32)c1,7.11,Ki,Ki,78.0
COc1cccc(-n2c(=O)n(Cc3c(F)cccc3F)c3cnc(Nc4cccnc4)nc32)c1,6.96,Ki,Ki,111.0
COc1cccc(-n2c(=O)n(Cc3c(F)cccc3F)c3cnc(NCCN4CCOCC4)nc32)c1,6.59,Ki,Ki,259.0
COc1cccc(-n2c(=O)n(Cc3c(F)cccc3F)c3cnc(NCCN(C)C)nc32)c1,6.58,Ki,Ki,261.0
COc1cccc(-n2c(=O)n(Cc3c(F)cccc3F)c3cnc(NCCc4cccs4)nc32)c1,8.05,Ki,Ki,9.0
COc1cc(-c2nc3c([nH]2)c(=O)n(C)c(=O)n3C)ccc1OCCN(C)C,6.22,Ki,Ki,0.6
CCN(CC)CCOc1ccc(-c2nc3c([nH]2)c(=O)n(C)c(=O)n3C)cc1OC,5.96,Ki,Ki,1.1
COc1cc(-c2nc3c([nH]2)c(=O)n(C)c(=O)n3C)ccc1OCCN1CCCCC1,6.16,Ki,Ki,0.7
COc1cc(-c2nc3c([nH]2)c(=O)n(C)c(=O)n3C)ccc1OCCN1CCOCC1,4.0,Ki,Ki,100.0
COc1cc(-c2nc3c([nH]2)c(=O)n(C)c(=O)n3C)ccc1OCCN1CCCC1,6.0,Ki,Ki,1.0
COc1ccc(-c2nc3c([nH]2)c(=O)n(C)c(=O)n3C)cc1OCCN(C)C,6.4,Ki,Ki,0.4
CCN(CC)CCOc1cc(-c2nc3c([nH]2)c(=O)n(C)c(=O)n3C)ccc1OC,6.22,Ki,Ki,0.6
COc1ccc(-c2nc3c([nH]2)c(=O)n(C)c(=O)n3C)cc1OCCN1CCCCC1,5.57,Ki,Ki,2.7
COc1ccc(-c2nc3c([nH]2)c(=O)n(C)c(=O)n3C)cc1OCCN1CCOCC1,7.0,Ki,Ki,0.1
CN(C)CCOc1cccc(-c2nc3c([nH]2)c(=O)n(C)c(=O)n3C)c1,6.4,Ki,Ki,0.4
CCN(CC)CCOc1cccc(-c2nc3c([nH]2)c(=O)n(C)c(=O)n3C)c1,7.0,Ki,Ki,0.1
Cn1c(=O)c2[nH]c(-c3cccc(OCCN4CCCCC4)c3)nc2n(C)c1=O,6.1,Ki,Ki,0.8
Cn1c(=O)c2[nH]c(-c3cccc(OCCN4CCOCC4)c3)nc2n(C)c1=O,5.85,Ki,Ki,1.4
Cn1c(=O)c2[nH]c(-c3cccc(OCCN4CCCC4)c3)nc2n(C)c1=O,6.4,Ki,Ki,0.4
CCCn1c(=O)c2[nH]c(C3CCCC3)nc2n(CCC)c1=O,6.89,Ki,Ki,0.13
Nc1nc(NCCc2ccc(O)cc2)nc2nc(-c3ccco3)nn12,7.19,Ki,Ki,0.064
O=C(Nc1nc2ccccc2n2c(=O)n(-c3ccccc3)nc12)c1ccccc1,7.05,Ki,Ki,88.2
CCCn1c(=O)c2[nH]c(C3CCCC3)nc2n(CCC)c1=O,6.58,Ki,Ki,260.0
Cn1c(=O)c2nc[nH]c2n(C)c1=O.O,5.1,Ki,Ki,7900.0
O=C(NCc1ccccc1)Nc1nc2ccccc2n2c(=O)n(-c3ccccc3)nc12,6.8,Ki,Ki,158.3
COc1ccc(-n2nc3c(NC(=O)c4ccncc4)nc4ccccc4n3c2=O)cc1,6.4,Ki,Ki,397.0
O=C(Nc1nc2ccccc2n2c(=O)n(-c3ccccc3)nc12)c1ccncc1,6.73,Ki,Ki,188.0
CNC(=O)[C@H]1O[C@@H](n2cnc3c(NCc4cccc(I)c4)ncnc32)[C@H](O)[C@@H]1O,5.54,Ki,Ki,2900.0
O[C@@H]1[C@H](O)CS[C@H]1n1cnc2c(NCc3cccc(I)c3)ncnc21,6.64,Ki,Ki,230.0
O[C@@H]1[C@H](O)CS[C@H]1n1cnc2c(NCc3cccc(Br)c3)ncnc21,6.38,Ki,Ki,420.0
O[C@@H]1[C@H](O)CS[C@H]1n1cnc2c(NCc3cccc(Cl)c3)ncnc21,6.36,Ki,Ki,440.0
O[C@@H]1[C@H](O)CS[C@H]1n1cnc2c(NCc3cccc(F)c3)ncnc21,5.9,Ki,Ki,1260.0
CNC(=O)[C@H]1S[C@@H](n2cnc3c(NCc4cccc(I)c4)nc(Cl)nc32)[C@H](O)[C@@H]1O,6.65,Ki,Ki,223.0
CNC(=O)[C@H]1O[C@@H](n2cnc3c(NCc4cccc(I)c4)nc(Cl)nc32)[C@H](O)[C@@H]1O,5.27,Ki,Ki,5360.0
CC(=O)Nc1cc(-c2ccccc2)nc(-n2nc(C)cc2C)n1,7.06,Ki,Ki,87.0
COc1ccccc1-c1cc(NC(C)=O)nc(-n2nc(C)cc2C)n1,8.7,Ki,Ki,2.0
COc1cccc(-c2cc(NC(C)=O)nc(-n3nc(C)cc3C)n2)c1,9.0,Ki,Ki,1.0
COc1ccc(-c2cc(NC(C)=O)nc(-n3nc(C)cc3C)n2)cc1,7.77,Ki,Ki,17.0
CC(=O)Nc1cc(-c2cccc(C)c2)nc(-n2nc(C)cc2C)n1,8.15,Ki,Ki,7.0
CC(=O)Nc1cc(-c2cccc(C#N)c2)nc(-n2nc(C)cc2C)n1,8.7,Ki,Ki,2.0
CC(=O)Nc1cc(-c2cccc(CC#N)c2)nc(-n2nc(C)cc2C)n1,8.7,Ki,Ki,2.0
CC(=O)Nc1cc(-c2cccc(C(F)(F)F)c2)nc(-n2nc(C)cc2C)n1,8.7,Ki,Ki,2.0
CC(=O)Nc1cc(-c2cc(C)cc(C)c2)nc(-n2nc(C)cc2C)n1,8.1,Ki,Ki,8.0
CC(=O)Nc1cc(-c2cc(C)ccc2C)nc(-n2nc(C)cc2C)n1,7.72,Ki,Ki,19.0
COc1cc(OC)cc(-c2cc(NC(C)=O)nc(-n3nc(C)cc3C)n2)c1,9.7,Ki,Ki,0.2
CC(=O)Nc1cc(-c2cc(O)cc(F)c2)nc(-n2nc(C)cc2C)n1,8.7,Ki,Ki,2.0
CC(=O)Nc1cc(-c2cc(F)cc(F)c2)nc(-n2nc(C)cc2C)n1,8.4,Ki,Ki,4.0
COc1c(F)cccc1-c1cc(NC(C)=O)nc(-n2nc(C)cc2C)n1,8.52,Ki,Ki,3.0
CC(=O)Nc1cc(-c2cccc(O)c2)nc(-n2nc(C)cc2C)n1,8.7,Ki,Ki,2.0
CC(=O)Nc1cc(-c2cccc(OCCN(C)C)c2)nc(-n2nc(C)cc2C)n1,8.3,Ki,Ki,5.0
CC(=O)Nc1cc(-c2cccc(OC3CCN(C)C3)c2)nc(-n2nc(C)cc2C)n1,8.7,Ki,Ki,2.0
CCN1CCC(Oc2cccc(-c3cc(NC(C)=O)nc(-n4nc(C)cc4C)n3)c2)C1,8.52,Ki,Ki,3.0
CC(=O)Nc1cc(-c2cccc(OC3CCN(C(C)C)C3)c2)nc(-n2nc(C)cc2C)n1,8.52,Ki,Ki,3.0
CC(=O)Nc1cc(-c2cccc(OC3CCN(C)CC3)c2)nc(-n2nc(C)cc2C)n1,8.22,Ki,Ki,6.0
CC(=O)Nc1cc(-c2cccc(OC3CCCN(C)C3)c2)nc(-n2nc(C)cc2C)n1,9.0,Ki,Ki,1.0
CC(=O)Nc1cc(-c2cccc(O[C@@H]3CCN(C)C3)c2)nc(-n2nc(C)cc2C)n1,8.4,Ki,Ki,4.0
CC(=O)Nc1cc(-c2cccc(O[C@H]3CCN(C)C3)c2)nc(-n2nc(C)cc2C)n1,8.7,Ki,Ki,2.0
CC(=O)Nc1cc(-c2cccc(CO[C@@H]3CCN(C)C3)c2)nc(-n2nc(C)cc2C)n1,7.17,Ki,Ki,67.0
CC(=O)Nc1cc(-c2cccc(CO[C@H]3CCN(C)C3)c2)nc(-n2nc(C)cc2C)n1,7.14,Ki,Ki,73.0
CC(=O)Nc1cc(-c2cc(F)cc(OC3CCN(C)C3)c2)nc(-n2nc(C)cc2C)n1,9.0,Ki,Ki,1.0
CC(=O)Nc1cc(-c2cc(F)cc(O[C@@H]3CCN(C)C3)c2)nc(-n2nc(C)cc2C)n1,8.7,Ki,Ki,2.0
CC(=O)Nc1cc(-c2cc(F)cc(O[C@H]3CCN(C)C3)c2)nc(-n2nc(C)cc2C)n1,9.0,Ki,Ki,1.0
CN1CCN(CC(=O)Nc2cc(-n3cccn3)nc(-c3ccco3)n2)CC1,8.52,Ki,Ki,3.0
CC(=O)Nc1cc(-n2cccn2)nc(-c2ccco2)n1,9.22,Ki,Ki,0.6
Cc1cc(C)n(-c2nc(NC(=O)CN3CCN(C)CC3)cc(-c3nccs3)n2)n1,7.57,Ki,Ki,27.0
COc1cc(OC)cc(-c2cc(NC(C)=O)nc(-n3nc(C)cc3C)n2)c1,9.72,Ki,Ki,0.19
CC(=O)Nc1cc(-c2cccc(N3CCCC3)n2)nc(-n2nc(C)cc2C)n1,9.59,Ki,Ki,0.26
COC1CCN(c2cccc(-c3cc(NC(C)=O)nc(-n4nc(C)cc4C)n3)n2)CC1,9.36,Ki,Ki,0.44
COC1CN(c2cccc(-c3cc(NC(C)=O)nc(-n4nc(C)cc4C)n3)n2)C1,9.33,Ki,Ki,0.47
CC(=O)Nc1cc(-c2cccc(N3CCCCC3)n2)nc(-n2nc(C)cc2C)n1,9.25,Ki,Ki,0.56
COc1cccc(-c2cc(NC(C)=O)nc(-n3nc(C)cc3C)n2)c1F,9.22,Ki,Ki,0.6
CC(=O)Nc1cc(-c2cccc(N(C)C)n2)nc(-n2nc(C)cc2C)n1,9.21,Ki,Ki,0.61
CC(=O)Nc1cc(-c2cccc(N3CCN(C)CC3)n2)nc(-n2nc(C)cc2C)n1,9.15,Ki,Ki,0.71
COCCN(C)c1cccc(-c2cc(NC(C)=O)nc(-n3nc(C)cc3C)n2)n1,9.14,Ki,Ki,0.72
CC(=O)Nc1cc(-c2cccc(N3CCOCC3)n2)nc(-n2nc(C)cc2C)n1,9.08,Ki,Ki,0.83
COc1cccc(-c2cc(NC(C)=O)nc(-n3nc(C)cc3C)n2)c1,9.04,Ki,Ki,0.92
CCC(=O)Nc1cc(-c2cncc(OC)c2)nc(-n2nc(C)cc2C)n1,8.74,Ki,Ki,1.8
CC(=O)Nc1cc(-c2cccc(N3CCC(O)CC3)n2)nc(-n2nc(C)cc2C)n1,8.72,Ki,Ki,1.9
COc1cncc(-c2cc(NC(C)=O)nc(-n3nc(C)cc3C)n2)c1,8.64,Ki,Ki,2.3
CC(=O)Nc1cc(-c2cccc(N3CCCOCC3)n2)nc(-n2nc(C)cc2C)n1,8.64,Ki,Ki,2.3
CC(=O)Nc1cc(-c2cncc(O)c2)nc(-n2nc(C)cc2C)n1,8.54,Ki,Ki,2.9
CC(=O)Nc1cc(-c2cncc(N3CCOCC3)c2)nc(-n2nc(C)cc2C)n1,8.52,Ki,Ki,3.0
COCCOc1cncc(-c2cc(NC(C)=O)nc(-n3nc(C)cc3C)n2)c1,8.51,Ki,Ki,3.1
COc1cncc(-c2cc(NC(=O)CN3CCOCC3)nc(-n3nc(C)cc3C)n2)c1,8.4,Ki,Ki,4.0
COC(=O)Nc1cc(-c2cncc(OC)c2)nc(-n2nc(C)cc2C)n1,8.13,Ki,Ki,7.4
CCOC(=O)Nc1cc(-c2cncc(OC)c2)nc(-n2nc(C)cc2C)n1,8.11,Ki,Ki,7.8
CC(=O)Nc1cc(-c2cccc(N)n2)nc(-n2nc(C)cc2C)n1,8.1,Ki,Ki,7.9
CC(=O)Nc1cc(-c2ccnc(N3CCOCC3)c2)nc(-n2nc(C)cc2C)n1,7.92,Ki,Ki,12.0
CC(=O)Nc1cc(-c2ccncc2)nc(-n2nc(C)cc2C)n1,7.4,Ki,Ki,40.0
CC(=O)Nc1cc(-c2ccccc2)nc(-n2nc(C)cc2C)n1,7.06,Ki,Ki,87.0
CC(=O)Nc1cc(-c2cc(N3CCOCC3)ccn2)nc(-n2nc(C)cc2C)n1,7.06,Ki,Ki,87.0
CC(=O)Nc1cc(-c2cccnc2)nc(-n2nc(C)cc2C)n1,6.92,Ki,Ki,120.0
CC(=O)Nc1cc(-c2cccc(N(C)C)n2)nc(-n2nc(C)cc2C)n1,6.81,IC50,IC50,156.0
CC(=O)Nc1cc(-c2cccc(N3CCOCC3)n2)nc(-n2nc(C)cc2C)n1,7.89,IC50,IC50,13.0
COc1cc(OC)cc(-c2cc(NC(C)=O)nc(-n3nc(C)cc3C)n2)c1,7.77,IC50,IC50,17.0
COC1CN(c2cccc(-c3cc(NC(C)=O)nc(-n4nc(C)cc4C)n3)n2)C1,7.75,IC50,IC50,18.0
CC(=O)Nc1cc(-c2cccc(N3CCC(O)CC3)n2)nc(-n2nc(C)cc2C)n1,7.66,IC50,IC50,22.0
CCC(=O)Nc1cc(-c2cncc(OC)c2)nc(-n2nc(C)cc2C)n1,7.51,IC50,IC50,31.0
COc1cccc(-c2cc(NC(C)=O)nc(-n3nc(C)cc3C)n2)c1F,7.5,IC50,IC50,32.0
COc1cncc(-c2cc(NC(=O)CN3CCOCC3)nc(-n3nc(C)cc3C)n2)c1,7.31,IC50,IC50,49.0
COc1cncc(-c2cc(NC(C)=O)nc(-n3nc(C)cc3C)n2)c1,7.24,IC50,IC50,57.0
CC(=O)Nc1cc(-c2cncc(O)c2)nc(-n2nc(C)cc2C)n1,7.19,IC50,IC50,64.0
COCCN(C)c1cccc(-c2cc(NC(C)=O)nc(-n3nc(C)cc3C)n2)n1,7.16,IC50,IC50,70.0
CC(=O)Nc1cc(-c2cccc(N3CCN(C)CC3)n2)nc(-n2nc(C)cc2C)n1,8.15,IC50,IC50,7.0
COC(=O)Nc1cc(-c2cncc(OC)c2)nc(-n2nc(C)cc2C)n1,6.78,IC50,IC50,167.0
CCOC(=O)Nc1cc(-c2cncc(OC)c2)nc(-n2nc(C)cc2C)n1,6.71,IC50,IC50,196.0
Cc1cc(C)n(-c2cc(NC(=O)CN3CCN(C)CC3)nc(-c3ccc(C)o3)n2)n1,7.92,Ki,Ki,12.0
CC(=O)Nc1cc(-n2cccn2)nc(-c2ccco2)n1,9.22,Ki,Ki,0.6
CC(=O)Nc1cc(-c2cncc(N3CCOCC3)c2)nc(-n2nc(C)cc2C)n1,6.67,IC50,IC50,213.0
CCNC(=O)[C@H]1O[C@@H](n2cnc3c(N)ncnc32)[C@H](O)[C@@H]1O,7.19,IC50,IC50,6.4
CCNC(=O)[C@H]1O[C@@H](n2cnc3c(N)ncnc32)[C@H](O)[C@@H]1O,7.28,Ki,Ki,5.2
O[C@@H]1[C@H](O)[C@@H](CCl)O[C@H]1n1cnc2c(NC3CCCC3)ncnc21,6.08,Ki,Ki,837.0
O[C@@H]1[C@H](O)[C@@H](CCl)O[C@H]1n1cnc2c(NC3CCCC3)nc(Cl)nc21,5.67,Ki,Ki,2160.0
O[C@@H]1[C@H](O)[C@@H](CCl)O[C@H]1n1cnc2c(NC3CC4CCC3C4)ncnc21,5.87,Ki,Ki,1340.0
O[C@@H]1[C@H](O)[C@@H](CCl)O[C@H]1n1cnc2c(NC3CC4CCC3C4)nc(Cl)nc21,5.69,Ki,Ki,2050.0
C[C@@]1(O)[C@H](O)[C@@H](CCl)O[C@H]1n1cnc2c(NC3CCCC3)nc(Cl)nc21,4.79,Ki,Ki,16200.0
C[C@@]1(O)[C@H](O)[C@@H](CCl)O[C@H]1n1cnc2c(NC3CC4CCC3C4)ncnc21,4.62,Ki,Ki,24000.0
C[C@@]1(O)[C@H](O)[C@@H](CCl)O[C@H]1n1cnc2c(NC3CC4CCC3C4)nc(Cl)nc21,4.5,Ki,Ki,31600.0
O[C@@H]1[C@H](O)[C@@H](CSc2ccccc2F)O[C@H]1n1cnc2c(NC3CCCC3)ncnc21,5.29,Ki,Ki,5170.0
O[C@@H]1[C@H](O)[C@@H](CSc2ccccc2F)O[C@H]1n1cnc2c(NC3CCCC3)nc(Cl)nc21,5.66,Ki,Ki,2190.0
O[C@@H]1[C@H](O)[C@@H](CSc2ccccc2F)O[C@H]1n1cnc2c(NC3CCOC3)ncnc21,4.72,Ki,Ki,18900.0
C[C@@]1(O)[C@H](O)[C@@H](CO)O[C@H]1n1cnc2c(NC3CC4CCC3C4)ncnc21,5.06,Ki,Ki,8780.0
C[C@@]1(O)[C@H](O)[C@@H](CO)O[C@H]1n1cnc2c(NC3CC4CCC3C4)nc(Cl)nc21,4.93,Ki,Ki,11800.0
OC[C@H]1O[C@@H](n2cnc3c(NC4CC5CCC4C5)ncnc32)[C@H](O)[C@@H]1O,5.9,Ki,Ki,1270.0
OC[C@H]1O[C@@H](n2cnc3c(NC4CC5CCC4C5)nc(Cl)nc32)[C@H](O)[C@@H]1O,6.1,Ki,Ki,797.0
Nc1nc2c(cnn2CCc2ccccc2)c2nc(-c3ccco3)nn12,8.7,Ki,Ki,2.0
Nc1nc2c(cnn2CCN2Cc3ccccc3C2)c2nc(-c3ccco3)nn12,7.83,Ki,Ki,14.7
Nc1nc2c(cnn2CCN2CCc3ncc(-c4ccccc4)cc3C2)c2nc(-c3ccco3)nn12,7.75,Ki,Ki,17.9
Nc1nc2c(cnn2CCN2CCc3nc(C(F)(F)F)ccc3C2)c2nc(-c3ccco3)nn12,8.3,Ki,Ki,5.0
Nc1nc2c(cnn2CCN2CCc3ncncc3C2)c2nc(-c3ccco3)nn12,8.21,Ki,Ki,6.2
COCCOc1cnc2c(c1)CN(CCn1ncc3c1nc(N)n1nc(-c4ccco4)nc31)CC2,8.51,Ki,Ki,3.1
Nc1nc2c(cnn2CCN2CCc3ncc(Br)cc3C2)c2nc(-c3ccco3)nn12,8.8,Ki,Ki,1.6
Nc1nc2c(cnn2CCN2CCc3ncc(C4CC4)cc3C2)c2nc(-c3ccco3)nn12,8.72,Ki,Ki,1.9
Cc1cnc2c(c1)CN(CCn1ncc3c1nc(N)n1nc(-c4ccco4)nc31)CC2,8.7,Ki,Ki,2.0
Nc1nc2c(cnn2CCN2CCc3ncccc3C2)c2nc(-c3ccco3)nn12,8.32,Ki,Ki,4.8
COCCOc1ccc2c(c1)CCN(CCn1ncc3c1nc(N)n1nc(-c4ccco4)nc31)CC2,8.7,Ki,Ki,2.0
COc1ccc2c(c1)CCN(CCn1ncc3c1nc(N)n1nc(-c4ccco4)nc31)CC2,8.72,Ki,Ki,1.9
Nc1nc2c(cnn2CCN2CCc3ccc(Cl)cc3CC2)c2nc(-c3ccco3)nn12,8.48,Ki,Ki,3.3
Nc1nc2c(cnn2CCN2CCc3ccc(Br)cc3CC2)c2nc(-c3ccco3)nn12,8.96,Ki,Ki,1.1
Nc1nc2c(cnn2CCN2CCc3ccc([N+](=O)[O-])cc3CC2)c2nc(-c3ccco3)nn12,9.15,Ki,Ki,0.7
Nc1nc2c(cnn2CCN2CCc3ccccc3CC2)c2nc(-c3ccco3)nn12,8.7,Ki,Ki,2.0
COCCOc1ccc2c(c1)CN(CCn1ncc3c1nc(N)n1nc(-c4ccco4)nc31)CC2,8.29,Ki,Ki,5.1
COc1ccc2c(c1)CN(CCn1ncc3c1nc(N)n1nc(-c4ccco4)nc31)CC2,8.49,Ki,Ki,3.2
COc1ccc2c(c1)CCN(CCn1ncc3c1nc(N)n1nc(-c4ccco4)nc31)C2,8.6,Ki,Ki,2.5
COCCOc1cccc2c1CN(CCn1ncc3c1nc(N)n1nc(-c4ccco4)nc31)CC2,8.82,Ki,Ki,1.5
COc1cc2c(cc1OC)C(Cc1ccccc1)N(CCn1ncc3c1nc(N)n1nc(-c4ccco4)nc31)CC2,8.64,Ki,Ki,2.3
COc1cc2c(cc1OC)CN(CCn1ncc3c1nc(N)n1nc(-c4ccco4)nc31)C(C)C2,8.72,Ki,Ki,1.9
Nc1nc2c(cnn2CCN2CCc3ccccc3C2)c2nc(-c3ccco3)nn12,8.39,Ki,Ki,4.1
COCCOc1cccc2c1CN(CCn1ncc3c1nc(N)n1nc(-c4ccco4)nc31)C2,8.15,Ki,Ki,7.1
COc1cccc2c1CN(CCn1ncc3c1nc(N)n1nc(-c4ccco4)nc31)C2,8.22,Ki,Ki,6.0
COc1ccc2c(c1)CN(CCn1ncc3c1nc(N)n1nc(-c4ccco4)nc31)C2,8.27,Ki,Ki,5.4
Nc1nc2c(cnn2CCc2ccc(-c3ccccc3)cc2)c2nc(-c3ccco3)nn12,8.96,Ki,Ki,1.1
Nc1nc2c(cnn2CCc2ccc3nc(N4CCOCC4)ccc3c2)c2nc(-c3ccco3)nn12,8.74,Ki,Ki,1.8
CC(c1ccc2cc(CCn3ncc4c3nc(N)n3nc(-c5ccco5)nc43)ccc2n1)N1CCOCC1,8.89,Ki,Ki,1.3
Nc1nc2c(cnn2CCc2ccc3nc(C(=O)N4CCOCC4)ccc3c2)c2nc(-c3ccco3)nn12,8.8,Ki,Ki,1.6
Nc1nc2c(cnn2CCc2ccc3nc(CN4CCOCC4)ccc3c2)c2nc(-c3ccco3)nn12,8.64,Ki,Ki,2.3
COCCOC(C)c1ccc2cc(CCn3ncc4c3nc(N)n3nc(-c5ccco5)nc43)ccc2n1,8.82,Ki,Ki,1.5
COCCOCc1ccc2cc(CCn3ncc4c3nc(N)n3nc(-c5ccco5)nc43)ccc2n1,8.55,Ki,Ki,2.8
CCc1ccc2cc(CCn3ncc4c3nc(N)n3nc(-c5ccco5)nc43)ccc2n1,8.57,Ki,Ki,2.7
Cc1ccc2cc(CCn3ncc4c3nc(N)n3nc(-c5ccco5)nc43)ccc2n1,8.62,Ki,Ki,2.4
Nc1nc2c(cnn2CCc2ccc(-c3cccnc3)cn2)c2nc(-c3ccco3)nn12,7.94,Ki,Ki,11.4
Nc1nc2c(cnn2CCc2cccc(-c3cccnc3)c2)c2nc(-c3ccco3)nn12,8.26,Ki,Ki,5.5
Nc1nc2c(cnn2CCc2ccc(-c3cnccn3)cc2)c2nc(-c3ccco3)nn12,9.05,Ki,Ki,0.9
Cc1ccc(-c2ccc(CCn3ncc4c3nc(N)n3nc(-c5ccco5)nc43)cc2)cn1,9.22,Ki,Ki,0.6
COc1ccc(-c2ccc(CCn3ncc4c3nc(N)n3nc(-c5ccco5)nc43)cc2)cn1,8.72,Ki,Ki,1.9
Nc1nc2c(cnn2CCc2ccc(-c3cccnc3)cc2)c2nc(-c3ccco3)nn12,8.82,Ki,Ki,1.5
Nc1nc2c(cnn2CCc2ccc(-c3ccc(OC(F)(F)F)cc3)cc2)c2nc(-c3ccco3)nn12,8.11,Ki,Ki,7.8
COc1ccc(-c2ccc(CCn3ncc4c3nc(N)n3nc(-c5ccco5)nc43)cc2)cc1,9.3,Ki,Ki,0.5
Nc1nc2c(cnn2CCc2ccccc2)c2nc(-c3ccco3)nn12,8.7,Ki,Ki,2.0
Cn1c(=O)c2[nH]c(-c3ccccc3)cc2n(C)c1=O,6.32,Ki,Ki,479.0
Cn1c(=O)c2[nH]c(-c3ccccc3)c(O)c2n(C)c1=O,5.83,Ki,Ki,1470.0
Cc1ccc(-c2cc3c([nH]2)c(=O)n(C)c(=O)n3C)cc1,6.9,Ki,Ki,126.0
Cc1ccc(-c2[nH]c3c(=O)n(C)c(=O)n(C)c3c2O)cc1,5.61,Ki,Ki,2450.0
Cn1c(=O)c2[nH]c(-c3ccc(S(C)(=O)=O)cc3)c(O)c2n(C)c1=O,6.16,Ki,Ki,692.0
CCCn1c(=O)c2[nH]c(-c3ccccc3)cc2n(CCC)c1=O,6.19,Ki,Ki,646.0
CCCn1c(=O)c2[nH]c(-c3ccccc3)c(O)c2n(CCC)c1=O,7.3,Ki,Ki,50.0
CCCn1c(=O)c2[nH]c(-c3ccc(C)cc3)cc2n(CCC)c1=O,6.2,Ki,Ki,631.0
CCCn1c(=O)c2c(cc(-c3ccc(C)cc3)n2O)n(CCC)c1=O,6.4,Ki,Ki,398.0
CCCn1c(=O)c2[nH]c(-c3ccc(C)cc3)c(O)c2n(CCC)c1=O,7.05,Ki,Ki,89.0
CCCn1c(=O)c2[nH]c(-c3ccc(N)cc3)cc2n(CCC)c1=O,6.79,Ki,Ki,162.0
CCCn1c(=O)c2c(cc(-c3ccc(N)cc3)n2O)n(CCC)c1=O,6.62,Ki,Ki,240.0
CCCn1c(=O)c2[nH]c(-c3ccc(N)cc3)c(O)c2n(CCC)c1=O,6.78,Ki,Ki,166.0
CCCn1c(=O)c2[nH]c(-c3ccc(O)cc3)cc2n(CCC)c1=O,7.32,Ki,Ki,48.0
CCCn1c(=O)c2c(cc(-c3ccc(O)cc3)n2O)n(CCC)c1=O,6.99,Ki,Ki,102.0
CCCn1c(=O)c2[nH]c(-c3ccc(O)cc3)c(O)c2n(CCC)c1=O,6.93,Ki,Ki,118.0
CCCn1c(=O)c2[nH]c(-c3ccc(OC)cc3)cc2n(CCC)c1=O,6.7,Ki,Ki,199.0
CCCn1c(=O)c2c(cc(-c3ccc(OC)cc3)n2O)n(CCC)c1=O,6.2,Ki,Ki,631.0
CCCn1c(=O)c2[nH]c(-c3ccc(OC)cc3)c(O)c2n(CCC)c1=O,6.83,Ki,Ki,148.0
CCCn1c(=O)c2[nH]c(-c3ccc(C(C)=O)cc3)c(O)c2n(CCC)c1=O,6.49,Ki,Ki,324.0
CCCn1c(=O)c2[nH]c(-c3ccc([N+](=O)[O-])cc3)c(O)c2n(CCC)c1=O,6.84,Ki,Ki,145.0
CCCn1c(=O)c2[nH]c(-c3ccc(S(C)(=O)=O)cc3)c(O)c2n(CCC)c1=O,7.55,Ki,Ki,28.0
CCCn1c(=O)c2[nH]c(-c3ccc(S(C)(=O)=O)cc3)c(O)c2n(C)c1=O,6.33,Ki,Ki,468.0
CCCn1c(=O)c2[nH]c(-c3ccco3)c(O)c2n(CCC)c1=O,6.98,Ki,Ki,104.0
CCCn1c(=O)c2[nH]c(-c3ccc(C(=O)O)cc3)c(O)c2n(CCC)c1=O,6.03,Ki,Ki,933.0
CCCn1c(=O)c2[nH]c(-c3ccco3)c(OS(=O)(=O)O)c2n(CCC)c1=O,6.39,Ki,Ki,408.0
CCCn1c(=O)c2[nH]c(-c3ccc(OCC(=O)Nc4ccc(Br)cc4)cc3)c(O)c2n(CCC)c1=O,7.0,Ki,Ki,100.0
CCCn1c(=O)c2[nH]c(-c3ccc(OCC(=O)Nc4ccc(Br)cc4)cc3)cc2n(CCC)c1=O,7.51,Ki,Ki,31.0
CCCn1c(=O)c2[nH]c(-c3ccc(OCC(=O)N4CCN(Cc5ccccc5)CC4)cc3)c(O)c2n(CCC)c1=O,7.04,Ki,Ki,92.0
CCCn1c(=O)c2[nH]c(-c3ccc(OCC(=O)N4CCN(Cc5ccccc5)CC4)cc3)cc2n(CCC)c1=O,6.59,Ki,Ki,257.0
CNC(=O)[C@H]1O[C@@H](n2cnc3c(NCc4cccc(I)c4)nc(Cl)nc32)[C@H](O)[C@@H]1O,5.27,Ki,Ki,5360.0
COC(=O)[C@H]1O[C@@H](n2cnc3c(NCc4cccc(I)c4)nc(Cl)nc32)[C@H](O)[C@@H]1O,5.32,Ki,Ki,4770.0
CONC(=O)[C@H]1O[C@@H](n2cnc3c(NCc4cccc(I)c4)nc(Cl)nc32)[C@H](O)[C@@H]1O,5.78,Ki,Ki,1670.0
CNC(=O)[C@@]12C[C@@H]1[C@@H](n1cnc3c(NCc4cccc(I)c4)nc(Cl)nc31)[C@H](O)[C@@H]2O,6.11,Ki,Ki,784.0
CNC(=O)[C@@]12C[C@@H]1[C@@H](n1cnc3c(NCc4cccc(Cl)c4)nc(Cl)nc31)[C@H](O)[C@@H]2O,5.64,Ki,Ki,2300.0
CNC(=O)[C@@]12C[C@@H]1[C@@H](n1cnc3c(NCc4cc(Cl)ccc4OC)nc(Cl)nc31)[C@H](O)[C@@H]2O,5.92,Ki,Ki,1200.0
O[C@@H]1[C@H](O)[C@@H]2C[C@@H]2[C@H]1n1cnc2c(NCc3cccc(I)c3)nc(Cl)nc21,5.97,Ki,Ki,1080.0
O[C@@H]1[C@H](O)[C@@H]2C[C@@H]2[C@H]1n1cnc2c(NCc3cccc(Cl)c3)nc(Cl)nc21,5.35,Ki,Ki,4510.0
O[C@@H]1[C@H](O)[C@@H]2C[C@@H]2[C@H]1n1cnc2c(NCc3cccc(Br)c3)nc(Cl)nc21,5.8,Ki,Ki,1600.0
O[C@@H]1[C@H](O)[C@@H]2C[C@@H]2[C@H]1n1cnc2c(NCc3cccc4ccccc34)nc(Cl)nc21,5.82,Ki,Ki,1530.0
COc1ccc(OC)c(CNc2nc(Cl)nc3c2ncn3[C@H]2[C@H](O)[C@H](O)[C@@H]3C[C@@H]32)c1,5.58,Ki,Ki,2620.0
COc1ccc(O)c(CNc2nc(Cl)nc3c2ncn3[C@H]2[C@H](O)[C@H](O)[C@@H]3C[C@@H]32)c1,5.16,Ki,Ki,6870.0
O[C@@H]1[C@H](O)[C@@H]2C[C@@H]2[C@H]1n1cnc2c(N[C@H]3C[C@@H]3c3ccccc3)nc(Cl)nc21,5.7,Ki,Ki,2010.0
COc1ccc(CCOc2cc3nc(-c4ccco4)nn3c(N)n2)cc1,8.55,Ki,Ki,2.8
COc1ccc(CCNc2cc3nc(-c4ccco4)nn3c(N)n2)cc1,8.24,Ki,Ki,5.8
COc1ccc(CCN(C)c2cc3nc(-c4ccco4)nn3c(N)n2)cc1,8.74,Ki,Ki,1.8
COc1ccc(CCSc2cc3nc(-c4ccco4)nn3c(N)n2)cc1,8.8,Ki,Ki,1.6
COc1ccc(CCCc2cc3nc(-c4ccco4)nn3c(N)n2)cc1,7.94,Ki,Ki,11.5
COc1ccc(CN(C)c2cc3nc(-c4ccco4)nn3c(N)n2)cc1,7.34,Ki,Ki,46.0
COc1ccc(CCCN(C)c2cc3nc(-c4ccco4)nn3c(N)n2)cc1,8.24,Ki,Ki,5.7
CN(CCc1ccc(F)cc1)c1cc2nc(-c3ccco3)nn2c(N)n1,8.7,Ki,Ki,2.0
CCN(CCc1ccc(F)cc1)c1cc2nc(-c3ccco3)nn2c(N)n1,8.52,Ki,Ki,3.0
COCCN(CCc1ccc(F)cc1)c1cc2nc(-c3ccco3)nn2c(N)n1,9.0,Ki,Ki,1.0
Nc1nc(OCCN2CCN(c3ccc(F)cc3F)CC2)cc2nc(-c3ccco3)nn12,8.22,Ki,Ki,6.0
COCCOc1ccc(N2CCN(CCOc3cc4nc(-c5ccco5)nn4c(N)n3)CC2)cc1,8.55,Ki,Ki,2.8
Nc1nc(SCCN2CCN(c3ccc(F)cc3F)CC2)cc2nc(-c3ccco3)nn12,8.85,Ki,Ki,1.4
COCCOc1ccc(N2CCN(CCSc3cc4nc(-c5ccco5)nn4c(N)n3)CC2)cc1,8.82,Ki,Ki,1.5
Nc1nc(NCCN2CCN(c3ccc(F)cc3F)CC2)cc2nc(-c3ccco3)nn12,8.82,Ki,Ki,1.5
COCCOc1ccc(N2CCN(CCNc3cc4nc(-c5ccco5)nn4c(N)n3)CC2)cc1,8.02,Ki,Ki,9.5
CN(CCN1CCN(c2ccc(F)cc2F)CC1)c1cc2nc(-c3ccco3)nn2c(N)n1,9.0,Ki,Ki,1.0
COCCOc1ccc(N2CCN(CCN(C)c3cc4nc(-c5ccco5)nn4c(N)n3)CC2)cc1,8.6,Ki,Ki,2.5
CCN(CCN1CCN(c2ccc(F)cc2F)CC1)c1cc2nc(-c3ccco3)nn2c(N)n1,9.05,Ki,Ki,0.9
CCN(CCN1CCN(c2ccc(OCCOC)cc2)CC1)c1cc2nc(-c3ccco3)nn2c(N)n1,8.82,Ki,Ki,1.5
COCCN(CCN1CCN(c2ccc(F)cc2F)CC1)c1cc2nc(-c3ccco3)nn2c(N)n1,9.3,Ki,Ki,0.5
COCCOc1ccc(N2CCN(CCN(CCOC)c3cc4nc(-c5ccco5)nn4c(N)n3)CC2)cc1,9.15,Ki,Ki,0.7
Nc1nc(N(CCN2CCN(c3ccc(F)cc3F)CC2)CC2CC2)cc2nc(-c3ccco3)nn12,9.52,Ki,Ki,0.3
COCCOc1ccc(N2CCN(CCN(CC3CC3)c3cc4nc(-c5ccco5)nn4c(N)n3)CC2)cc1,9.1,Ki,Ki,0.8
COCCOc1ccc(N2CCN(CCOc3cc4nc(-c5ccc(Cl)o5)nn4c(N)n3)CC2)cc1,7.4,Ki,Ki,40.0
COCCOc1ccc(N2CCN(CCN(C)c3cc4nc(-c5ccccc5)nn4c(N)n3)CC2)cc1,7.6,Ki,Ki,25.0
CN(CCN1CCN(c2ccc(F)cc2F)CC1)c1cc2nc(-c3cccc(C#N)c3)nn2c(N)n1,8.74,Ki,Ki,1.8
COCCOc1ccc(N2CCN(CCN(C)c3cc4nc(-c5cccc(C#N)c5)nn4c(N)n3)CC2)cc1,9.15,Ki,Ki,0.7
CN(CCN1CCN(c2ccc(F)cc2F)CC1)c1cc2nc(-c3cnco3)nn2c(N)n1,9.52,Ki,Ki,0.3
Cc1nccnc1-c1nc2cc(N(C)CCN3CCN(c4ccc(F)cc4F)CC3)nc(N)n2n1,9.52,Ki,Ki,0.3
COc1cncc(-c2cc(NC(C)=O)nc(-n3nc(C)cc3C)n2)c1,8.64,Ki,Ki,2.3
COc1cncc(-c2cc(NC(C)=O)nc(-n3nc(C)cc3C)n2)c1,7.07,IC50,IC50,85.0
CC(=O)Nc1cc(-c2ccccc2O)nc(-n2nc(C)cc2C)n1,8.72,Ki,Ki,1.9
COC[C@H]1CCCN1c1cc(NC(C)=O)nc(-c2ccc(C)o2)n1,8.57,Ki,Ki,2.7
CC(=O)Nc1cc(N2CCc3ccccc3C2)nc(-n2nc(C)cc2C)n1,8.38,Ki,Ki,4.2
COC[C@H]1CCCN1c1cc(NC(C)=O)nc(-n2nc(C)cc2C)n1,8.33,Ki,Ki,4.7
CCC(=O)Nc1cc(N2CCC[C@@H]2COC)nc(-n2nc(C)cc2C)n1,8.23,Ki,Ki,5.9
COC[C@H]1C[C@H](OC)CN1c1cc(NC(C)=O)nc(-n2nc(C)cc2C)n1,8.12,Ki,Ki,7.5
COCC1CCCN1c1cc(NC(C)=O)nc(-n2nc(C)cc2C)n1,8.05,Ki,Ki,9.0
CC(=O)Nc1cc(N2CCCC2=O)nc(-n2nc(C)cc2C)n1,7.92,Ki,Ki,12.0
COC[C@@H]1CCCN1c1cc(NC(C)=O)nc(-c2nccs2)n1,7.82,Ki,Ki,15.0
COC[C@H]1CCCN1c1cc(NC(=O)OC)nc(-n2nc(C)cc2C)n1,7.72,Ki,Ki,19.0
COC[C@H]1CCCN1c1cc(NC(C)=O)nc(-c2nccs2)n1,7.7,Ki,Ki,20.0
COC[C@H]1C[C@@H](OC)CN1c1cc(NC(C)=O)nc(-n2nc(C)cc2C)n1,7.64,Ki,Ki,23.0
CC(=O)Nc1cc(N2CCC[C@H]2CO)nc(-n2nc(C)cc2C)n1,7.59,Ki,Ki,25.8
CCCC1CCN(c2cc(NC(C)=O)nc(-n3nc(C)cc3C)n2)C1,7.58,Ki,Ki,26.0
COC[C@@H]1CCCN1c1cc(NC(C)=O)nc(-c2cccs2)n1,7.57,Ki,Ki,27.0
CC(=O)Nc1cc(N2CCCC2C)nc(-n2nc(C)cc2C)n1,7.55,Ki,Ki,28.0
CC(=O)Nc1cc(N2CCC[C@@H]2COc2ccccn2)nc(-n2nc(C)cc2C)n1,7.4,Ki,Ki,40.0
COC[C@H]1CCCN1c1cc(NC(=O)NC(C)C)nc(-n2nc(C)cc2C)n1,7.37,Ki,Ki,43.0
COC[C@H]1CCCN1c1cc(NC(C)=O)nc(-c2ccccn2)n1,7.34,Ki,Ki,46.0
COC[C@@H]1CCC(C)N1c1cc(NC(C)=O)nc(-n2nc(C)cc2C)n1,7.33,Ki,Ki,47.0
COC[C@H]1CCCN1c1cc(NC(C)=O)nc(-c2cccs2)n1,7.33,Ki,Ki,47.0
COC[C@@H]1CCCN1c1cc(NC(C)=O)nc(-c2ccccn2)n1,7.3,Ki,Ki,50.0
COC[C@H]1CCCN1c1cc(NC(=O)CC(C)C)nc(-n2nc(C)cc2C)n1,7.3,Ki,Ki,50.0
CC(=O)Nc1cc(N2CCCCC2)nc(-n2nc(C)cc2C)n1,7.11,Ki,Ki,78.0
CCN(CC)c1cc(NC(C)=O)nc(-n2nc(C)cc2C)n1,7.04,Ki,Ki,92.0
CC(=O)Nc1cc(N2CCCC2)nc(-n2nc(C)cc2C)n1,6.96,Ki,Ki,110.0
COC[C@@H]1CCCN1c1cc(NC(C)=O)nc(-c2ccc(C)o2)n1,6.92,Ki,Ki,119.0
COC(=O)[C@H]1CCCN1c1cc(NC(C)=O)nc(-n2nc(C)cc2C)n1,6.69,Ki,Ki,205.0
COC[C@H]1CCCN1c1cc(N)nc(-n2nc(C)cc2C)n1,6.58,Ki,Ki,261.0
COCC[C@@H]1CCCCN1c1cc(NC(C)=O)nc(-n2nc(C)cc2C)n1,6.56,Ki,Ki,275.0
CC(=O)Nc1cc(N2CCOCC2)nc(-n2nc(C)cc2C)n1,6.5,Ki,Ki,313.0
COC[C@@H]1CCCN1c1cc(NC(C)=O)nc(-n2nc(C)cc2C)n1,6.49,Ki,Ki,324.0
CC(=O)Nc1cc(N2CCC[C@H]2COc2ccccn2)nc(-n2nc(C)cc2C)n1,6.36,Ki,Ki,439.0
CCOCC1CCCN1c1cc(NC(C)=O)nc(-n2nc(C)cc2C)n1,6.34,Ki,Ki,455.0
CC(=O)Nc1cc(N2CCN(C)CC2)nc(-n2nc(C)cc2C)n1,5.73,Ki,Ki,1867.0
CC(=O)Nc1cc(N2CCCC2=O)nc(-n2nc(C)cc2C)n1,6.0,IC50,IC50,1000.0
COC[C@H]1CCCN1c1cc(NC(C)=O)nc(-n2nc(C)cc2C)n1,7.07,IC50,IC50,85.0
Nc1nc2ccc(Cl)cc2c2nc(-c3ccco3)nn12,9.4,Ki,Ki,0.4
COc1ccc(N2CCN(CCn3cnc4c3nc(N)n3nc(-c5ccco5)nc43)CC2)cc1,10.0,Ki,Ki,0.1
CC(C)c1nc(-c2nccs2)c2sccc2n1,8.85,Ki,Ki,1.4
CCCCc1nc(N)c2nc(-n3nccn3)n(C)c2n1,8.18,Ki,Ki,6.6
Nc1nc(-c2ccco2)c2ncn(C(=O)NCc3ccccc3)c2n1,8.96,Ki,Ki,1.1
Nc1nc(CN[C@H]2CCCN2Cc2ccnc(Cl)c2)nc2nc(-c3ccco3)nn12,8.4,Ki,Ki,4.0
Nc1nc2c(cnn2CCc2ccc(S(=O)(=O)N(CCO)CCO)cc2)c2nc(-c3ccco3)nn12,9.92,Ki,Ki,0.12
CSc1c2c(nc(N)n3nc(-c4ccco4)nc23)nn1C,8.92,Ki,Ki,1.2
COc1cccc(-c2nc(Cc3ccc(C)c(C)c3)n[nH]2)c1,7.7,Ki,Ki,20.0
Nc1nc2c(NCc3ccccc3)cccc2n2c(=O)n(-c3ccccc3)nc12,8.19,Ki,Ki,6.5
Nc1nc(N2CCN3C[C@@H](COc4cccc(F)c4)CC[C@H]3C2)nc2nc(-c3ccco3)nn12,9.7,Ki,Ki,0.2
CC(O)(C#Cc1cn2nc(-c3ccco3)nc2c(N)n1)Cc1ccncc1,8.96,Ki,Ki,1.1
CC(C)(C)OC(=O)N1CCN(c2cccc(-c3cc4nc(-c5ccco5)nn4c(N)n3)c2)CC1,9.3,Ki,Ki,0.5
COc1ccccc1-c1cc2nc(-c3ccco3)nn2c(N)n1,8.37,Ki,Ki,4.3
Nc1nc(C(=O)NCCc2ccc(O)cc2)cn2nc(-c3ccco3)nc12,9.0,Ki,Ki,1.0
CC(C)c1ccc2c(c1)-c1nc(N)nc(-c3ccc(Br)o3)c1C2,9.1,Ki,Ki,0.8
Nc1nc(NCCc2ccc(O)cc2)nc2nc(-c3ccco3)nn12,9.1,Ki,Ki,0.8
Nc1nc2c(cnn2CCc2ccccc2)c2nc(-c3ccco3)nn12,9.22,Ki,Ki,0.6
N#Cc1c(-c2ccccc2)cc(-c2ccco2)nc1N,7.96,Ki,Ki,11.0
CCCn1c(=O)c2[nH]c(C3CCCC3)nc2n(CCC)c1=O,6.89,Ki,Ki,130.0
OC[C@H]1O[C@@H](n2cnc3c(NC4CCCC4)ncnc32)[C@H](O)[C@@H]1O,5.77,Ki,Ki,1700.0
Cc1cccc(-c2cc(-c3ccccc3)nc(N)c2C#N)c1,6.89,Ki,Ki,130.0
N#Cc1c(-c2cccc(OC(F)(F)F)c2)cc(-c2ccccc2)nc1N,7.24,Ki,Ki,58.0
COc1ccc(-c2cc(-c3ccccc3)nc(N)c2C#N)cc1OC,6.8,Ki,Ki,160.0
N#Cc1c(-c2ccccc2)cc(-c2ccccc2)nc1N,6.89,Ki,Ki,130.0
Cc1cccc(-c2cc(-c3ccco3)nc(N)c2C#N)c1,6.85,Ki,Ki,140.0
N#Cc1c(-c2ccc(O)cc2)cc(-c2ccco2)nc1N,7.39,Ki,Ki,41.0
N#Cc1c(-c2ccc3c(c2)OCO3)cc(-c2ccco2)nc1N,7.58,Ki,Ki,26.0
COc1ccc(-c2cc(-c3ccco3)nc(N)c2C#N)cc1OC,7.04,Ki,Ki,92.0
COc1ccc(-c2cc(-c3ccco3)nc(N)c2C#N)cc1,7.39,Ki,Ki,41.0
N#Cc1c(-c2ccc(Cl)c(Cl)c2)cc(-c2ccco2)nc1N,6.72,Ki,Ki,190.0
N#Cc1c(-c2ccc(Cl)cc2)cc(-c2ccco2)nc1N,6.85,Ki,Ki,140.0
Cc1ccc(-c2cc(-c3ccco3)nc(N)c2C#N)o1,7.82,Ki,Ki,15.0
N#Cc1c(-c2ccco2)cc(-c2ccco2)nc1N,9.0,Ki,Ki,1.0
N#Cc1c(-c2cccs2)cc(-c2ccccc2)nc1N,7.27,Ki,Ki,54.0
N#Cc1c(-c2ccco2)cc(-c2cccs2)nc1N,7.92,Ki,Ki,12.0
N#Cc1c(-c2ccccc2)cc(-c2ccc[nH]2)nc1N,6.19,Ki,Ki,640.0
N#Cc1c(-c2ccccc2)cc(-c2cccs2)nc1N,7.06,Ki,Ki,88.0
N#Cc1c(-c2cccs2)cc(-c2ccco2)nc1N,8.85,Ki,Ki,1.4
N#Cc1c(-c2cccs2)cc(-c2cccs2)nc1N,7.5,Ki,Ki,32.0
N#Cc1c(-c2ccco2)cc(-c2ccccc2)nc1N,7.72,Ki,Ki,19.0
N#Cc1c(-c2ccco2)cc(-c2ccco2)nc1N,9.87,Kd,pA2,9.87
CCNC(=O)[C@H]1O[C@@H](n2cnc3c(N)ncnc32)[C@H](O)[C@@H]1O,7.64,IC50,IC50,23.0
Cc1cccc(-n2cc3c(n2)c(NC(=O)c2ccccc2)nc2ccccc23)c1,5.57,Ki,Ki,2680.0
Nc1nc(-c2ccccc2)nc2c1nnn2Cc1ccccc1,6.83,Ki,Ki,147.0
O=C(Nc1nc(-c2ccccc2)nc2c1nnn2Cc1ccccc1)C1CC1,6.96,Ki,Ki,110.0
O=C(Nc1nc(-c2ccccc2)nc2c1nnn2Cc1ccccc1)C1CCC1,6.92,Ki,Ki,119.0
O=C(Nc1nc(-c2ccccc2)nc2c1nnn2Cc1ccccc1)c1cccs1,6.52,Ki,Ki,305.0
O=C(Nc1nc(-c2ccccc2)nc2c1nnn2Cc1ccccc1)c1ccco1,6.24,Ki,Ki,573.0
O=C(Nc1nc(-c2ccccc2)nc2c1nnn2Cc1ccccc1)c1ccoc1,6.79,Ki,Ki,161.0
Nc1ccccc1C(=O)Nc1nc(-c2ccccc2)nc2c1nnn2Cc1ccccc1,6.53,Ki,Ki,297.0
O=C(c1ccccc1)c1sc(NCCc2cccs2)nc1-c1ccco1,7.92,Ki,Ki,12.0
O=C(c1ccccc1)c1sc(NCc2ccco2)nc1-c1ccco1,7.37,Ki,Ki,43.0
O=C(c1ccccc1)c1sc(NCc2cccs2)nc1-c1ccco1,7.27,Ki,Ki,54.0
O=C(c1ccccc1)c1sc(NCCc2ccc3c(c2)OCO3)nc1-c1ccco1,7.21,Ki,Ki,61.0
O=C(c1ccccc1)c1sc(NCc2ccc(F)c(F)c2)nc1-c1ccco1,7.19,Ki,Ki,64.0
CNc1nc(-c2ccco2)c(C(=O)c2ccccc2)s1,7.17,Ki,Ki,67.0
O=C(c1ccccc1)c1sc(N(Cc2ccccc2)Cc2ccco2)nc1-c1ccco1,7.06,Ki,Ki,88.0
CC(C)CNc1nc(-c2ccco2)c(C(=O)c2ccccc2)s1,7.05,Ki,Ki,89.0
O=C(c1ccccc1)c1sc(NC2CCN(Cc3ccccc3F)CC2)nc1-c1ccco1,6.98,Ki,Ki,105.0
O=C(c1ccccc1)c1sc(NCCCc2ccccc2)nc1-c1ccco1,6.98,Ki,Ki,105.0
COC(C)CNc1nc(-c2ccco2)c(C(=O)c2ccccc2)s1,6.81,Ki,Ki,154.0
CN(Cc1ccco1)c1nc(-c2ccco2)c(C(=O)c2ccccc2)s1,6.8,Ki,Ki,160.0
COCCNc1nc(-c2ccco2)c(C(=O)c2ccccc2)s1,6.71,Ki,Ki,195.0
CC(=O)NCCNc1nc(-c2ccco2)c(C(=O)c2ccccc2)s1,6.55,Ki,Ki,281.0
CC(=O)N1CCC(Nc2nc(-c3ccco3)c(C(=O)c3ccccc3)s2)CC1,6.34,Ki,Ki,455.0
CN(Cc1ccccc1)c1nc(-c2ccco2)c(C(=O)c2ccccc2)s1,5.55,Ki,Ki,2798.0
CN(C)c1nc(-c2ccco2)c(C(=O)c2ccccc2)s1,5.17,Ki,Ki,6818.0
O=C(c1ccccc1)c1sc(N(CCc2cccs2)Cc2ccccc2)nc1-c1ccco1,5.15,Ki,Ki,7140.0
CN(CCc1cccs1)c1nc(-c2ccco2)c(C(=O)c2ccccc2)s1,5.09,Ki,Ki,8170.0
CCCn1c(=O)[nH]c2nc(-c3ccc(S(=O)(=O)N4CCN(Cc5ccccc5)CC4)cc3)[nH]c2c1=O,6.32,Ki,Ki,484.0
CCn1c(=O)[nH]c2nc(-c3ccc(S(=O)(=O)N4CCN(Cc5ccccc5)CC4)cc3)[nH]c2c1=O,6.82,Ki,Ki,152.0
CCn1c(=O)[nH]c2nc(-c3ccc(S(=O)(=O)N4CCN(Cc5ccc(Cl)cc5)CC4)cc3)[nH]c2c1=O,8.19,Ki,Ki,6.49
CCCn1c(=O)[nH]c2nc(-c3ccc(S(=O)(=O)N4CCN(Cc5ccc(Cl)cc5)CC4)cc3)[nH]c2c1=O,6.48,Ki,Ki,333.0
CCCn1c(=O)[nH]c2nc(-c3ccc(S(=O)(=O)N4CCN(Cc5cccc(Cl)c5)CC4)cc3)[nH]c2c1=O,6.79,Ki,Ki,161.0
CCn1c(=O)[nH]c2nc(-c3ccc(S(=O)(=O)N4CCN(Cc5ccc(F)cc5)CC4)cc3)[nH]c2c1=O,7.04,Ki,Ki,92.0
CCn1c(=O)[nH]c2nc(-c3ccc(S(=O)(=O)N4CCN(Cc5cccc(F)c5)CC4)cc3)[nH]c2c1=O,6.84,Ki,Ki,144.0
CCCn1c(=O)[nH]c2nc(-c3ccc(S(=O)(=O)N4CCN(Cc5cccc(F)c5)CC4)cc3)[nH]c2c1=O,6.56,Ki,Ki,278.0
CCn1c(=O)[nH]c2nc(-c3ccc(S(=O)(=O)N4CCN(Cc5ccc(C(F)(F)F)cc5)CC4)cc3)[nH]c2c1=O,7.64,Ki,Ki,22.7
CCCn1c(=O)[nH]c2nc(-c3ccc(S(=O)(=O)N4CCN(Cc5ccc(C(F)(F)F)cc5)CC4)cc3)[nH]c2c1=O,6.84,Ki,Ki,145.0
CCn1c(=O)[nH]c2nc(-c3ccc(S(=O)(=O)N4CCN(Cc5cccc(C(F)(F)F)c5)CC4)cc3)[nH]c2c1=O,7.16,Ki,Ki,69.4
CCCn1c(=O)[nH]c2nc(-c3ccc(S(=O)(=O)N4CCN(Cc5cccc(C(F)(F)F)c5)CC4)cc3)[nH]c2c1=O,6.51,Ki,Ki,306.0
CCn1c(=O)[nH]c2nc(-c3ccc(S(=O)(=O)N4CCN(Cc5ccc(OC)cc5)CC4)cc3)[nH]c2c1=O,6.63,Ki,Ki,236.0
CCCn1c(=O)[nH]c2nc(-c3ccc(S(=O)(=O)N4CCN(Cc5ccc(OC)cc5)CC4)cc3)[nH]c2c1=O,6.48,Ki,Ki,328.0
CCn1c(=O)[nH]c2nc(-c3ccc(S(=O)(=O)N4CCN(Cc5ccc6c(c5)OCO6)CC4)cc3)[nH]c2c1=O,6.99,Ki,Ki,102.0
CCCn1c(=O)[nH]c2nc(-c3ccc(S(=O)(=O)N4CCN(Cc5ccc6c(c5)OCO6)CC4)cc3)[nH]c2c1=O,6.95,Ki,Ki,112.0
CCn1c(=O)[nH]c2nc(-c3ccc(S(=O)(=O)N4CCN(c5ccc(Cl)cc5)CC4)cc3)[nH]c2c1=O,7.32,Ki,Ki,48.4
CCCn1c(=O)[nH]c2nc(-c3ccc(S(=O)(=O)N4CCN(c5ccc(OC)cc5)CC4)cc3)[nH]c2c1=O,5.43,Ki,Ki,3720.0
CCCn1c(=O)[nH]c2nc(-c3ccc(S(=O)(=O)N4CCN(CCc5ccccc5)CC4)cc3)[nH]c2c1=O,6.57,Ki,Ki,271.0
CCCn1c(=O)[nH]c2nc(-c3ccc(S(=O)(=O)NC4CCN(Cc5ccccc5)CC4)cc3)[nH]c2c1=O,7.03,Ki,Ki,94.5
Cn1c(=O)c2nc[nH]c2n(C)c1=O.O,5.38,Ki,Ki,4200.0
CC(=O)NCCNc1nc(-c2ccccc2)nc2[nH]c(C(=O)N3CCN(CCCc4ccccc4)CC3)cc12,6.48,Ki,Ki,328.0
CCCn1c(=O)c2[nH]c(-c3ccc(OCC(=O)Nc4ccc(C#N)cc4)cc3)nc2n(CCC)c1=O,6.3,Ki,Ki,503.0
Cn1c(=O)c2[nH]c(-c3ccc(OC(C)(C)C(=O)N4CCN(c5nc6cc(Cl)ccc6s5)CC4)cc3)nc2n(C)c1=O,5.0,Ki,Ki,10000.0
CCCn1c(=O)c2[nH]c(-c3cnn(Cc4cccc(C(F)(F)F)c4)c3)nc2n(CC)c1=O,5.48,Ki,Ki,3280.0
CCCn1c(=O)[nH]c2nc(-c3ccc(S(=O)(=O)N4CCN(Cc5ccccc5)CC4)cc3)[nH]c2c1=O,6.32,Ki,Ki,484.0
CCCn1c(=O)[nH]c(=O)c2nc[nH]c21,4.5,Ki,Ki,32000.0
Cn1c(=O)c2[nH]c(-c3ccc(COC(=O)Nc4ccccc4)cc3)cc2n(C)c1=O,7.46,Ki,Ki,34.7
Cn1c(=O)c2[nH]c(-c3ccc(COC(=O)Nc4ccc(F)cc4)cc3)cc2n(C)c1=O,7.14,Ki,Ki,72.4
Cn1c(=O)c2[nH]c(-c3ccc(COC(=O)Nc4ccsc4)cc3)cc2n(C)c1=O,7.98,Ki,Ki,10.5
Cn1c(=O)c2[nH]c(-c3ccc(COC(=O)Nc4cccs4)cc3)cc2n(C)c1=O,7.82,Ki,Ki,15.1
Cn1c(=O)c2[nH]c(-c3ccc(COC(=O)Nc4ccccn4)cc3)cc2n(C)c1=O,6.31,Ki,Ki,490.0
Cn1c(=O)c2[nH]c(-c3ccc(COC(=O)Nc4ccco4)cc3)cc2n(C)c1=O,7.74,Ki,Ki,18.2
Cn1c(=O)c2[nH]c(-c3ccc(COC(=O)N4CCN(c5ccccc5)CC4)cc3)cc2n(C)c1=O,6.88,Ki,Ki,132.0
Cn1c(=O)c2[nH]c(-c3ccc(COC(=O)N4CCc5ccccc5C4)cc3)cc2n(C)c1=O,7.36,Ki,Ki,43.7
Cn1c(=O)c2[nH]c(-c3ccc(COC(=O)NCc4ccccc4)cc3)cc2n(C)c1=O,6.0,Ki,Ki,1000.0
CCCn1c(=O)c2[nH]c(-c3ccc(COC(=O)Nc4ccccc4)cc3)cc2n(CCC)c1=O,7.54,Ki,Ki,28.8
CCCn1c(=O)c2[nH]c(-c3ccc(COC(=O)Nc4ccc(F)cc4)cc3)cc2n(CCC)c1=O,6.93,Ki,Ki,118.0
CCCn1c(=O)c2[nH]c(-c3ccc(COC(=O)Nc4ccsc4)cc3)cc2n(CCC)c1=O,5.48,Ki,Ki,3311.0
CCCn1c(=O)c2[nH]c(-c3ccc(COC(=O)Nc4cccs4)cc3)cc2n(CCC)c1=O,5.65,Ki,Ki,2240.0
CCCn1c(=O)c2[nH]c(-c3ccc(COC(=O)Nc4cnccn4)cc3)cc2n(CCC)c1=O,7.45,Ki,Ki,35.5
CCCn1c(=O)c2[nH]c(-c3ccc(COC(=O)Nc4ccon4)cc3)cc2n(CCC)c1=O,7.66,Ki,Ki,21.9
CCCn1c(=O)c2[nH]c(-c3ccc(COC(=O)Nc4cc[nH]n4)cc3)cc2n(CCC)c1=O,8.0,Ki,Ki,10.0
CCCn1c(=O)c2[nH]c(-c3ccc(COC(=O)N4CCN(c5ccccc5)CC4)cc3)cc2n(CCC)c1=O,6.35,Ki,Ki,447.0
CCCn1c(=O)c2[nH]c(-c3ccc(COC(=O)N4CCN(c5cccc(Cl)c5)CC4)cc3)cc2n(CCC)c1=O,7.55,Ki,Ki,28.2
CCCn1c(=O)c2[nH]c(-c3ccc(COC(=O)N4CCN(c5ccc(F)cc5)CC4)cc3)cc2n(CCC)c1=O,7.3,Ki,Ki,50.1
CNC(=O)[C@H]1O[C@@H](n2cnc3c(NCc4cccc(I)c4)nc(Cl)nc32)[C@H](O)[C@@H]1O,5.27,Ki,Ki,5400.0
CNC(=O)[C@H]1S[C@@H](n2cnc3c(NCc4cccc(I)c4)nc(Cl)nc32)[C@H](O)[C@@H]1O,6.65,Ki,Ki,223.0
O[C@@H]1[C@H](O)CS[C@H]1n1cnc2c(NCc3cccc(I)c3)nc(Cl)nc21,6.47,Ki,Ki,341.0
O[C@@H]1[C@H](O)CO[C@H]1n1cnc2c(NCc3cccc(F)c3)ncnc21,5.18,Ki,Ki,6560.0
O[C@@H]1[C@H](O)CO[C@H]1n1cnc2c(NCc3cccc(Cl)c3)ncnc21,5.47,Ki,Ki,3410.0
O[C@@H]1[C@H](O)CO[C@H]1n1cnc2c(NCc3cccc(Br)c3)ncnc21,5.85,Ki,Ki,1400.0
O[C@@H]1[C@H](O)CO[C@H]1n1cnc2c(NCc3cccc(I)c3)ncnc21,6.0,Ki,Ki,997.0
O[C@@H]1[C@H](O)CO[C@H]1n1cnc2c(NCc3cccc(Cl)c3)nc(Cl)nc21,5.44,Ki,Ki,3630.0
CCn1c(=O)c2[nH]c(-c3ccc(OCC(=O)NN4CCc5ccccc5C4)cc3)nc2n(CCCOC)c1=O,6.64,Ki,pKi,6.64
CCn1c(=O)c2[nH]c(-c3ccc(OCC(=O)Nc4ccon4)cc3)nc2n(CCCOC)c1=O,6.67,Ki,pKi,6.67
CCn1c(=O)c2[nH]c(-c3ccc(OCC(=O)Nc4ccc(C#N)cc4)cc3)nc2n(CCCOC)c1=O,6.95,Ki,pKi,6.95
CCn1c(=O)c2[nH]c(-c3ccc(OCC(=O)Nc4ccc(N(C)C)cc4)cc3)nc2n(CCCOC)c1=O,5.75,Ki,pKi,5.75
CCn1c(=O)c2[nH]c(-c3ccc(OCC(=O)Nc4nc5ccccc5[nH]4)cc3)nc2n(CCCOC)c1=O,6.69,Ki,pKi,6.69
CCn1c(=O)c2[nH]c(-c3ccc(OCC(=O)Nc4ccc(C(C)=O)cc4)cc3)nc2n(CCCOC)c1=O,6.83,Ki,pKi,6.83
CCn1c(=O)c2[nH]c(-c3ccc(OCC(=O)Nc4ccc(O)cc4)cc3)nc2n(CCCOC)c1=O,6.38,Ki,pKi,6.38
CCn1c(=O)c2[nH]c(-c3ccc(OCC(=O)Nc4cccnc4)cc3)nc2n(CCCOC)c1=O,6.12,Ki,pKi,6.12
CCn1c(=O)c2[nH]c(-c3ccc(OCC(=O)Nc4ccccn4)cc3)nc2n(CCCOC)c1=O,6.77,Ki,pKi,6.77
CCn1c(=O)c2[nH]c(-c3ccc(OCC(=O)Nc4ccc(Br)cc4)cc3)nc2n(CCCOC)c1=O,7.01,Ki,pKi,7.01
CCn1c(=O)c2[nH]c(-c3ccc(OCC(=O)Nc4ccc(F)cc4)cc3)nc2n(CCCOC)c1=O,7.25,Ki,pKi,7.25
CCn1c(=O)c2[nH]c(-c3ccc(OCC(=O)Nc4ccccc4)cc3)nc2n(CCCOC)c1=O,7.06,Ki,pKi,7.06
CCn1c(=O)c2[nH]c(-c3ccc(OCC(=O)NC4CCCC4)cc3)nc2n(CCCOC)c1=O,7.02,Ki,pKi,7.02
CCSCCn1c(=O)c2[nH]c(-c3ccco3)nc2n(CCCOC)c1=O,5.3,Ki,pKi,5.3
CCCn1c(=O)c2[nH]c(-c3ccc[nH]3)nc2n(CCCOC)c1=O,6.4,Ki,pKi,6.4
CCCn1c(=O)c2[nH]c(-c3ccccc3)nc2n(CCCOC)c1=O,6.47,Ki,pKi,6.47
CCn1c(=O)c2[nH]c(-c3ccc[nH]3)nc2n(CCCOC)c1=O,6.68,Ki,pKi,6.68
CCn1c(=O)c2[nH]c(-c3ccc(-c4ccccc4)cc3)nc2n(CCCOC)c1=O,6.28,Ki,pKi,6.28
CCn1c(=O)c2[nH]c(-c3cccs3)nc2n(CCCOC)c1=O,6.66,Ki,pKi,6.66
CCn1c(=O)c2[nH]c(-c3ccco3)nc2n(CCCOC)c1=O,6.31,Ki,pKi,6.31
Nc1nc(NC(=O)c2ccccc2)c([N+](=O)[O-])c(-c2ccco2)n1,6.51,Ki,Ki,308.0
Nc1nc(NC(=O)c2ccncc2)c([N+](=O)[O-])c(-c2ccco2)n1,6.82,Ki,Ki,153.0
Nc1nc(NC(=O)c2ccccc2F)c([N+](=O)[O-])c(-c2ccco2)n1,7.64,Ki,Ki,23.0
COc1ccccc1C(=O)Nc1nc(N)nc(-c2ccco2)c1[N+](=O)[O-],6.77,Ki,Ki,170.0
Nc1nc(NC(=O)c2ccccc2OC(F)(F)F)c([N+](=O)[O-])c(-c2ccco2)n1,7.8,Ki,Ki,16.0
Nc1nc(NC(=O)c2cccnc2)c([N+](=O)[O-])c(-c2ccco2)n1,6.66,Ki,Ki,220.0
COc1ccccc1CC(=O)Nc1nc(N)nc(-c2ccco2)c1[N+](=O)[O-],8.0,Ki,Ki,10.0
Nc1nc(C(=O)NCc2ccccc2)cc(-c2ccco2)n1,8.12,Ki,Ki,7.6
Nc1nc(C(=O)NCc2ccccc2F)cc(-c2ccco2)n1,8.46,Ki,Ki,3.5
Nc1nc(C(=O)NCc2cccc(F)c2)cc(-c2ccco2)n1,8.32,Ki,Ki,4.8
Nc1nc(C(=O)NCc2ccc(F)cc2)cc(-c2ccco2)n1,7.7,Ki,Ki,20.0
Nc1nc(C(=O)NCc2ccccc2Cl)cc(-c2ccco2)n1,8.59,Ki,Ki,2.6
Nc1nc(C(=O)NCc2cccc(Cl)c2)cc(-c2ccco2)n1,8.43,Ki,Ki,3.7
Nc1nc(C(=O)NCc2ccc(Cl)cc2)cc(-c2ccco2)n1,7.76,Ki,Ki,17.5
Cc1ccccc1CNC(=O)c1cc(-c2ccco2)nc(N)n1,8.66,Ki,Ki,2.2
Cc1cccc(CNC(=O)c2cc(-c3ccco3)nc(N)n2)c1,8.59,Ki,Ki,2.6
Cc1ccc(CNC(=O)c2cc(-c3ccco3)nc(N)n2)cc1,8.02,Ki,Ki,9.5
COc1ccccc1CNC(=O)c1cc(-c2ccco2)nc(N)n1,8.46,Ki,Ki,3.5
COc1cccc(CNC(=O)c2cc(-c3ccco3)nc(N)n2)c1,8.21,Ki,Ki,6.1
COc1ccc(CNC(=O)c2cc(-c3ccco3)nc(N)n2)cc1,7.1,Ki,Ki,79.0
Nc1nc(C(=O)NCc2ccccn2)cc(-c2ccco2)n1,8.37,Ki,Ki,4.3
Nc1nc(C(=O)NCc2cccnc2)cc(-c2ccco2)n1,8.03,Ki,Ki,9.4
Nc1nc(C(=O)NCc2ccncc2)cc(-c2ccco2)n1,6.41,Ki,Ki,388.0
Nc1nc(C(=O)NCc2ccco2)cc(-c2ccco2)n1,7.85,Ki,Ki,14.0
Nc1cccc(CNC(=O)c2cc(-c3ccco3)nc(N)n2)n1,8.15,Ki,Ki,7.0
Nc1nc(C(=O)NCc2cccc(CO)n2)cc(-c2ccco2)n1,8.03,Ki,Ki,9.3
COCc1cccc(CNC(=O)c2cc(-c3ccco3)nc(N)n2)n1,8.77,Ki,Ki,1.7
CCn1c(=O)c2c(nc(/C=C/c3ccc(OC)c(OC)c3)n2C)n(CC)c1=O,7.44,Ki,Ki,36.0
CCNC(=O)[C@H]1O[C@@H](n2cnc3c(N)nc(NCCc4ccc(CCC(=O)O)cc4)nc32)[C@H](O)[C@@H]1O,7.33,Ki,Ki,0.0462
Cn1c(=O)c2c(ncn2C)n(C)c1=O,4.74,Ki,Ki,18.1
CCCOc1cnc2c(c1)[nH]c1c(=O)n(CCC)c(=O)n(CCC)c12,5.83,Ki,Ki,1.47
CCCOc1cncc2[nH]c3c(=O)n(CCC)c(=O)n(CCC)c3c12,6.79,Ki,Ki,0.164
CCCn1c(=O)c2[nH]c3cnccc3c2n(CCC)c1=O,5.44,Ki,Ki,3.63
CCCn1c(=O)c2[nH]c3cccnc3c2n(CCC)c1=O,6.24,Ki,Ki,0.57
Cn1c(=O)c2[nH]c3cccnc3c2n(C)c1=O,6.05,Ki,Ki,0.893
Cn1c(=O)c2[nH]c3cnccc3c2n(C)c1=O,5.0,Ki,Ki,10.1
O=C(Cc1ccc(-c2ccccc2)cc1)Nc1nc2nn(CCCc3ccccc3)cc2c2nc(-c3ccco3)nn12,6.59,Ki,pKi(nM),-2.41
O=C(Cc1c(Cl)cccc1Cl)Nc1nc2nn(CCCc3ccccc3)cc2c2nc(-c3ccco3)nn12,6.73,Ki,pKi(nM),-2.27
O=C(COc1ccc(Cl)cc1)Nc1nc2nn(CCCc3ccccc3)cc2c2nc(-c3ccco3)nn12,7.57,Ki,pKi(nM),-1.43
O=C(Cc1ccc(Cl)cc1)Nc1nc2nn(CCCc3ccccc3)cc2c2nc(-c3ccco3)nn12,7.05,Ki,pKi(nM),-1.95
O=C(Cc1cccc(Cl)c1)Nc1nc2nn(CCCc3ccccc3)cc2c2nc(-c3ccco3)nn12,6.74,Ki,pKi(nM),-2.26
O=C(Cc1ccccc1)Nc1nc2nn(CCc3ccccc3)cc2c2nc(-c3ccco3)nn12,7.36,Ki,pKi(nM),-1.64
O=C(Cc1ccc2ccccc2c1)Nc1nc2nn(CCCc3ccccc3)cc2c2nc(-c3ccco3)nn12,7.13,Ki,pKi(nM),-1.87
O=C(Nc1nc2nn(CCCc3ccccc3)cc2c2nc(-c3ccco3)nn12)C(c1ccccc1)c1ccccc1,6.49,Ki,pKi(nM),-2.51
O=C(Cc1ccc(F)cc1)Nc1nc2nn(CCCc3ccccc3)cc2c2nc(-c3ccco3)nn12,6.68,Ki,pKi(nM),-2.32
Cn1cc2c(nc(NC(=O)Cc3c(Cl)cccc3Cl)n3nc(-c4ccco4)nc23)n1,7.34,Ki,pKi(nM),-1.66
CC(C)CCn1cc2c(nc(NC(=O)Cc3c(Cl)cccc3Cl)n3nc(-c4ccco4)nc23)n1,7.73,Ki,pKi(nM),-1.27
Cn1cc2c(nc(NC(=O)Cc3ccc(F)cc3)n3nc(-c4ccco4)nc23)n1,7.27,Ki,pKi(nM),-1.73
CC(C)CCn1cc2c(nc(NC(=O)Cc3ccc(F)cc3)n3nc(-c4ccco4)nc23)n1,8.43,Ki,pKi(nM),-0.57
CC(C)CCn1cc2c(nc(NC(=O)Cc3ccc(C(F)(F)F)cc3)n3nc(-c4ccco4)nc23)n1,8.27,Ki,pKi(nM),-0.73
O=C(Cc1cccc(Cl)c1)Nc1nc2nn(CCc3ccccc3)cc2c2nc(-c3ccco3)nn12,8.24,Ki,pKi(nM),-0.76
CC(C)CCn1cc2c(nc(NC(=O)Cc3ccc(Cl)cc3)n3nc(-c4ccco4)nc23)n1,8.56,Ki,pKi(nM),-0.44
CC(C)CCn1cc2c(nc(NC(=O)Cc3cccc(Cl)c3)n3nc(-c4ccco4)nc23)n1,8.73,Ki,pKi(nM),-0.27
Cn1cc2c(nc(NC(=O)COc3ccc(Cl)cc3)n3nc(-c4ccco4)nc23)n1,7.41,Ki,pKi(nM),-1.59
CCCCn1cc2c(nc(NC(=O)Cc3ccsc3)n3nc(-c4ccco4)nc23)n1,8.5,Ki,pKi(nM),-0.5
CCCCn1cc2c(nc(NC(=O)Cc3cccs3)n3nc(-c4ccco4)nc23)n1,8.38,Ki,pKi(nM),-0.62
Cn1cc2c(nc(NC(=O)Cc3ccc(C(F)(F)F)cc3)n3nc(-c4ccco4)nc23)n1,7.12,Ki,pKi(nM),-1.88
CCCCn1cc2c(nc(NC(=O)Cc3cccc4ccccc34)n3nc(-c4ccco4)nc23)n1,7.93,Ki,pKi(nM),-1.07
CCCn1cc2c(nc(NC(=O)Cc3ccc4ccccc4c3)n3nc(-c4ccco4)nc23)n1,8.1,Ki,pKi(nM),-0.9
CCCn1cc2c(nc(NC(=O)Cc3cccc4ccccc34)n3nc(-c4ccco4)nc23)n1,7.41,Ki,pKi(nM),-1.59
Cn1cc2c(nc(NC(=O)Cc3cccc4ccccc34)n3nc(-c4ccco4)nc23)n1,7.09,Ki,pKi(nM),-1.91
Cn1cc2c(nc(NC(=O)Cc3ccc4ccccc4c3)n3nc(-c4ccco4)nc23)n1,7.11,Ki,pKi(nM),-1.89
Cn1cc2c(nc(NC(=O)Cc3ccsc3)n3nc(-c4ccco4)nc23)n1,7.5,Ki,pKi(nM),-1.5
Cn1cc2c(nc(NC(=O)Cc3cccs3)n3nc(-c4ccco4)nc23)n1,7.25,Ki,pKi(nM),-1.75
CCn1cc2c(nc(NC(=O)Cc3cccs3)n3nc(-c4ccco4)nc23)n1,7.8,Ki,pKi(nM),-1.2
CCn1cc2c(nc(NC(=O)Cc3ccsc3)n3nc(-c4ccco4)nc23)n1,7.64,Ki,pKi(nM),-1.36
CCn1cc2c(nc(NC(=O)Cc3ccc4ccccc4c3)n3nc(-c4ccco4)nc23)n1,7.74,Ki,pKi(nM),-1.26
CCn1cc2c(nc(NC(=O)Cc3cccc4ccccc34)n3nc(-c4ccco4)nc23)n1,7.13,Ki,pKi(nM),-1.87
O=C(Cc1ccsc1)Nc1nc2nn(CCc3ccccc3)cc2c2nc(-c3ccco3)nn12,7.89,Ki,pKi(nM),-1.11
O=C(Cc1cccs1)Nc1nc2nn(CCc3ccccc3)cc2c2nc(-c3ccco3)nn12,8.06,Ki,pKi(nM),-0.94
O=C(Cc1ccc2ccccc2c1)Nc1nc2nn(CCc3ccccc3)cc2c2nc(-c3ccco3)nn12,7.38,Ki,pKi(nM),-1.62
CC(C)CCn1cc2c(nc(NC(=O)Cc3ccc4ccccc4c3)n3nc(-c4ccco4)nc23)n1,7.8,Ki,pKi(nM),-1.2
COc1ccc(CC(=O)Nc2nc3nn(C)cc3c3nc(-c4ccco4)nn23)cc1,7.2,Ki,pKi(nM),-1.8
CCn1cc2c(nc(NC(=O)Cc3ccc(-c4ccccc4)cc3)n3nc(-c4ccco4)nc23)n1,7.15,Ki,pKi(nM),-1.85
Cn1cc2c(nc(NC(=O)Cc3ccc(Cl)cc3)n3nc(-c4ccco4)nc23)n1,6.81,Ki,pKi(nM),-2.19
CCCn1cc2c(nc(NC(=O)Cc3ccc(-c4ccccc4)cc3)n3nc(-c4ccco4)nc23)n1,7.28,Ki,pKi(nM),-1.72
CCCn1cc2c(nc(NC(=O)C(c3ccccc3)c3ccccc3)n3nc(-c4ccco4)nc23)n1,7.33,Ki,pKi(nM),-1.67
Cn1cc2c(nc(NC(=O)Cc3cccc(Cl)c3)n3nc(-c4ccco4)nc23)n1,7.52,Ki,pKi(nM),-1.48
CCCCn1cc2c(nc(NC(=O)Cc3ccc(-c4ccccc4)cc3)n3nc(-c4ccco4)nc23)n1,7.4,Ki,pKi(nM),-1.6
CCCCn1cc2c(nc(NC(=O)C(c3ccccc3)c3ccccc3)n3nc(-c4ccco4)nc23)n1,6.94,Ki,pKi(nM),-2.06
O=C(Cc1ccc(-c2ccccc2)cc1)Nc1nc2nn(CCc3ccccc3)cc2c2nc(-c3ccco3)nn12,7.33,Ki,pKi(nM),-1.67
O=C(Nc1nc2nn(CCc3ccccc3)cc2c2nc(-c3ccco3)nn12)C(c1ccccc1)c1ccccc1,7.27,Ki,pKi(nM),-1.73
CC(C)CCn1cc2c(nc(NC(=O)Cc3ccc(-c4ccccc4)cc3)n3nc(-c4ccco4)nc23)n1,8.04,Ki,pKi(nM),-0.96
CC(C)CCn1cc2c(nc(NC(=O)C(c3ccccc3)c3ccccc3)n3nc(-c4ccco4)nc23)n1,6.8,Ki,pKi(nM),-2.2
Cn1cc2c(nc(NC(=O)Cc3ccc(-c4ccccc4)cc3)n3nc(-c4ccco4)nc23)n1,6.71,Ki,pKi(nM),-2.29
Cn1cc2c(nc(NC(=O)C(c3ccccc3)c3ccccc3)n3nc(-c4ccco4)nc23)n1,6.67,Ki,pKi(nM),-2.33
O=C(Cc1cccc2ccccc12)Nc1nc2nn(CCCc3ccccc3)cc2c2nc(-c3ccco3)nn12,6.52,Ki,pKi(nM),-2.48
CC(C)CCn1cc2c(nc(NC(=O)CCCNC(=O)OC(C)(C)C)n3nc(-c4ccco4)nc23)n1,6.53,Ki,pKi(nM),-2.47
CC(C)(C)OC(=O)NCCCC(=O)Nc1nc2nn(CCc3ccccc3)cc2c2nc(-c3ccco3)nn12,6.54,Ki,pKi(nM),-2.46
O=C(Nc1cccc(Cl)c1)Nc1nc2nn(CCCc3ccccc3)cc2c2nc(-c3ccco3)nn12,6.7,Ki,pKi(nM),-2.3
O=C(Nc1cccc(Cl)c1)Nc1nc2nn(CCc3ccccc3)cc2c2nc(-c3ccco3)nn12,6.98,Ki,pKi(nM),-2.02
Nc1nc2nn(CCc3c(Br)cc(Br)cc3Br)cc2c2nc(-c3ccco3)nn12,6.46,Ki,pKi(nM),-2.54
CC(C)=CCn1cc2c(nc(NC(=O)Nc3cccc(Cl)c3)n3nc(-c4ccco4)nc23)n1,6.96,Ki,pKi(nM),-2.04
CC(C)CCn1cc2c(nc(NC(=O)Nc3cccc(Cl)c3)n3nc(-c4ccco4)nc23)n1,6.94,Ki,pKi(nM),-2.06
COc1ccc(NC(=O)Nc2nc3nn(CCC(C)C)cc3c3nc(-c4ccco4)nn23)cc1,7.19,Ki,pKi(nM),-1.81
Nc1nc2n[nH]cc2c2nc(-c3ccco3)nn12,7.7,Ki,pKi(nM),-1.3
CCCCn1cc2c(nc(NC(=O)Nc3cccc(Cl)c3)n3nc(-c4ccco4)nc23)n1,7.02,Ki,pKi(nM),-1.98
CCCCn1cc2c(nc(NC(=O)Nc3ccc(OC)cc3)n3nc(-c4ccco4)nc23)n1,7.1,Ki,pKi(nM),-1.9
CCCCn1cc2c(nc(NC(=O)Nc3ccc(S(=O)(=O)O)cc3)n3nc(-c4ccco4)nc23)n1,6.45,Ki,pKi(nM),-2.55
CCCn1cc2c(nc(NC(=O)Nc3ccc(S(=O)(=O)O)cc3)n3nc(-c4ccco4)nc23)n1,6.52,Ki,pKi(nM),-2.48
CCn1cc2c(nc(NC(=O)Nc3ccc(S(=O)(=O)O)cc3)n3nc(-c4ccco4)nc23)n1,6.6,Ki,pKi(nM),-2.4
Cn1cc2c(nc(NC(=O)Nc3ccc(S(=O)(=O)O)cc3)n3nc(-c4ccco4)nc23)n1,6.23,Ki,pKi(nM),-2.77
CCCn1cc2c(nc(NC(=O)Nc3ccccc3)n3nc(-c4ccco4)nc23)n1,7.21,Ki,pKi(nM),-1.79
CCn1cc2c(nc(NC(=O)Nc3ccccc3)n3nc(-c4ccco4)nc23)n1,7.4,Ki,pKi(nM),-1.6
CCCCn1cc2c(nc(NC(=O)Nc3cccc(OC)c3)n3nc(-c4ccco4)nc23)n1,7.02,Ki,pKi(nM),-1.98
CCCCn1cc2c(nc(NC(=O)Nc3ccccc3OC)n3nc(-c4ccco4)nc23)n1,7.04,Ki,pKi(nM),-1.96
CCCCn1cc2c(nc(NC(=O)Nc3ccc(C(F)(F)F)cc3)n3nc(-c4ccco4)nc23)n1,7.51,Ki,pKi(nM),-1.49
CCCCn1cc2c(nc(NC(=O)Nc3ccc(F)cc3)n3nc(-c4ccco4)nc23)n1,7.3,Ki,pKi(nM),-1.7
CCCCn1cc2c(nc(NC(=O)Nc3ccc(Br)cc3)n3nc(-c4ccco4)nc23)n1,7.18,Ki,pKi(nM),-1.82
CCCCn1cc2c(nc(NC(=O)Nc3ccc(C)cc3)n3nc(-c4ccco4)nc23)n1,7.62,Ki,pKi(nM),-1.38
CCCn1cc2c(nc(NC(=O)Nc3ccc(C(F)(F)F)cc3)n3nc(-c4ccco4)nc23)n1,7.47,Ki,pKi(nM),-1.53
CCCn1cc2c(nc(NC(=O)Nc3ccc(F)cc3)n3nc(-c4ccco4)nc23)n1,7.38,Ki,pKi(nM),-1.62
CCCn1cc2c(nc(NC(=O)Nc3ccc(Br)cc3)n3nc(-c4ccco4)nc23)n1,7.3,Ki,pKi(nM),-1.7
CCCn1cc2c(nc(NC(=O)Nc3ccc(C)cc3)n3nc(-c4ccco4)nc23)n1,7.92,Ki,pKi(nM),-1.08
CCn1cc2c(nc(NC(=O)Nc3ccc(C(F)(F)F)cc3)n3nc(-c4ccco4)nc23)n1,7.28,Ki,pKi(nM),-1.72
CCn1cc2c(nc(NC(=O)Nc3ccc(F)cc3)n3nc(-c4ccco4)nc23)n1,7.22,Ki,pKi(nM),-1.78
CCn1cc2c(nc(NC(=O)Nc3ccc(Br)cc3)n3nc(-c4ccco4)nc23)n1,7.4,Ki,pKi(nM),-1.6
CCn1cc2c(nc(NC(=O)Nc3ccc(C)cc3)n3nc(-c4ccco4)nc23)n1,7.52,Ki,pKi(nM),-1.48
COc1ccc(CC(=O)Nc2nc3nn(CCCc4ccccc4)cc3c3nc(-c4ccco4)nn23)cc1,8.05,Ki,pKi(nM),-0.95
O=C(COc1ccc(Cl)cc1)Nc1nc2nn(CCc3ccccc3)cc2c2nc(-c3ccco3)nn12,7.5,Ki,pKi(nM),-1.5
CC(C)CCn1cc2c(nc(NC(=O)COc3ccc(Cl)cc3)n3nc(-c4ccco4)nc23)n1,7.79,Ki,pKi(nM),-1.21
COc1ccc(CC(=O)Nc2nc3nn(CCC(C)C)cc3c3nc(-c4ccco4)nn23)cc1,8.71,Ki,pKi(nM),-0.29
Cn1cc2c(nc(NC(=O)COc3ccccc3)n3nc(-c4ccco4)nc23)n1,7.82,Ki,pKi(nM),-1.18
CCCCn1cc2c(nc(NC(=O)Cc3ccc4ccccc4c3)n3nc(-c4ccco4)nc23)n1,8.1,Ki,pKi(nM),-0.9
CC(C)CCn1cc2c(nc(NC(=O)Cc3ccsc3)n3nc(-c4ccco4)nc23)n1,8.41,Ki,pKi(nM),-0.59
CC(C)CCn1cc2c(nc(NC(=O)Cc3cccs3)n3nc(-c4ccco4)nc23)n1,8.69,Ki,pKi(nM),-0.31
CCn1cc2c(nc(NC(=O)C(c3ccccc3)c3ccccc3)n3nc(-c4ccco4)nc23)n1,6.88,Ki,pKi(nM),-2.12
COc1ccc(NC(=O)Nc2nc3nn(CCCc4ccccc4)cc3c3nc(-c4ccco4)nn23)cc1,6.0,Ki,pKi(nM),-3.0
COc1ccc(NC(=O)Nc2nc3nn(CCc4ccccc4)cc3c3nc(-c4ccco4)nn23)cc1,6.92,Ki,pKi(nM),-2.08
Nc1nc2nn(CCCc3ccccc3)cc2c2nc(-c3ccco3)nn12,9.8,Ki,pKi(nM),0.8
Nc1nc2nn(CCc3ccccc3)cc2c2nc(-c3ccco3)nn12,9.47,Ki,pKi(nM),0.47
CCCn1cc2c(nc(N)n3nc(-c4ccco4)nc23)n1,8.6,Ki,pKi(nM),-0.4
CCn1cc2c(nc(N)n3nc(-c4ccco4)nc23)n1,8.71,Ki,pKi(nM),-0.29
COc1ccc(NC(=O)Nc2nc3nn(Cc4cccc5ccccc45)cc3c3nc(-c4ccco4)nn23)cc1,5.49,Ki,pKi(nM),-3.51
O=C(Nc1cccc(Cl)c1)Nc1nc2nn(CCc3c(Br)cc(Br)cc3Br)cc2c2nc(-c3ccco3)nn12,5.44,Ki,pKi(nM),-3.56
COc1ccc(NC(=O)Nc2nc3nn(CCc4c(Br)cc(Br)cc4Br)cc3c3nc(-c4ccco4)nn23)cc1,5.69,Ki,pKi(nM),-3.31
COc1ccc(NC(=O)Nc2nc3nn(CC=C(C)C)cc3c3nc(-c4ccco4)nn23)cc1,5.99,Ki,pKi(nM),-3.01
CC(C)=CCn1cc2c(nc(N)n3nc(-c4ccco4)nc23)n1,9.1,Ki,pKi(nM),0.1
CC(C)CCn1cc2c(nc(N)n3nc(-c4ccco4)nc23)n1,9.11,Ki,pKi(nM),0.11
CC(C)(C)n1cc2c(nc(NC(=O)Nc3cccc(Cl)c3)n3nc(-c4ccco4)nc23)n1,6.1,Ki,pKi(nM),-2.9
COc1ccc(NC(=O)Nc2nc3nn(C(C)(C)C)cc3c3nc(-c4ccco4)nn23)cc1,6.26,Ki,pKi(nM),-2.74
CC(C)(C)n1cc2c(nc(N)n3nc(-c4ccco4)nc23)n1,7.35,Ki,pKi(nM),-1.65
CCCCn1cc2c(nc(N)n3nc(-c4ccco4)nc23)n1,8.8,Ki,pKi(nM),-0.2
C=Cn1cc2c(nc(NC(=O)Nc3ccc(OC)cc3)n3nc(-c4ccco4)nc23)n1,6.75,Ki,pKi(nM),-2.25
Cn1cc2c(nc(N)n3nc(-c4ccco4)nc23)n1,8.55,Ki,pKi(nM),-0.45
O=C(Nc1cccc(Cl)c1)Nc1nc2n[nH]cc2c2nc(-c3ccco3)nn12,6.61,Ki,pKi(nM),-2.39
COc1ccc(NC(=O)Nc2nc3n[nH]cc3c3nc(-c4ccco4)nn23)cc1,6.28,Ki,pKi(nM),-2.72
CCCn1cc2c(nc(NC(=O)Nc3cccc(Cl)c3)n3nc(-c4ccco4)nc23)n1,5.91,Ki,pKi(nM),-3.09
CCCn1cc2c(nc(NC(=O)Nc3ccc(OC)cc3)n3nc(-c4ccco4)nc23)n1,6.85,Ki,pKi(nM),-2.15
CCn1cc2c(nc(NC(=O)Nc3cccc(Cl)c3)n3nc(-c4ccco4)nc23)n1,6.74,Ki,pKi(nM),-2.26
CCn1cc2c(nc(NC(=O)Nc3ccc(OC)cc3)n3nc(-c4ccco4)nc23)n1,5.98,Ki,pKi(nM),-3.02
Cn1cc2c(nc(NC(=O)Nc3cccc(Cl)c3)n3nc(-c4ccco4)nc23)n1,5.92,Ki,pKi(nM),-3.08
COc1ccc(NC(=O)Nc2nc3nn(C)cc3c3nc(-c4ccco4)nn23)cc1,5.86,Ki,pKi(nM),-3.14
CCCCn1cc2c(nc(NC(=O)Nc3ccccc3)n3nc(-c4ccco4)nc23)n1,6.83,Ki,pKi(nM),-2.17
Cn1cc2c(nc(NC(=O)Nc3ccccc3)n3nc(-c4ccco4)nc23)n1,6.42,Ki,pKi(nM),-2.58
CCCCn1cc2c(nc(NC(=O)Cc3ccccc3)n3nc(-c4ccco4)nc23)n1,6.4,Ki,pKi(nM),-2.6
CCCn1cc2c(nc(NC(=O)Cc3ccccc3)n3nc(-c4ccco4)nc23)n1,6.51,Ki,pKi(nM),-2.49
CCn1cc2c(nc(NC(=O)Cc3ccccc3)n3nc(-c4ccco4)nc23)n1,6.47,Ki,pKi(nM),-2.53
Cn1cc2c(nc(NC(=O)Cc3ccccc3)n3nc(-c4ccco4)nc23)n1,6.37,Ki,pKi(nM),-2.63
CCCCn1cc2c(nc(NC(=O)Nc3ccc(Cl)cc3)n3nc(-c4ccco4)nc23)n1,6.95,Ki,pKi(nM),-2.05
CCCCn1cc2c(nc(NC(=O)Nc3ccccc3Cl)n3nc(-c4ccco4)nc23)n1,7.0,Ki,pKi(nM),-2.0
CCCCn1cc2c(nc(NC(=O)Nc3ccc([N+](=O)[O-])cc3)n3nc(-c4ccco4)nc23)n1,6.3,Ki,pKi(nM),-2.7
CCCCn1cc2c(nc(NC(=O)Nc3ccc4c(c3)OCO4)n3nc(-c4ccco4)nc23)n1,6.42,Ki,pKi(nM),-2.58
CCCCn1cc2c(nc(NC(=O)Nc3ccc(Cl)c(Cl)c3)n3nc(-c4ccco4)nc23)n1,6.31,Ki,pKi(nM),-2.69
CCCn1cc2c(nc(NC(=O)Nc3ccc(Cl)cc3)n3nc(-c4ccco4)nc23)n1,6.85,Ki,pKi(nM),-2.15
CCCn1cc2c(nc(NC(=O)Nc3ccccc3Cl)n3nc(-c4ccco4)nc23)n1,6.92,Ki,pKi(nM),-2.08
CCCn1cc2c(nc(NC(=O)Nc3cccc(OC)c3)n3nc(-c4ccco4)nc23)n1,6.95,Ki,pKi(nM),-2.05
CCCn1cc2c(nc(NC(=O)Nc3ccccc3OC)n3nc(-c4ccco4)nc23)n1,7.0,Ki,pKi(nM),-2.0
CCCn1cc2c(nc(NC(=O)Nc3ccc([N+](=O)[O-])cc3)n3nc(-c4ccco4)nc23)n1,5.95,Ki,pKi(nM),-3.05
CCCn1cc2c(nc(NC(=O)Nc3ccc4c(c3)OCO4)n3nc(-c4ccco4)nc23)n1,6.18,Ki,pKi(nM),-2.82
CCCn1cc2c(nc(NC(=O)Nc3ccc(Cl)c(Cl)c3)n3nc(-c4ccco4)nc23)n1,6.4,Ki,pKi(nM),-2.6
CCn1cc2c(nc(NC(=O)Nc3ccc(Cl)cc3)n3nc(-c4ccco4)nc23)n1,6.8,Ki,pKi(nM),-2.2
CCn1cc2c(nc(NC(=O)Nc3ccccc3Cl)n3nc(-c4ccco4)nc23)n1,6.82,Ki,pKi(nM),-2.18
CCn1cc2c(nc(NC(=O)Nc3cccc(OC)c3)n3nc(-c4ccco4)nc23)n1,6.85,Ki,pKi(nM),-2.15
CCn1cc2c(nc(NC(=O)Nc3ccccc3OC)n3nc(-c4ccco4)nc23)n1,6.88,Ki,pKi(nM),-2.12
CCn1cc2c(nc(NC(=O)Nc3ccc([N+](=O)[O-])cc3)n3nc(-c4ccco4)nc23)n1,6.21,Ki,pKi(nM),-2.79
CCn1cc2c(nc(NC(=O)Nc3ccc4c(c3)OCO4)n3nc(-c4ccco4)nc23)n1,6.24,Ki,pKi(nM),-2.76
CCn1cc2c(nc(NC(=O)Nc3ccc(Cl)c(Cl)c3)n3nc(-c4ccco4)nc23)n1,6.45,Ki,pKi(nM),-2.55
Cn1cc2c(nc(NC(=O)Nc3ccc(Cl)cc3)n3nc(-c4ccco4)nc23)n1,6.74,Ki,pKi(nM),-2.26
Cn1cc2c(nc(NC(=O)Nc3ccccc3Cl)n3nc(-c4ccco4)nc23)n1,6.7,Ki,pKi(nM),-2.3
COc1cccc(NC(=O)Nc2nc3nn(C)cc3c3nc(-c4ccco4)nn23)c1,6.8,Ki,pKi(nM),-2.2
COc1ccccc1NC(=O)Nc1nc2nn(C)cc2c2nc(-c3ccco3)nn12,6.74,Ki,pKi(nM),-2.26
Cn1cc2c(nc(NC(=O)Nc3ccc(C(F)(F)F)cc3)n3nc(-c4ccco4)nc23)n1,6.85,Ki,pKi(nM),-2.15
Cn1cc2c(nc(NC(=O)Nc3ccc(F)cc3)n3nc(-c4ccco4)nc23)n1,6.92,Ki,pKi(nM),-2.08
Cn1cc2c(nc(NC(=O)Nc3ccc(Br)cc3)n3nc(-c4ccco4)nc23)n1,7.0,Ki,pKi(nM),-2.0
Cc1ccc(NC(=O)Nc2nc3nn(C)cc3c3nc(-c4ccco4)nn23)cc1,6.96,Ki,pKi(nM),-2.04
Cn1cc2c(nc(NC(=O)Nc3ccc([N+](=O)[O-])cc3)n3nc(-c4ccco4)nc23)n1,6.16,Ki,pKi(nM),-2.84
Cn1cc2c(nc(NC(=O)Nc3ccc4c(c3)OCO4)n3nc(-c4ccco4)nc23)n1,6.17,Ki,pKi(nM),-2.83
Cn1cc2c(nc(NC(=O)Nc3ccc(Cl)c(Cl)c3)n3nc(-c4ccco4)nc23)n1,6.84,Ki,pKi(nM),-2.16
O=C(Cc1ccc(-c2ccccc2)cc1)Nc1nc2nn(CCCc3ccccc3)cc2c2nc(-c3ccco3)nn12,6.59,Ki,Ki,256.0
O=C(Cc1c(Cl)cccc1Cl)Nc1nc2nn(CCCc3ccccc3)cc2c2nc(-c3ccco3)nn12,6.73,Ki,Ki,186.0
O=C(COc1ccc(Cl)cc1)Nc1nc2nn(CCCc3ccccc3)cc2c2nc(-c3ccco3)nn12,7.57,Ki,Ki,27.2
O=C(Cc1ccc(Cl)cc1)Nc1nc2nn(CCCc3ccccc3)cc2c2nc(-c3ccco3)nn12,7.05,Ki,Ki,89.9
O=C(Cc1cccc(Cl)c1)Nc1nc2nn(CCCc3ccccc3)cc2c2nc(-c3ccco3)nn12,6.74,Ki,Ki,182.0
O=C(Cc1ccccc1)Nc1nc2nn(CCc3ccccc3)cc2c2nc(-c3ccco3)nn12,7.36,Ki,Ki,43.9
O=C(Cc1ccc2ccccc2c1)Nc1nc2nn(CCCc3ccccc3)cc2c2nc(-c3ccco3)nn12,7.13,Ki,Ki,73.6
O=C(Nc1nc2nn(CCCc3ccccc3)cc2c2nc(-c3ccco3)nn12)C(c1ccccc1)c1ccccc1,6.49,Ki,Ki,326.0
O=C(Cc1ccc(F)cc1)Nc1nc2nn(CCCc3ccccc3)cc2c2nc(-c3ccco3)nn12,6.68,Ki,Ki,211.0
Cn1cc2c(nc(NC(=O)Cc3c(Cl)cccc3Cl)n3nc(-c4ccco4)nc23)n1,7.34,Ki,Ki,45.2
CC(C)CCn1cc2c(nc(NC(=O)Cc3c(Cl)cccc3Cl)n3nc(-c4ccco4)nc23)n1,7.73,Ki,Ki,18.7
Cn1cc2c(nc(NC(=O)Cc3ccc(F)cc3)n3nc(-c4ccco4)nc23)n1,7.27,Ki,Ki,54.1
CC(C)CCn1cc2c(nc(NC(=O)Cc3ccc(F)cc3)n3nc(-c4ccco4)nc23)n1,8.43,Ki,Ki,3.69
CC(C)CCn1cc2c(nc(NC(=O)Cc3ccc(C(F)(F)F)cc3)n3nc(-c4ccco4)nc23)n1,8.27,Ki,Ki,5.43
O=C(Cc1cccc(Cl)c1)Nc1nc2nn(CCc3ccccc3)cc2c2nc(-c3ccco3)nn12,8.24,Ki,Ki,5.75
CC(C)CCn1cc2c(nc(NC(=O)Cc3ccc(Cl)cc3)n3nc(-c4ccco4)nc23)n1,8.56,Ki,Ki,2.75
CC(C)CCn1cc2c(nc(NC(=O)Cc3cccc(Cl)c3)n3nc(-c4ccco4)nc23)n1,8.73,Ki,Ki,1.86
Cn1cc2c(nc(NC(=O)COc3ccc(Cl)cc3)n3nc(-c4ccco4)nc23)n1,7.41,Ki,Ki,39.3
CCCCn1cc2c(nc(NC(=O)Cc3ccsc3)n3nc(-c4ccco4)nc23)n1,8.5,Ki,Ki,3.13
CCCCn1cc2c(nc(NC(=O)Cc3cccs3)n3nc(-c4ccco4)nc23)n1,8.38,Ki,Ki,4.15
Cn1cc2c(nc(NC(=O)Cc3ccc(C(F)(F)F)cc3)n3nc(-c4ccco4)nc23)n1,7.12,Ki,Ki,75.9
CCCCn1cc2c(nc(NC(=O)Cc3cccc4ccccc34)n3nc(-c4ccco4)nc23)n1,7.93,Ki,Ki,11.7
CCCn1cc2c(nc(NC(=O)Cc3ccc4ccccc4c3)n3nc(-c4ccco4)nc23)n1,8.1,Ki,Ki,7.99
CCCn1cc2c(nc(NC(=O)Cc3cccc4ccccc34)n3nc(-c4ccco4)nc23)n1,7.41,Ki,Ki,38.7
Cn1cc2c(nc(NC(=O)Cc3cccc4ccccc34)n3nc(-c4ccco4)nc23)n1,7.09,Ki,Ki,80.5
Cn1cc2c(nc(NC(=O)Cc3ccc4ccccc4c3)n3nc(-c4ccco4)nc23)n1,7.11,Ki,Ki,77.5
Cn1cc2c(nc(NC(=O)Cc3ccsc3)n3nc(-c4ccco4)nc23)n1,7.5,Ki,Ki,31.3
Cn1cc2c(nc(NC(=O)Cc3cccs3)n3nc(-c4ccco4)nc23)n1,7.25,Ki,Ki,56.0
CCn1cc2c(nc(NC(=O)Cc3cccs3)n3nc(-c4ccco4)nc23)n1,7.8,Ki,Ki,15.9
CCn1cc2c(nc(NC(=O)Cc3ccsc3)n3nc(-c4ccco4)nc23)n1,7.64,Ki,Ki,23.0
CCn1cc2c(nc(NC(=O)Cc3ccc4ccccc4c3)n3nc(-c4ccco4)nc23)n1,7.74,Ki,Ki,18.4
CCn1cc2c(nc(NC(=O)Cc3cccc4ccccc34)n3nc(-c4ccco4)nc23)n1,7.13,Ki,Ki,74.6
O=C(Cc1ccsc1)Nc1nc2nn(CCc3ccccc3)cc2c2nc(-c3ccco3)nn12,7.89,Ki,Ki,12.9
O=C(Cc1cccs1)Nc1nc2nn(CCc3ccccc3)cc2c2nc(-c3ccco3)nn12,8.06,Ki,Ki,8.8
O=C(Cc1ccc2ccccc2c1)Nc1nc2nn(CCc3ccccc3)cc2c2nc(-c3ccco3)nn12,7.38,Ki,Ki,42.1
CC(C)CCn1cc2c(nc(NC(=O)Cc3ccc4ccccc4c3)n3nc(-c4ccco4)nc23)n1,7.8,Ki,Ki,15.7
COc1ccc(CC(=O)Nc2nc3nn(C)cc3c3nc(-c4ccco4)nn23)cc1,7.2,Ki,Ki,62.5
CCn1cc2c(nc(NC(=O)Cc3ccc(-c4ccccc4)cc3)n3nc(-c4ccco4)nc23)n1,7.15,Ki,Ki,70.9
Cn1cc2c(nc(NC(=O)Cc3ccc(Cl)cc3)n3nc(-c4ccco4)nc23)n1,6.81,Ki,Ki,156.0
CCCn1cc2c(nc(NC(=O)Cc3ccc(-c4ccccc4)cc3)n3nc(-c4ccco4)nc23)n1,7.28,Ki,Ki,52.5
CCCn1cc2c(nc(NC(=O)C(c3ccccc3)c3ccccc3)n3nc(-c4ccco4)nc23)n1,7.33,Ki,Ki,46.5
Cn1cc2c(nc(NC(=O)Cc3cccc(Cl)c3)n3nc(-c4ccco4)nc23)n1,7.52,Ki,Ki,30.5
CCCCn1cc2c(nc(NC(=O)Cc3ccc(-c4ccccc4)cc3)n3nc(-c4ccco4)nc23)n1,7.4,Ki,Ki,39.6
CCCCn1cc2c(nc(NC(=O)C(c3ccccc3)c3ccccc3)n3nc(-c4ccco4)nc23)n1,6.94,Ki,Ki,114.0
O=C(Cc1ccc(-c2ccccc2)cc1)Nc1nc2nn(CCc3ccccc3)cc2c2nc(-c3ccco3)nn12,7.33,Ki,Ki,46.9
O=C(Nc1nc2nn(CCc3ccccc3)cc2c2nc(-c3ccco3)nn12)C(c1ccccc1)c1ccccc1,7.28,Ki,Ki,53.1
CC(C)CCn1cc2c(nc(NC(=O)Cc3ccc(-c4ccccc4)cc3)n3nc(-c4ccco4)nc23)n1,8.04,Ki,Ki,9.18
CC(C)CCn1cc2c(nc(NC(=O)C(c3ccccc3)c3ccccc3)n3nc(-c4ccco4)nc23)n1,6.8,Ki,Ki,159.0
Cn1cc2c(nc(NC(=O)Cc3ccc(-c4ccccc4)cc3)n3nc(-c4ccco4)nc23)n1,6.71,Ki,Ki,193.0
Cn1cc2c(nc(NC(=O)C(c3ccccc3)c3ccccc3)n3nc(-c4ccco4)nc23)n1,6.67,Ki,Ki,216.0
O=C(Cc1cccc2ccccc12)Nc1nc2nn(CCCc3ccccc3)cc2c2nc(-c3ccco3)nn12,6.52,Ki,Ki,305.0
CC(C)CCn1cc2c(nc(NC(=O)CCCNC(=O)OC(C)(C)C)n3nc(-c4ccco4)nc23)n1,6.53,Ki,Ki,297.0
CC(C)(C)OC(=O)NCCCC(=O)Nc1nc2nn(CCc3ccccc3)cc2c2nc(-c3ccco3)nn12,6.54,Ki,Ki,288.0
O=C(Nc1cccc(Cl)c1)Nc1nc2nn(CCCc3ccccc3)cc2c2nc(-c3ccco3)nn12,6.7,Ki,Ki,200.0
O=C(Nc1cccc(Cl)c1)Nc1nc2nn(CCc3ccccc3)cc2c2nc(-c3ccco3)nn12,6.98,Ki,Ki,105.0
Nc1nc2nn(CCc3c(Br)cc(Br)cc3Br)cc2c2nc(-c3ccco3)nn12,6.46,Ki,Ki,348.0
CC(C)=CCn1cc2c(nc(NC(=O)Nc3cccc(Cl)c3)n3nc(-c4ccco4)nc23)n1,6.96,Ki,Ki,110.0
CC(C)CCn1cc2c(nc(NC(=O)Nc3cccc(Cl)c3)n3nc(-c4ccco4)nc23)n1,6.94,Ki,Ki,115.0
COc1ccc(NC(=O)Nc2nc3nn(CCC(C)C)cc3c3nc(-c4ccco4)nn23)cc1,7.19,Ki,Ki,65.0
Nc1nc2n[nH]cc2c2nc(-c3ccco3)nn12,7.7,Ki,Ki,20.0
CCCCn1cc2c(nc(NC(=O)Nc3cccc(Cl)c3)n3nc(-c4ccco4)nc23)n1,7.02,Ki,Ki,95.0
CCCCn1cc2c(nc(NC(=O)Nc3ccc(OC)cc3)n3nc(-c4ccco4)nc23)n1,7.1,Ki,Ki,80.0
CCCCn1cc2c(nc(NC(=O)Nc3ccc(S(=O)(=O)O)cc3)n3nc(-c4ccco4)nc23)n1,6.45,Ki,Ki,352.0
CCCn1cc2c(nc(NC(=O)Nc3ccc(S(=O)(=O)O)cc3)n3nc(-c4ccco4)nc23)n1,6.52,Ki,Ki,305.0
CCn1cc2c(nc(NC(=O)Nc3ccc(S(=O)(=O)O)cc3)n3nc(-c4ccco4)nc23)n1,6.6,Ki,Ki,249.0
Cn1cc2c(nc(NC(=O)Nc3ccc(S(=O)(=O)O)cc3)n3nc(-c4ccco4)nc23)n1,6.23,Ki,Ki,594.0
CCCn1cc2c(nc(NC(=O)Nc3ccccc3)n3nc(-c4ccco4)nc23)n1,7.21,Ki,Ki,62.0
CCn1cc2c(nc(NC(=O)Nc3ccccc3)n3nc(-c4ccco4)nc23)n1,7.4,Ki,Ki,40.0
CCCCn1cc2c(nc(NC(=O)Nc3cccc(OC)c3)n3nc(-c4ccco4)nc23)n1,7.02,Ki,Ki,95.0
CCCCn1cc2c(nc(NC(=O)Nc3ccccc3OC)n3nc(-c4ccco4)nc23)n1,7.04,Ki,Ki,91.0
CCCCn1cc2c(nc(NC(=O)Nc3ccc(C(F)(F)F)cc3)n3nc(-c4ccco4)nc23)n1,7.51,Ki,Ki,31.0
CCCCn1cc2c(nc(NC(=O)Nc3ccc(F)cc3)n3nc(-c4ccco4)nc23)n1,7.3,Ki,Ki,50.0
CCCCn1cc2c(nc(NC(=O)Nc3ccc(Br)cc3)n3nc(-c4ccco4)nc23)n1,7.18,Ki,Ki,66.0
CCCCn1cc2c(nc(NC(=O)Nc3ccc(C)cc3)n3nc(-c4ccco4)nc23)n1,7.62,Ki,Ki,24.0
CCCn1cc2c(nc(NC(=O)Nc3ccc(C(F)(F)F)cc3)n3nc(-c4ccco4)nc23)n1,7.47,Ki,Ki,34.0
CCCn1cc2c(nc(NC(=O)Nc3ccc(F)cc3)n3nc(-c4ccco4)nc23)n1,7.38,Ki,Ki,42.0
CCCn1cc2c(nc(NC(=O)Nc3ccc(Br)cc3)n3nc(-c4ccco4)nc23)n1,7.3,Ki,Ki,50.0
CCCn1cc2c(nc(NC(=O)Nc3ccc(C)cc3)n3nc(-c4ccco4)nc23)n1,7.92,Ki,Ki,12.0
CCn1cc2c(nc(NC(=O)Nc3ccc(C(F)(F)F)cc3)n3nc(-c4ccco4)nc23)n1,7.28,Ki,Ki,53.0
CCn1cc2c(nc(NC(=O)Nc3ccc(F)cc3)n3nc(-c4ccco4)nc23)n1,7.22,Ki,Ki,60.0
CCn1cc2c(nc(NC(=O)Nc3ccc(Br)cc3)n3nc(-c4ccco4)nc23)n1,7.4,Ki,Ki,40.0
CCn1cc2c(nc(NC(=O)Nc3ccc(C)cc3)n3nc(-c4ccco4)nc23)n1,7.52,Ki,Ki,30.0
CSc1c2c(nc(NC(=O)Cc3ccc(OCC(C)C)cc3)n3nc(-c4ccco4)nc23)nn1C,7.3,Ki,Ki,50.0
COc1ccc(CC(=O)Nc2nc3nn(C)c(SC)c3c3nc(-c4ccco4)nn23)cc1,7.82,Ki,Ki,15.0
CCCSc1c2c(nc(N)n3nc(-c4ccco4)nc23)nn1C,8.68,Ki,Ki,2.1
Nc1nc2c(cnn2CCCc2ccc3c(c2)O[C@@H](C(=O)O)O3)c2nc(-c3ccco3)nn12,7.23,Ki,Ki,59.0
Nc1nc2c(cnn2CCCc2ccc3c(c2)OC(C(=O)O)(C(=O)O)O3)c2nc(-c3ccco3)nn12,6.92,Ki,Ki,120.0
CCOC(=O)[C@H]1Oc2ccc(CCCn3ncc4c3nc(N)n3nc(-c5ccco5)nc43)cc2O1,8.26,Ki,Ki,5.48
Nc1nc2c(cnn2CCCc2ccc3c(c2S(=O)(=O)O)OCO3)c2nc(-c3ccco3)nn12,7.12,Ki,Ki,75.0
Nc1nc2c(cnn2CCCc2ccc3c(c2)OC(CO)(CO)O3)c2nc(-c3ccco3)nn12,9.72,Ki,Ki,0.19
Nc1nc2c(cnn2CCCc2ccc(O)cc2)c2nc(-c3ccco3)nn12,8.82,Ki,Ki,1.5
COc1ccc(CCCn2ncc3c2nc(N)n2nc(-c4ccco4)nc32)cc1OC,8.57,Ki,Ki,2.7
Nc1nc2c(cnn2CCCc2ccc3c(c2)OCO3)c2nc(-c3ccco3)nn12,8.48,Ki,Ki,3.3
Nc1nc2c(cnn2CCc2ccccc2)c2nc(-c3ccco3)nn12,8.96,Ki,Ki,1.1
Nc1nc2c(cnn2CCCc2ccccc2)c2nc(-c3ccco3)nn12,8.92,Ki,Ki,1.2
Nc1nc2c(cnn2CCCc2ccc(S(=O)(=O)O)cc2)c2nc(-c3ccco3)nn12,6.85,Ki,Ki,140.0
Nc1nc2c(cnn2CCc2ccc(S(=O)(=O)NCC(=O)O)cc2)c2nc(-c3ccco3)nn12,7.3,Ki,Ki,50.0
Nc1nc2c(cnn2CCc2ccc(S(=O)(=O)N(CCCl)CCCl)cc2)c2nc(-c3ccco3)nn12,9.23,Ki,Ki,0.59
CN1CCN(S(=O)(=O)c2ccc(CCn3ncc4c3nc(N)n3nc(-c5ccco5)nc43)cc2)CC1,8.42,Ki,Ki,3.8
Nc1nc2c(cnn2CCc2ccc(S(=O)(=O)N(CCO)CCO)cc2)c2nc(-c3ccco3)nn12,9.1,Ki,Ki,0.8
Nc1nc2c(cnn2CCc2ccc(S(N)(=O)=O)cc2)c2nc(-c3ccco3)nn12,8.88,Ki,Ki,1.31
Nc1nc2c(cnn2CCCc2ccc(C(=O)O)cc2)c2nc(-c3ccco3)nn12,8.33,Ki,Ki,4.63
N=C(N)c1ccc(CCCn2ncc3c2nc(N)n2nc(-c4ccco4)nc32)cc1,8.36,Ki,Ki,4.4
Nc1ccc(CCn2ncc3c2nc(N)n2nc(-c4ccco4)nc32)cc1,7.26,Ki,Ki,55.0
N/C(=N/O)c1ccc(CCCn2ncc3c2nc(N)n2nc(-c4ccco4)nc32)cc1,8.22,Ki,Ki,6.0
CCOC(=O)COc1ccc(CCCn2ncc3c2nc(N)n2nc(-c4ccco4)nc32)cc1,9.37,Ki,Ki,0.43
CCOC(=O)c1ccc(CCn2ncc3c2nc(N)n2nc(-c4ccco4)nc32)cc1,8.4,Ki,Ki,4.0
N#Cc1ccc(CCCn2ncc3c2nc(N)n2nc(-c4ccco4)nc32)cc1,7.07,Ki,Ki,86.0
Nc1nc2c(cnn2CCCc2ccc(N(CCO)CCO)cc2)c2nc(-c3ccco3)nn12,8.96,Ki,Ki,1.1
CC(=O)Nc1ccc(CCn2ncc3c2nc(N)n2nc(-c4ccco4)nc32)cc1,8.32,Ki,Ki,4.8
Nc1nc2c(cnn2CCCc2ccc([N+](=O)[O-])cc2)c2nc(-c3ccco3)nn12,9.0,Ki,Ki,1.0
Nc1nc2c(cnn2CCc2ccc(S(=O)(=O)O)cc2)c2nc(-c3ccco3)nn12,7.0,Ki,Ki,100.0
NCc1ccc(CCCn2ncc3c2nc(N)n2nc(-c4ccco4)nc32)cc1,9.89,Ki,Ki,0.13
Nc1ccc(CCCn2ncc3c2nc(N)n2nc(-c4ccco4)nc32)cc1,9.66,Ki,Ki,0.22
Nc1nc2c(cnn2CCc2ccc(N(CCO)CCO)cc2)c2nc(-c3ccco3)nn12,9.92,Ki,Ki,0.12
COc1ccc(CC(=O)Nc2nc3nn(CCCc4ccccc4)cc3c3nc(-c4ccco4)nn23)cc1,8.05,Ki,Ki,8.93
O=C(COc1ccc(Cl)cc1)Nc1nc2nn(CCc3ccccc3)cc2c2nc(-c3ccco3)nn12,7.5,Ki,Ki,31.7
CC(C)CCn1cc2c(nc(NC(=O)COc3ccc(Cl)cc3)n3nc(-c4ccco4)nc23)n1,7.79,Ki,Ki,16.1
COc1ccc(CC(=O)Nc2nc3nn(CCC(C)C)cc3c3nc(-c4ccco4)nn23)cc1,8.71,Ki,Ki,1.95
Cn1cc2c(nc(NC(=O)COc3ccccc3)n3nc(-c4ccco4)nc23)n1,7.82,Ki,Ki,15.1
CCCCn1cc2c(nc(NC(=O)Cc3ccc4ccccc4c3)n3nc(-c4ccco4)nc23)n1,8.1,Ki,Ki,7.94
CC(C)CCn1cc2c(nc(NC(=O)Cc3ccsc3)n3nc(-c4ccco4)nc23)n1,8.41,Ki,Ki,3.88
CC(C)CCn1cc2c(nc(NC(=O)Cc3cccs3)n3nc(-c4ccco4)nc23)n1,8.69,Ki,Ki,2.03
CCn1cc2c(nc(NC(=O)C(c3ccccc3)c3ccccc3)n3nc(-c4ccco4)nc23)n1,6.88,Ki,Ki,131.0
COc1ccc(NC(=O)Nc2nc3nn(CCCc4ccccc4)cc3c3nc(-c4ccco4)nn23)cc1,6.0,Ki,Ki,1010.0
COc1ccc(NC(=O)Nc2nc3nn(CCc4ccccc4)cc3c3nc(-c4ccco4)nn23)cc1,6.92,Ki,Ki,120.0
Nc1nc2nn(CCCc3ccccc3)cc2c2nc(-c3ccco3)nn12,9.8,Ki,Ki,0.16
Nc1nc2nn(CCc3ccccc3)cc2c2nc(-c3ccco3)nn12,9.47,Ki,Ki,0.34
CCCn1cc2c(nc(N)n3nc(-c4ccco4)nc23)n1,8.6,Ki,Ki,2.51
CCn1cc2c(nc(N)n3nc(-c4ccco4)nc23)n1,8.71,Ki,Ki,1.95
COc1ccc(NC(=O)Nc2nc3nn(Cc4cccc5ccccc45)cc3c3nc(-c4ccco4)nn23)cc1,5.49,Ki,Ki,3260.0
O=C(Nc1cccc(Cl)c1)Nc1nc2nn(CCc3c(Br)cc(Br)cc3Br)cc2c2nc(-c3ccco3)nn12,5.44,Ki,Ki,3600.0
COc1ccc(NC(=O)Nc2nc3nn(CCc4c(Br)cc(Br)cc4Br)cc3c3nc(-c4ccco4)nn23)cc1,5.69,Ki,Ki,2030.0
COc1ccc(NC(=O)Nc2nc3nn(CC=C(C)C)cc3c3nc(-c4ccco4)nn23)cc1,5.99,Ki,Ki,1025.0
CC(C)=CCn1cc2c(nc(N)n3nc(-c4ccco4)nc23)n1,9.1,Ki,Ki,0.8
CC(C)CCn1cc2c(nc(N)n3nc(-c4ccco4)nc23)n1,9.11,Ki,Ki,0.78
CC(C)(C)n1cc2c(nc(NC(=O)Nc3cccc(Cl)c3)n3nc(-c4ccco4)nc23)n1,6.1,Ki,Ki,796.0
COc1ccc(NC(=O)Nc2nc3nn(C(C)(C)C)cc3c3nc(-c4ccco4)nn23)cc1,6.26,Ki,Ki,545.0
CC(C)(C)n1cc2c(nc(N)n3nc(-c4ccco4)nc23)n1,7.35,Ki,Ki,45.0
CCCCn1cc2c(nc(N)n3nc(-c4ccco4)nc23)n1,8.8,Ki,Ki,1.6
C=Cn1cc2c(nc(NC(=O)Nc3ccc(OC)cc3)n3nc(-c4ccco4)nc23)n1,6.75,Ki,Ki,176.0
Cn1cc2c(nc(N)n3nc(-c4ccco4)nc23)n1,8.55,Ki,Ki,2.8
O=C(Nc1cccc(Cl)c1)Nc1nc2n[nH]cc2c2nc(-c3ccco3)nn12,6.61,Ki,Ki,248.0
COc1ccc(NC(=O)Nc2nc3n[nH]cc3c3nc(-c4ccco4)nn23)cc1,6.28,Ki,Ki,520.0
CCCn1cc2c(nc(NC(=O)Nc3cccc(Cl)c3)n3nc(-c4ccco4)nc23)n1,5.91,Ki,Ki,1220.0
CCCn1cc2c(nc(NC(=O)Nc3ccc(OC)cc3)n3nc(-c4ccco4)nc23)n1,6.85,Ki,Ki,140.0
CCn1cc2c(nc(NC(=O)Nc3cccc(Cl)c3)n3nc(-c4ccco4)nc23)n1,6.75,Ki,Ki,180.0
CCn1cc2c(nc(NC(=O)Nc3ccc(OC)cc3)n3nc(-c4ccco4)nc23)n1,5.98,Ki,Ki,1040.0
Cn1cc2c(nc(NC(=O)Nc3cccc(Cl)c3)n3nc(-c4ccco4)nc23)n1,5.92,Ki,Ki,1195.0
COc1ccc(NC(=O)Nc2nc3nn(C)cc3c3nc(-c4ccco4)nn23)cc1,5.86,Ki,Ki,1390.0
CCCCn1cc2c(nc(NC(=O)Nc3ccccc3)n3nc(-c4ccco4)nc23)n1,6.83,Ki,Ki,148.0
Cn1cc2c(nc(NC(=O)Nc3ccccc3)n3nc(-c4ccco4)nc23)n1,6.42,Ki,Ki,381.0
CCCCn1cc2c(nc(NC(=O)Cc3ccccc3)n3nc(-c4ccco4)nc23)n1,6.4,Ki,Ki,400.0
CCCn1cc2c(nc(NC(=O)Cc3ccccc3)n3nc(-c4ccco4)nc23)n1,6.51,Ki,Ki,306.0
CCn1cc2c(nc(NC(=O)Cc3ccccc3)n3nc(-c4ccco4)nc23)n1,6.47,Ki,Ki,335.0
Cn1cc2c(nc(NC(=O)Cc3ccccc3)n3nc(-c4ccco4)nc23)n1,6.37,Ki,Ki,423.0
CCCCn1cc2c(nc(NC(=O)Nc3ccc(Cl)cc3)n3nc(-c4ccco4)nc23)n1,6.96,Ki,Ki,111.0
CCCCn1cc2c(nc(NC(=O)Nc3ccccc3Cl)n3nc(-c4ccco4)nc23)n1,7.0,Ki,Ki,100.0
CCCCn1cc2c(nc(NC(=O)Nc3ccc([N+](=O)[O-])cc3)n3nc(-c4ccco4)nc23)n1,6.3,Ki,Ki,503.0
CCCCn1cc2c(nc(NC(=O)Nc3ccc4c(c3)OCO4)n3nc(-c4ccco4)nc23)n1,6.42,Ki,Ki,376.0
CCCCn1cc2c(nc(NC(=O)Nc3ccc(Cl)c(Cl)c3)n3nc(-c4ccco4)nc23)n1,6.3,Ki,Ki,495.0
CCCn1cc2c(nc(NC(=O)Nc3ccc(Cl)cc3)n3nc(-c4ccco4)nc23)n1,6.85,Ki,Ki,140.0
CCCn1cc2c(nc(NC(=O)Nc3ccccc3Cl)n3nc(-c4ccco4)nc23)n1,6.92,Ki,Ki,121.0
CCCn1cc2c(nc(NC(=O)Nc3cccc(OC)c3)n3nc(-c4ccco4)nc23)n1,6.95,Ki,Ki,113.0
CCCn1cc2c(nc(NC(=O)Nc3ccccc3OC)n3nc(-c4ccco4)nc23)n1,7.0,Ki,Ki,100.0
CCCn1cc2c(nc(NC(=O)Nc3ccc([N+](=O)[O-])cc3)n3nc(-c4ccco4)nc23)n1,5.95,Ki,Ki,1115.0
CCCn1cc2c(nc(NC(=O)Nc3ccc4c(c3)OCO4)n3nc(-c4ccco4)nc23)n1,6.18,Ki,Ki,667.0
CCCn1cc2c(nc(NC(=O)Nc3ccc(Cl)c(Cl)c3)n3nc(-c4ccco4)nc23)n1,6.4,Ki,Ki,401.0
CCn1cc2c(nc(NC(=O)Nc3ccc(Cl)cc3)n3nc(-c4ccco4)nc23)n1,6.8,Ki,Ki,160.0
CCn1cc2c(nc(NC(=O)Nc3ccccc3Cl)n3nc(-c4ccco4)nc23)n1,6.82,Ki,Ki,150.0
CCn1cc2c(nc(NC(=O)Nc3cccc(OC)c3)n3nc(-c4ccco4)nc23)n1,6.85,Ki,Ki,140.0
CCn1cc2c(nc(NC(=O)Nc3ccccc3OC)n3nc(-c4ccco4)nc23)n1,6.88,Ki,Ki,133.0
CCn1cc2c(nc(NC(=O)Nc3ccc([N+](=O)[O-])cc3)n3nc(-c4ccco4)nc23)n1,6.21,Ki,Ki,614.0
CCn1cc2c(nc(NC(=O)Nc3ccc4c(c3)OCO4)n3nc(-c4ccco4)nc23)n1,6.24,Ki,Ki,576.0
CCn1cc2c(nc(NC(=O)Nc3ccc(Cl)c(Cl)c3)n3nc(-c4ccco4)nc23)n1,6.45,Ki,Ki,352.0
Cn1cc2c(nc(NC(=O)Nc3ccc(Cl)cc3)n3nc(-c4ccco4)nc23)n1,6.75,Ki,Ki,180.0
Cn1cc2c(nc(NC(=O)Nc3ccccc3Cl)n3nc(-c4ccco4)nc23)n1,6.7,Ki,Ki,200.0
COc1cccc(NC(=O)Nc2nc3nn(C)cc3c3nc(-c4ccco4)nn23)c1,6.8,Ki,Ki,160.0
COc1ccccc1NC(=O)Nc1nc2nn(C)cc2c2nc(-c3ccco3)nn12,6.75,Ki,Ki,180.0
Cn1cc2c(nc(NC(=O)Nc3ccc(C(F)(F)F)cc3)n3nc(-c4ccco4)nc23)n1,6.85,Ki,Ki,140.0
Cn1cc2c(nc(NC(=O)Nc3ccc(F)cc3)n3nc(-c4ccco4)nc23)n1,6.92,Ki,Ki,120.0
Cn1cc2c(nc(NC(=O)Nc3ccc(Br)cc3)n3nc(-c4ccco4)nc23)n1,7.0,Ki,Ki,100.0
Cc1ccc(NC(=O)Nc2nc3nn(C)cc3c3nc(-c4ccco4)nn23)cc1,6.96,Ki,Ki,110.0
Cn1cc2c(nc(NC(=O)Nc3ccc([N+](=O)[O-])cc3)n3nc(-c4ccco4)nc23)n1,6.16,Ki,Ki,695.0
Cn1cc2c(nc(NC(=O)Nc3ccc4c(c3)OCO4)n3nc(-c4ccco4)nc23)n1,6.17,Ki,Ki,680.0
Cn1cc2c(nc(NC(=O)Nc3ccc(Cl)c(Cl)c3)n3nc(-c4ccco4)nc23)n1,6.84,Ki,Ki,143.0
CNC(=O)[C@]12C[C@@H]1[C@@H](n1cnc3c(NCc4cccc(Cl)c4)nc(Cl)nc31)[C@H](O)[C@@H]2O,5.64,Ki,Ki,2300.0
CNC(=O)[C@]12C[C@@H]1[C@@H](n1cnc3c(NC4CCCC4)nc(Cl)nc31)[C@H](O)[C@@H]2O,5.49,Ki,Ki,3250.0
CNC(=O)[C@]12C[C@@H]1[C@@H](n1cnc3c(NCc4cccc(I)c4)ncnc31)[C@H](O)[C@@H]2O,5.21,Ki,Ki,6200.0
CNC(=O)[C@]12C[C@@H]1[C@@H](n1cnc3c(NCc4cccc(Cl)c4)nc(C#CCCCCC(=O)OC)nc31)[C@H](O)[C@@H]2O,5.45,Ki,Ki,3540.0
CNC(=O)[C@]12C[C@@H]1[C@@H](n1cnc3c(NCc4cccc(Cl)c4)nc(C#CCCC(=O)NCCN)nc31)[C@H](O)[C@@H]2O,6.26,Ki,Ki,550.0
CNC(=O)[C@]12C[C@@H]1[C@@H](n1cnc3c(NCc4cccc(Cl)c4)nc(C#CCCC(=O)NCCCCN)nc31)[C@H](O)[C@@H]2O,6.12,Ki,Ki,766.0
CNC(=O)[C@]12C[C@@H]1[C@@H](n1cnc3c(NCc4cccc(Cl)c4)nc(C#CCCC(=O)NCCCN)nc31)[C@H](O)[C@@H]2O,6.01,Ki,Ki,979.0
CNC(=O)[C@]12C[C@@H]1[C@@H](n1cnc3c(NCc4cccc(Cl)c4)nc(C#CCCCCC(=O)NCCN)nc31)[C@H](O)[C@@H]2O,6.56,Ki,Ki,277.0
CCN1/C(=C\C=C\C=C\C2=[N+](CCCCCC(=O)NCCNC(=O)CCC#Cc3nc(NCc4cccc(Cl)c4)c4ncn([C@H]5[C@H](O)[C@H](O)[C@@]6(C(=O)NC)C[C@H]56)c4n3)c3ccccc3C2(C)C)C(C)(C)c2cc(S(=O)(=O)[O-])ccc21,5.33,Ki,Ki,4730.0
O[C@@H]1[C@H](O)[C@@H]2C[C@@H]2[C@H]1n1cnc2c(NC3CCCC3)nc(Cl)nc21,5.79,Ki,Ki,1640.0
O[C@@H]1[C@H](O)[C@@H]2C[C@@H]2[C@H]1n1cnc2c(NCc3cccc(I)c3)nc(F)nc21,5.4,Ki,Ki,4000.0
O[C@@H]1[C@H](O)[C@@H]2C[C@@H]2[C@H]1n1cnc2c(NCc3cccc(I)c3)ncnc21,5.34,Ki,Ki,4520.0
O[C@@H]1[C@H](O)[C@@H]2C[C@@H]2[C@H]1n1cnc2c(NCc3cccc(Cl)c3)ncnc21,5.34,Ki,Ki,4520.0
O[C@@H]1[C@H](O)[C@@H]2C[C@@H]2[C@H]1n1cnc2c(NCc3cccc(I)c3)nc(Cl)nc21,5.97,Ki,Ki,1080.0
O[C@@H]1[C@H](O)[C@@H]2C[C@@H]2[C@H]1n1cnc2c(NCc3cccc(Br)c3)nc(Cl)nc21,5.8,Ki,Ki,1600.0
O[C@@H]1[C@H](O)[C@@H]2C[C@@H]2[C@H]1n1cnc2c(NCc3cccc(Cl)c3)nc(Cl)nc21,5.35,Ki,Ki,4510.0
CNC(=O)[C@]12C[C@@H]1[C@@H](n1cnc3c(NCc4cccc(Cl)c4)nc(C#CCCC(=O)NCCNCCN)nc31)[C@H](O)[C@@H]2O,6.05,Ki,Ki,890.0
Nc1nc(NCCc2ccc(O)cc2)nc2nc(-c3ccco3)nn12,8.92,Ki,Ki,1.2
CNC(=O)[C@H]1O[C@@H](n2cnc3c(NOC)nc(C#Cc4ccccc4)nc32)[C@H](O)[C@@H]1O,4.79,Ki,Ki,16300.0
CNC(=O)[C@H]1O[C@@H](n2cnc3c(NOC)nc(C#Cc4ccc(OC)cc4)nc32)[C@H](O)[C@@H]1O,4.98,Ki,Ki,10400.0
CNC(=O)[C@H]1O[C@@H](n2cnc3c(NOC)nc(C#Cc4ccc(F)cc4)nc32)[C@H](O)[C@@H]1O,4.73,Ki,Ki,18700.0
CNC(=O)[C@H]1O[C@@H](n2cnc3c(NOC)nc(C#Cc4ccccn4)nc32)[C@H](O)[C@@H]1O,4.75,Ki,Ki,18000.0
CNC(=O)[C@H]1O[C@@H](n2cnc3c(NC)nc(C#Cc4ccccc4)nc32)[C@H](O)[C@@H]1O,4.38,Ki,Ki,41700.0
CNC(=O)[C@H]1O[C@@H](n2cnc3c(NC)nc(C#Cc4ccc(OC)cc4)nc32)[C@H](O)[C@@H]1O,5.15,Ki,Ki,7030.0
CNC(=O)[C@H]1O[C@@H](n2cnc3c(NC)nc(C#Cc4ccc(F)cc4)nc32)[C@H](O)[C@@H]1O,4.9,Ki,Ki,12700.0
CNC(=O)[C@H]1O[C@@H](n2cnc3c(NC)nc(C#Cc4ccccn4)nc32)[C@H](O)[C@@H]1O,4.61,Ki,Ki,24300.0
Cc1ccc(-c2cc(C(=O)NCc3ncc[nH]3)nc(N)n2)o1,9.0,Ki,Ki,1.0
Cc1ccc(-c2cc(C(=O)NCc3ccc[nH]3)nc(N)n2)o1,8.7,Ki,Ki,2.0
Cc1cccc(CNC(=O)c2cc(-c3ccc(C)o3)nc(N)n2)n1,8.6,Ki,Ki,2.5
Cc1ccc(-c2cc(C(=O)NCc3cccn3C)nc(N)n2)o1,8.6,Ki,Ki,2.5
Cc1cccnc1CNC(=O)c1cc(-c2ccco2)nc(N)n1,8.55,Ki,Ki,2.8
Cc1cccnc1CNC(=O)c1cc(-c2ccco2)nc(N)n1,8.55,Ki,Ki,2.8
Cc1ccc(-c2cc(C(=O)NCc3ncccc3C)nc(N)n2)o1,8.52,Ki,Ki,3.0
Cc1ccc(C)c(CNC(=O)c2cc(-c3ccc(C)o3)nc(N)n2)n1,8.52,Ki,Ki,3.0
Cc1ccc(-c2cc(C(=O)NCc3ccc(C)c(C)n3)nc(N)n2)o1,8.52,Ki,Ki,3.0
CCn1ccnc1CNC(=O)c1cc(-c2ccc(C)o2)nc(N)n1,8.46,Ki,Ki,3.5
Cc1ccc(-c2cc(C(=O)NCc3ccccn3)nc(N)n2)o1,8.4,Ki,Ki,4.0
Nc1nc(C(=O)NCc2ccccn2)cc(-c2ccco2)n1,8.37,Ki,Ki,4.3
Nc1nc(C(=O)NCc2ccccc2Cl)nc(-c2ccco2)n1,8.31,Ki,Ki,4.9
Cc1ccc(-c2cc(C(=O)NCc3ccc(C)n3C)nc(N)n2)o1,8.3,Ki,Ki,5.0
Cc1ccc(-c2cc(C(=O)NCc3nccn3C(C)C)nc(N)n2)o1,8.26,Ki,Ki,5.5
Cc1cccnc1CNC(=O)c1cc(-c2ccccc2)nc(N)n1,8.22,Ki,Ki,6.0
CCCn1ccnc1CNC(=O)c1cc(-c2ccc(C)o2)nc(N)n1,8.22,Ki,Ki,6.0
COc1ccccc1CNC(=O)c1nc(N)nc(-c2ccco2)n1,8.19,Ki,Ki,6.5
Cc1ccc(-c2cc(C(=O)NCc3cscn3)nc(N)n2)o1,8.19,Ki,Ki,6.5
Cc1cccc(CNC(=O)c2nc(N)nc(-c3ccco3)n2)c1,8.12,Ki,Ki,7.5
Cc1cc(CNC(=O)c2cc(-c3ccc(C)o3)nc(N)n2)no1,8.07,Ki,Ki,8.5
COCc1cccc(CNC(=O)c2nc(N)nc(-c3ccco3)n2)n1,8.06,Ki,Ki,8.8
Cc1cccnc1CNC(=O)c1cc(-c2cccc(F)c2)nc(N)n1,8.05,Ki,Ki,9.0
Cc1cccc(-c2cc(C(=O)NCc3ncccc3C)nc(N)n2)c1,8.05,Ki,Ki,9.0
Cc1cc(C)nc(CNC(=O)c2cc(-c3ccc(C)o3)nc(N)n2)c1,8.02,Ki,Ki,9.5
Cc1ccc(-c2nc(N)nc(C(=O)NCc3ccccn3)c2C)o1,7.92,Ki,Ki,12.0
Cc1ccccc1CNC(=O)c1nc(N)nc(-c2ccco2)n1,7.91,Ki,Ki,12.3
Nc1nc(C(=O)NCc2ccccn2)cc(-c2ccccc2)n1,7.85,Ki,Ki,14.0
Cc1cccnc1CNC(=O)c1cc(-c2ccccc2F)nc(N)n1,7.85,Ki,Ki,14.0
Cc1ccc(-c2cc(C(=O)NCc3ncccc3C)nc(N)n2)cc1,7.8,Ki,Ki,16.0
Nc1nc(C(=O)NCc2ccccn2)cc(-c2ccccc2F)n1,7.77,Ki,Ki,17.0
Nc1nc(C(=O)NCc2ccccn2)cc(-c2cccc(F)c2)n1,7.75,Ki,Ki,18.0
Cc1cccc(-c2cc(C(=O)NCc3ccccn3)nc(N)n2)c1,7.75,Ki,Ki,18.0
Cc1cccnc1CNC(=O)c1nc(N)nc(-c2ccco2)n1,7.73,Ki,Ki,18.6
Cc1cccnc1CNC(=O)c1cc(-c2cccc(Cl)c2)nc(N)n1,7.64,Ki,Ki,23.0
Cc1cccnc1CNC(=O)c1cc(-c2ccccc2Cl)nc(N)n1,7.62,Ki,Ki,24.0
COc1cccc(-c2cc(C(=O)NCc3ncccc3C)nc(N)n2)c1,7.62,Ki,Ki,24.0
Nc1nc(C(=O)NCc2ccccn2)nc(-c2ccco2)n1,7.6,Ki,Ki,25.0
CCc1c(C(=O)NCc2ccccn2)nc(N)nc1-c1ccc(C)o1,7.6,Ki,Ki,25.0
COc1cccc(-c2cc(C(=O)NCc3ccccn3)nc(N)n2)c1,7.55,Ki,Ki,28.0
Cc1ccccc1-c1cc(C(=O)NCc2ncccc2C)nc(N)n1,7.55,Ki,Ki,28.0
Cc1cccnc1CNC(=O)c1cc(-c2cccc(C#N)c2)nc(N)n1,7.54,Ki,Ki,29.0
COc1ccccc1-c1cc(C(=O)NCc2ncccc2C)nc(N)n1,7.52,Ki,Ki,30.0
Nc1nc(C(=O)NCc2ccccn2)cc(-c2ccccc2Cl)n1,7.51,Ki,Ki,31.0
Nc1nc(C(=O)NCc2ccccn2)cc(-c2cccc(Cl)c2)n1,7.51,Ki,Ki,31.0
Cc1ccc(-c2cc(C(=O)NCc3ccccn3)nc(N)n2)cc1,7.44,Ki,Ki,36.0
Cc1csc(-c2cc(C(=O)NCc3ccccn3)nc(N)n2)n1,7.33,Ki,Ki,47.0
Cc1ccccc1-c1cc(C(=O)NCc2ccccn2)nc(N)n1,7.31,Ki,Ki,49.0
COc1ccccc1-c1cc(C(=O)NCc2ccccn2)nc(N)n1,7.24,Ki,Ki,57.0
CNc1nc(C(=O)NCc2ccccn2)cc(-c2ccc(C)o2)n1,7.2,Ki,Ki,63.0
Nc1nc(C(=O)NCc2cccnc2)nc(-c2ccco2)n1,7.06,Ki,Ki,88.0
CCc1ccccc1-c1cc(C(=O)NCc2ccccn2)nc(N)n1,7.04,Ki,Ki,92.0
Cc1ccc(-c2cc(C(=O)NCc3ccccn3)ncn2)o1,7.01,Ki,Ki,97.0
CCc1ccccc1-c1cc(C(=O)NCc2ncccc2C)nc(N)n1,6.97,Ki,Ki,107.0
CCOc1ccccc1-c1cc(C(=O)NCc2ncccc2C)nc(N)n1,6.97,Ki,Ki,107.0
Cc1cccnc1CNC(=O)c1cc(-c2ccccc2C#N)nc(N)n1,6.91,Ki,Ki,123.0
Cc1cccnc1CNC(=O)c1cc(N)nc(-c2ccco2)c1,6.9,Ki,Ki,126.0
N#Cc1cccc(-c2cc(C(=O)NCc3ccccn3)nc(N)n2)c1,6.89,Ki,Ki,128.0
COc1ccc(-c2cc(C(=O)NCc3ccccn3)nc(N)n2)cc1,6.82,Ki,Ki,153.0
COc1ccc(-c2cc(C(=O)NCc3ncccc3C)nc(N)n2)cc1,6.81,Ki,Ki,155.0
Cc1ccc(-c2nc(N)nc(C(=O)NCc3ncccc3C)c2C)o1,6.81,Ki,Ki,155.0
CCc1c(C(=O)NCc2ncccc2C)nc(N)nc1-c1ccc(C)o1,6.74,Ki,Ki,183.0
CCOc1ccccc1-c1cc(C(=O)NCc2ccccn2)nc(N)n1,6.6,Ki,Ki,253.0
N#Cc1ccccc1-c1cc(C(=O)NCc2ccccn2)nc(N)n1,6.59,Ki,Ki,255.0
Nc1nc(C(=O)NCc2ccncc2)nc(-c2ccco2)n1,6.38,Ki,Ki,420.0
Cc1csc(-c2cc(C(=O)NCc3ncccc3C)nc(N)n2)n1,6.23,Ki,Ki,586.0
Cc1nc(C(=O)NCc2ccccn2)cc(-c2ccc(C)o2)n1,5.95,Ki,Ki,1117.0
Cc1ccc(-c2cc(C(=O)NCc3ccccn3)nc(C(C)C)n2)o1,5.76,Ki,Ki,1725.0
Cc1ccc(-c2cc(C(=O)NCc3ccccn3)nc(N(C)C)n2)o1,5.75,Ki,Ki,1789.0
COc1cc(C(=O)NCc2ncccc2C)nc(N)n1,5.61,Ki,Ki,2450.0
COc1cc(C(=O)NCc2ccccn2)nc(N)n1,5.48,Ki,Ki,3290.0
CCn1c(=O)c2c(nc(Cc3cccs3)n2C)n(Cc2ccco2)c1=O,7.08,Ki,pKi,7.08
CCn1c(=O)c2c(nc(Cc3ccccc3)n2C)n(Cc2ccco2)c1=O,7.05,Ki,pKi,7.05
CCn1c(=O)c2c(nc(Cc3ccco3)n2C)n(Cc2ccco2)c1=O,6.98,Ki,pKi,6.98
Cn1c(=O)c2c(nc(Cc3ccco3)n2C)n(Cc2ccco2)c1=O,6.83,Ki,pKi,6.83
CCCn1c(=O)c2c(nc(Cc3cccs3)n2C)n(Cc2ccco2)c1=O,6.62,Ki,pKi,6.62
C=CCn1c(=O)c2c(nc(Cc3cccs3)n2C)n(Cc2ccco2)c1=O,6.51,Ki,pKi,6.51
CCCn1c(=O)c2c(nc(Cc3ccco3)n2C)n(Cc2ccco2)c1=O,6.51,Ki,pKi,6.51
CCn1c(=O)c2[nH]c(Cc3cccs3)nc2n(Cc2ccco2)c1=O,6.44,Ki,pKi,6.44
C=CCn1c(=O)c2c(nc(Cc3c(F)cccc3F)n2C)n(Cc2ccco2)c1=O,6.42,Ki,pKi,6.42
CCCn1c(=O)c2[nH]c(Cc3ccccc3)nc2n(Cc2ccco2)c1=O,6.38,Ki,pKi,6.38
Cn1c(=O)c2[nH]c(Cc3ccco3)nc2n(Cc2ccco2)c1=O,6.37,Ki,pKi,6.37
C#CCn1c(=O)c2[nH]c(Cc3cccs3)nc2n(Cc2ccco2)c1=O,6.35,Ki,pKi,6.35
C#CCn1c(=O)c2[nH]c(Cc3c(F)cccc3F)nc2n(Cc2ccco2)c1=O,6.34,Ki,pKi,6.34
COCCn1c(=O)c2c(nc(Cc3c(F)cccc3F)n2C)n(Cc2ccco2)c1=O,6.31,Ki,pKi,6.31
Cn1c(Cc2cccs2)nc2c1c(=O)n(CC1CC1)c(=O)n2Cc1ccco1,6.31,Ki,pKi,6.31
CCCn1c(=O)c2c(nc(Cc3ccccc3)n2C)n(Cc2ccco2)c1=O,6.31,Ki,pKi,6.31
CCn1c(=O)c2[nH]c(Cc3ccco3)nc2n(Cc2ccco2)c1=O,6.28,Ki,pKi,6.28
COCCn1c(=O)c2c(nc(Cc3cccs3)n2C)n(Cc2ccco2)c1=O,6.16,Ki,pKi,6.16
CCSCCn1c(=O)c2c(nc(Cc3cccs3)n2C)n(Cc2ccco2)c1=O,6.05,Ki,pKi,6.05
COCCn1c(=O)c2c(nc(Cc3ccccc3)n2C)n(Cc2ccco2)c1=O,6.04,Ki,pKi,6.04
CCn1c(=O)c2[nH]c(Cc3ccccc3)nc2n(Cc2ccco2)c1=O,5.98,Ki,pKi,5.98
CSCCn1c(=O)c2[nH]c(Cc3c(F)cccc3F)nc2n(Cc2ccco2)c1=O,5.91,Ki,pKi,5.91
C=CCn1c(=O)c2[nH]c(Cc3cccs3)nc2n(Cc2ccco2)c1=O,5.84,Ki,pKi,5.84
Cn1c(Cc2c(F)cccc2F)nc2c1c(=O)n(CC1CC1)c(=O)n2Cc1ccco1,5.74,Ki,pKi,5.74
CSCCn1c(=O)c2[nH]c(Cc3cccs3)nc2n(Cc2ccco2)c1=O,5.68,Ki,pKi,5.68
O=C(NC1CC1)[C@H]1S[C@@H](n2cnc3c(NCc4cccc(I)c4)ncnc32)[C@H](O)[C@@H]1O,7.82,Ki,Ki,15.2
CCNC(=O)[C@H]1S[C@@H](n2cnc3c(NCc4cccc(I)c4)ncnc32)[C@H](O)[C@@H]1O,7.24,Ki,Ki,57.6
CNc1ncnc2c1ncn2[C@@H]1S[C@H](C(=O)NC2CC2)[C@@H](O)[C@H]1O,6.79,Ki,Ki,161.0
CNc1ncnc2c1ncn2[C@@H]1S[C@H](C(=O)NC2CCC2)[C@@H](O)[C@H]1O,6.97,Ki,Ki,108.0
CNC(=O)[C@H]1S[C@@H](n2cnc3c(NCc4cccc(I)c4)nc(Cl)nc32)[C@H](O)[C@@H]1O,6.65,Ki,Ki,223.0
O=C(NC1CCC1)[C@H]1S[C@@H](n2cnc3c(NCc4cccc(I)c4)ncnc32)[C@H](O)[C@@H]1O,6.91,Ki,Ki,122.0
O=C(NCC1CC1)[C@H]1S[C@@H](n2cnc3c(NCc4cccc(I)c4)ncnc32)[C@H](O)[C@@H]1O,5.8,Ki,Ki,1600.0
CNC(=O)[C@H]1S[C@@H](n2cnc3c(NCc4cccc(I)c4)ncnc32)[C@H](O)[C@@H]1O,6.32,Ki,Ki,475.0
CNC(=O)[C@H]1O[C@@H](n2cnc3c(NCc4cccc(I)c4)nc(Cl)nc32)[C@H](O)[C@@H]1O,5.27,Ki,Ki,5360.0
CNC(=O)[C@H]1O[C@@H](n2cnc3c(NCc4cccc(I)c4)ncnc32)[C@H](O)[C@@H]1O,5.54,Ki,Ki,2900.0
CCNC(=O)[C@H]1O[C@@H](n2cnc3c(N)ncnc32)[C@H](O)[C@@H]1O,7.6,Ki,Ki,25.0
CCNC(=O)[C@H]1O[C@@H](n2cnc3c(N)ncnc32)[C@H](O)[C@@H]1O,7.8,IC50,IC50,16.0
CCNC(=O)[C@H]1O[C@@H](n2cnc3c(N)nc(NCCc4ccc(CCC(=O)O)cc4)nc32)[C@H](O)[C@@H]1O,7.68,Ki,Ki,21.0
CCNC(=O)[C@H]1O[C@@H](n2cnc3c(N)nc(NCCc4ccc(CCC(=O)O)cc4)nc32)[C@H](O)[C@@H]1O,7.72,IC50,IC50,19.0
CCn1nnc([C@H]2O[C@@H](n3cnc4c(N)nc(N[C@H](CO)Cc5ccccc5)nc43)[C@H](O)[C@@H]2O)n1,8.64,Ki,Ki,2.3
CCn1nnc([C@H]2O[C@@H](n3cnc4c(N)nc(N[C@H](CO)Cc5ccccc5)nc43)[C@H](O)[C@@H]2O)n1,9.4,IC50,IC50,0.4
CCCCC#Cc1nc(N)c2ncn([C@@H]3C[C@H](NC(=O)CC)[C@@H](O)[C@H]3O)c2n1,7.75,Ki,Ki,18.0
CCCCC#Cc1nc(N)c2ncn([C@@H]3C[C@H](NC(=O)CC)[C@@H](O)[C@H]3O)c2n1,7.92,IC50,IC50,12.0
Nc1nc(N[C@H](CO)Cc2ccccc2)nc2c1ncn2[C@@H]1C[C@H](n2cccn2)[C@@H](O)[C@H]1O,6.15,Ki,Ki,702.0
Cc1cnn([C@H]2C[C@@H](n3cnc4c(N)nc(N[C@H](CO)Cc5ccccc5)nc43)[C@H](O)[C@@H]2O)c1,6.64,Ki,Ki,229.0
Cc1cnn([C@H]2C[C@@H](n3cnc4c(N)nc(N[C@H](CO)Cc5ccccc5)nc43)[C@H](O)[C@@H]2O)c1,7.25,IC50,IC50,56.0
CCc1cnn([C@H]2C[C@@H](n3cnc4c(N)nc(N[C@H](CO)Cc5ccccc5)nc43)[C@H](O)[C@@H]2O)c1,6.74,Ki,Ki,182.0
CCc1cnn([C@H]2C[C@@H](n3cnc4c(N)nc(N[C@H](CO)Cc5ccccc5)nc43)[C@H](O)[C@@H]2O)c1,7.21,IC50,IC50,62.0
Nc1nc(N[C@H](CO)Cc2ccccc2)nc2c1ncn2[C@@H]1C[C@H](n2ncc3ccccc32)[C@@H](O)[C@H]1O,5.27,Ki,Ki,5406.0
Nc1nc(N[C@H](CO)Cc2ccccc2)nc2c1ncn2[C@@H]1C[C@H](n2ccccc2=O)[C@@H](O)[C@H]1O,5.26,Ki,Ki,5491.0
CCC(=O)N[C@H]1C[C@@H](n2cnc3c(NCC(c4ccccc4)c4ccccc4)nc(NCCc4c[nH]cn4)nc32)[C@H](O)[C@@H]1O,8.28,Ki,Ki,5.2
CCC(=O)N[C@H]1C[C@@H](n2cnc3c(NCC(c4ccccc4)c4ccccc4)nc(NCCc4c[nH]cn4)nc32)[C@H](O)[C@@H]1O,8.23,IC50,IC50,5.9
CCC(=O)N[C@H]1C[C@@H](n2cnc3c(NCC(c4ccccc4)c4ccccc4)nc(NCCc4cn(C)cn4)nc32)[C@H](O)[C@@H]1O,8.34,Ki,Ki,4.6
CCC(=O)N[C@H]1C[C@@H](n2cnc3c(NCC(c4ccccc4)c4ccccc4)nc(NCCc4cn(C)cn4)nc32)[C@H](O)[C@@H]1O,8.33,IC50,IC50,4.7
CCC(=O)N[C@H]1C[C@@H](n2cnc3c(NCC(c4ccccc4)c4ccccc4)nc(NCCc4cn(CC)cn4)nc32)[C@H](O)[C@@H]1O,8.28,Ki,Ki,5.2
CCC(=O)N[C@H]1C[C@@H](n2cnc3c(NCC(c4ccccc4)c4ccccc4)nc(NCCc4cn(CC)cn4)nc32)[C@H](O)[C@@H]1O,8.3,IC50,IC50,5.0
CCC(=O)N[C@H]1C[C@@H](n2cnc3c(NC(CC)CC)nc(NCCc4cn(CC)cn4)nc32)[C@H](O)[C@@H]1O,8.27,Ki,Ki,5.4
CCC(=O)N[C@H]1C[C@@H](n2cnc3c(NC(CC)CC)nc(NCCc4cn(CC)cn4)nc32)[C@H](O)[C@@H]1O,8.57,IC50,IC50,2.7
CCC(=O)N[C@H]1C[C@@H](n2cnc3c(NC(CC)CC)nc(NCCc4cn(C(C)C)cn4)nc32)[C@H](O)[C@@H]1O,8.1,Ki,Ki,8.0
CCC(=O)N[C@H]1C[C@@H](n2cnc3c(NC(CC)CC)nc(NCCc4cn(C(C)C)cn4)nc32)[C@H](O)[C@@H]1O,8.08,IC50,IC50,8.3
CCCC(=O)N[C@H]1C[C@@H](n2cnc3c(NCC(c4ccccc4)c4ccccc4)nc(NCCc4cn(C(C)C)cn4)nc32)[C@H](O)[C@@H]1O,7.41,Ki,Ki,39.0
CCCC(=O)N[C@H]1C[C@@H](n2cnc3c(NCC(c4ccccc4)c4ccccc4)nc(NCCc4cn(C(C)C)cn4)nc32)[C@H](O)[C@@H]1O,6.8,IC50,IC50,160.0
CC(C)C(=O)N[C@H]1C[C@@H](n2cnc3c(NCC(c4ccccc4)c4ccccc4)nc(NCCc4cn(C(C)C)cn4)nc32)[C@H](O)[C@@H]1O,7.57,Ki,Ki,27.0
CC(C)C(=O)N[C@H]1C[C@@H](n2cnc3c(NCC(c4ccccc4)c4ccccc4)nc(NCCc4cn(C(C)C)cn4)nc32)[C@H](O)[C@@H]1O,7.17,IC50,IC50,67.0
CC(C)n1cnc(CCNc2nc(NCC(c3ccccc3)c3ccccc3)c3ncn([C@@H]4C[C@H](NC(=O)C(C)(C)C)[C@@H](O)[C@H]4O)c3n2)c1,6.42,Ki,Ki,382.0
CC(C)n1cnc(CCNc2nc(NCC(c3ccccc3)c3ccccc3)c3ncn([C@@H]4C[C@H](NC(=O)C(C)(C)C)[C@@H](O)[C@H]4O)c3n2)c1,6.27,IC50,IC50,542.0
CC(C)n1cnc(CCNc2nc(NCC(c3ccccc3)c3ccccc3)c3ncn([C@@H]4C[C@H](NC(=O)C5CC5)[C@@H](O)[C@H]4O)c3n2)c1,7.8,Ki,Ki,16.0
CC(C)n1cnc(CCNc2nc(NCC(c3ccccc3)c3ccccc3)c3ncn([C@@H]4C[C@H](NC(=O)C5CC5)[C@@H](O)[C@H]4O)c3n2)c1,7.22,IC50,IC50,60.0
CC(C)n1cnc(CCNc2nc(NCC(c3ccccc3)c3ccccc3)c3ncn([C@@H]4C[C@H](NC(=O)C5CCC5)[C@@H](O)[C@H]4O)c3n2)c1,8.1,Ki,Ki,7.9
CC(C)n1cnc(CCNc2nc(NCC(c3ccccc3)c3ccccc3)c3ncn([C@@H]4C[C@H](NC(=O)C5CCC5)[C@@H](O)[C@H]4O)c3n2)c1,7.4,IC50,IC50,40.0
CC(C)n1cnc(CCNc2nc(NCC(c3ccccc3)c3ccccc3)c3ncn([C@@H]4C[C@H](NC(=O)Cc5ccccc5)[C@@H](O)[C@H]4O)c3n2)c1,5.78,Ki,Ki,1666.0
CC(C)n1cnc(CCNc2nc(NCC(c3ccccc3)c3ccccc3)c3ncn([C@@H]4C[C@H](NC(=O)CCc5ccccc5)[C@@H](O)[C@H]4O)c3n2)c1,5.26,Ki,Ki,5472.0
CCC(=O)N[C@H]1C[C@@H](n2cnc3c(NCC(c4ccccc4)c4ccccc4)nc(NCCc4cn(CC(=O)O)cn4)nc32)[C@H](O)[C@@H]1O,7.01,Ki,Ki,97.0
CCc1cnn([C@H]2C[C@@H](n3cnc4c(NCC(c5ccccc5)c5ccccc5)nc(NCCc5cn(CC)cn5)nc43)[C@H](O)[C@@H]2O)c1,6.84,Ki,Ki,146.0
Cc1nnnn1[C@H]1C[C@@H](n2cnc3c(NCC(c4ccccc4)c4ccccc4)nc(NCCc4cn(C(C)C)cn4)nc32)[C@H](O)[C@@H]1O,7.42,Ki,Ki,38.0
Cc1nnnn1[C@H]1C[C@@H](n2cnc3c(NCC(c4ccccc4)c4ccccc4)nc(NCCc4cn(C(C)C)cn4)nc32)[C@H](O)[C@@H]1O,7.0,IC50,IC50,101.0
CCc1cnn([C@H]2C[C@@H](n3cnc4c(NCC(CC)CC)nc(NCCc5cn(CC)cn5)nc43)[C@H](O)[C@@H]2O)c1,7.47,Ki,Ki,34.0
CCc1cnn([C@H]2C[C@@H](n3cnc4c(NCC(CC)CC)nc(NCCc5cn(CC)cn5)nc43)[C@H](O)[C@@H]2O)c1,6.77,IC50,IC50,169.0
CCC(CC)CNc1nc(NCCc2cn(CC)cn2)nc2c1ncn2[C@@H]1C[C@H](n2cc(CO)cn2)[C@@H](O)[C@H]1O,8.27,Ki,Ki,5.4
CCC(CC)CNc1nc(NCCc2cn(CC)cn2)nc2c1ncn2[C@@H]1C[C@H](n2cc(CO)cn2)[C@@H](O)[C@H]1O,8.28,IC50,IC50,5.3
CCc1cn([C@H]2C[C@@H](n3cnc4c(NCC(CC)CC)nc(NCCc5cn(CC)cn5)nc43)[C@H](O)[C@@H]2O)nn1,7.32,Ki,Ki,48.0
COc1ccc(Cl)cc1Nc1nc(N)nc(-c2oc3ccccc3c2C)n1,7.5,Ki,Ki,0.032
N#Cc1c(N)nc2c(C(N)=O)c(Nc3ccccc3)sc2c1-c1ccccc1,6.2,Ki,Ki,0.63
N#Cc1c(N)nc2c(oc3ccccc32)c1-c1ccccc1,7.22,Ki,Ki,0.06
Nc1ccc(Cl)c2c1C(=O)c1ccccc1C2=O,6.6,Ki,Ki,0.25
Cn1c(=O)cc2c3c(c(N)ccc31)C(=O)c1ccccc1-2,6.19,Ki,Ki,0.64
Nc1ccc(N)c2c1C(=O)c1ccccc1C2=O,6.5,Ki,Ki,0.32
COc1ccc(N)c2c1C(=O)c1ccccc1C2=O,6.28,Ki,Ki,0.53
Nc1c(Sc2ccccc2)cc(Sc2ccccc2)c2c1C(=O)c1ccccc1C2=O,5.72,Ki,Ki,1.9
Nc1c(Oc2ccccc2)ccc2c1C(=O)c1ccccc1C2=O,6.0,Ki,Ki,1.0
Nc1cccc2c1C(=O)c1ccccc1C2=O,5.5,Ki,Ki,3.2
Nc1c(C(=O)Nc2ccccc2F)sc2nc3c(cc12)C(=O)CCC3,6.52,Ki,Ki,0.3
Nc1c(C(=O)Nc2nccs2)sc2nc3c(cc12)C(=O)CCC3,6.0,Ki,Ki,1.0
CCCc1ccc2c(N)c(C(=O)c3ccccc3)sc2n1,5.89,Ki,Ki,1.3
CN1CCc2nc3sc(C(=O)Nc4ccc(Cl)cc4)c(N)c3cc2C1,5.57,Ki,Ki,2.7
CCc1nc2sc(C(=O)c3cccc(Cl)c3)c(N)c2cc1C,5.04,Ki,Ki,9.1
Nc1c(C(=O)Nc2ccc([N+](=O)[O-])cc2)sc2nc3c(cc12)CCCC3,4.82,Ki,Ki,15.0
Nc1c(C(=O)Nc2ccc(Cl)cc2)sc2ncccc12,5.16,Ki,Ki,6.9
Cc1cccc(NC2=C(N)C(=O)c3ccccc3C2=O)c1,6.1,Ki,Ki,0.8
NC1=C(Nc2cccc(C(F)(F)F)c2)C(=O)c2ccccc2C1=O,6.25,Ki,Ki,0.56
CN1CCc2sc3nc(C(=O)Nc4ccc(F)cc4)c(N)cc3c2C1,5.66,Ki,Ki,2.2
Cc1ccc(Nc2nc(N)nc(CN3C(=O)NC4(CCCCC4)C3=O)n2)cc1,5.55,Ki,Ki,2.8
Cc1ccc(Nc2nc(N)nc(CSC(C)C(=O)NCc3ccccc3Cl)n2)cc1,5.22,Ki,Ki,6.0
COc1ccc(Nc2nc(N)nc(CSc3nnc(N)s3)n2)cc1,4.85,Ki,Ki,14.0
Cc1ccc(Nc2nc(N)nc(CSCCO)n2)cc1,4.77,Ki,Ki,17.0
Cc1ccc(Nc2nc(N)nc(CSC(C)C(=O)N3CCCCCC3)n2)cc1,4.48,Ki,Ki,33.0
Nc1nc(CSc2nnc(N)s2)nc(Nc2ccc(F)cc2)n1,4.89,Ki,Ki,13.0
Nc1c(C(=O)c2ccccc2)oc2ccc(Br)cc12,5.66,Ki,Ki,2.2
CC(=O)Oc1cccc(-c2nc(C(N)=O)c(N)o2)c1,4.44,Ki,Ki,36.0
Cc1ccc(N2C(=O)c3cccc(N)c3C2=O)cc1,5.54,Ki,Ki,2.9
COCCOC(=O)c1sc(N)c(C#N)c1C,4.77,Ki,Ki,17.0
CC(=O)c1snc(Nc2cc(Cl)ccc2F)c1N,4.39,Ki,Ki,41.0
COc1ccc(-n2ccnc2SCC(=O)c2c(N)n(C3CC3)c(=O)[nH]c2=O)cc1,4.6,Ki,Ki,25.0
N#CC1=C(NC(=O)CSc2ncc(C#N)c(N)n2)SC2CCCCC12,5.21,Ki,Ki,6.1
CNC(=O)[C@@]12C[C@@H]1[C@@H](n1cnc3c(NCc4cccc(Cl)c4)nc(C#CCCCCc4cn(-c5cccc([N+](=O)[O-])c5)nn4)nc31)[C@H](O)[C@@H]2O,5.17,Ki,Ki,6730.0
CNC(=O)[C@@]12C[C@@H]1[C@@H](n1cnc3c(NCc4cccc(Cl)c4)nc(C#CCCCCc4cn(CCNC(C)=O)nn4)nc31)[C@H](O)[C@@H]2O,5.61,Ki,Ki,2440.0
CNC(=O)[C@@]12C[C@@H]1[C@@H](n1cnc3c(NCc4cccc(Cl)c4)nc(C#CCCCCc4cn(CCCCN)nn4)nc31)[C@H](O)[C@@H]2O,5.79,Ki,Ki,1630.0
C#CCCCC#Cc1nc(NCc2cccc(Cl)c2)c2ncn([C@@H]3[C@H](O)[C@H](O)[C@]4(C(=O)NC)C[C@H]34)c2n1,5.36,Ki,Ki,4330.0
CNC(=O)[C@@]12C[C@@H]1[C@@H](n1cnc3c(NCc4cccc(Cl)c4)nc(C#CCCCCc4cn(CCCCNC(C)=O)nn4)nc31)[C@H](O)[C@@H]2O,5.14,Ki,Ki,7240.0
CNC(=O)[C@@]12C[C@@H]1[C@@H](n1cnc3c(NCc4cccc(Cl)c4)nc(C#CCCCCc4cn(C56CC7CC(CC(C7)C5)C6)nn4)nc31)[C@H](O)[C@@H]2O,5.48,Ki,Ki,3280.0
CNC(=O)[C@@]12C[C@@H]1[C@@H](n1cnc3c(NCc4cccc(Cl)c4)nc(C#CCCCCc4cn(C(Br)C(=O)c5ccccc5)nn4)nc31)[C@H](O)[C@@H]2O,5.24,Ki,Ki,5740.0
CCN1/C(=C\C=C\C=C\C2=[N+](CCCCCC(=O)NCCNC(=O)CCC#Cc3nc(NCc4cccc(Cl)c4)c4ncn([C@H]5[C@H](O)[C@H](O)[C@]6(C(=O)NC)C[C@H]56)c4n3)c3ccc(S(=O)(=O)[O-])cc3C2(C)C)C(C)(C)c2cc(S(=O)(=O)O)ccc21,5.33,Ki,Ki,4730.0
CNC(=O)[C@@]12C[C@@H]1[C@@H](n1cnc3c(NCc4cccc(Cl)c4)nc(C#CCCCCc4cn(-c5ccc(N)cc5)nn4)nc31)[C@H](O)[C@@H]2O,5.26,Ki,Ki,5490.0
C#CCCCCC#Cc1nc(NCc2cccc(Cl)c2)c2ncn([C@H]3[C@H](O)[C@H](O)[C@]4(C(=O)NC)C[C@H]34)c2n1,5.15,Ki,Ki,7040.0
CCn1c(=O)c2c(nc(Cc3c(F)cccc3F)n2C)n(Cc2cccs2)c1=O,6.75,Ki,pKi,6.75
CCn1c(=O)c2c(nc(Cc3ccco3)n2C)n(Cc2cccs2)c1=O,6.66,Ki,pKi,6.66
CCn1c(=O)c2c(nc(Cc3cccs3)n2C)n(Cc2cccs2)c1=O,6.91,Ki,pKi,6.91
CCn1c(=O)c2c(nc(Cc3ccco3)n2C)n(Cc2ccccc2)c1=O,5.76,Ki,pKi,5.76
CCn1c(=O)c2c(nc(Cc3cccs3)n2C)n(Cc2ccccc2)c1=O,6.12,Ki,pKi,6.12
CCn1c(=O)c2[nH]c(Cc3cccs3)nc2n(Cc2cccs2)c1=O,5.4,Ki,pKi,5.4
CCCn1c(=O)c2[nH]c(-c3ccccc3)nc2n(CCSCC)c1=O,5.84,Ki,pKi,5.84
OC1CCC(Nc2nc(-c3ccccc3)nc3[nH]ccc23)CC1,6.4,Ki,Ki,398.0
CCCn1c(=O)c2[nH]c(C34CCC(CCC(=O)O)(CC3)CC4)nc2n(CCC)c1=O,5.19,Ki,Ki,6410.0
O=C(c1ccccc1)c1sc(NCCc2cccs2)nc1-c1ccco1,7.92,Ki,Ki,12.0
Cn1c(=O)c2nc[nH]c2n(C)c1=O.O,5.17,Ki,Ki,6700.0
Cc1ccc(C(=O)c2sc(NC(=O)c3ccccc3)nc2-c2ccccc2)cc1,5.2,Ki,Ki,6250.0
O=C(Nc1nc(-c2ccccc2)c(C(=O)c2ccccc2)s1)c1ccco1,6.46,Ki,Ki,348.0
Cn1c(=O)c2nc[nH]c2n(C)c1=O.O,4.73,Ki,Ki,18.5
C=CCCCCCCCCCCOCCOCCOCCOCCOc1ccc(-c2nc3c([nH]2)c(=O)n(C)c(=O)n3C)cc1,7.0,Ki,Ki,100.4
Nc1nc2ccc(Cl)cc2c2nc(-c3ccco3)nn12,8.64,Ki,Ki,2.27
CC(=O)Nc1ccc(-c2ccncc2)c(-c2ccco2)n1,6.68,Ki,Ki,209.0
O=C(Nc1ccc(-c2ccncc2)c(-c2ccco2)n1)C1CC1,7.52,Ki,Ki,30.0
O=C(Nc1ccc(-c2ccncn2)c(-c2ccco2)n1)C1CC1,6.62,Ki,Ki,239.0
O=C(Nc1ccc(Br)c(-c2ccco2)n1)C1CC1,7.46,Ki,Ki,35.0
N#Cc1ccc(NC(=O)C2CC2)nc1-c1ccco1,7.92,Ki,Ki,12.0
O=C(Nc1ccc(C2N=NN=N2)c(-c2ccco2)n1)C1CC1,5.79,Ki,Ki,1638.0
O=C(Nc1ccc(-c2ccncc2Cl)c(-c2ccco2)n1)C1CC1,6.83,Ki,Ki,147.0
O=C(Nc1ccc(-c2ccncc2F)c(-c2ccco2)n1)C1CC1,6.82,Ki,Ki,150.0
Cc1ccc(-c2nc(NC(=O)C3CC3)ccc2-c2ccncc2)o1,7.96,Ki,Ki,11.0
O=C(Nc1ccc(-c2ccncc2)c(-c2nccs2)n1)C1CC1,6.52,Ki,Ki,302.0
O=C(Nc1ccc(-c2ccncc2)c(-c2cncs2)n1)C1CC1,6.09,Ki,Ki,813.0
O=C(Nc1ccc(-c2ccncc2)c(-c2ncco2)n1)C1CC1,5.87,Ki,Ki,1359.0
O=C(Nc1ccc(-c2ccncc2)c(-c2cnco2)n1)C1CC1,6.2,Ki,Ki,635.0
O=C(Nc1ccc(-c2ccncc2)c(-c2cocn2)n1)C1CC1,5.86,Ki,Ki,1373.0
O=C(Nc1ccc(-c2ccncc2)c(-n2cccn2)n1)C1CC1,5.84,Ki,Ki,1440.0
O=C(Nc1ccc(-c2ccncc2)c(-c2ccccc2F)n1)C1CC1,7.21,Ki,Ki,61.0
O=C(Nc1ccc(-c2ccncc2)c(-c2cccc(F)c2)n1)C1CC1,7.24,Ki,Ki,57.0
CC(=O)Nc1ccc(-c2ccncc2)c(-c2cccc(F)c2)n1,6.54,Ki,Ki,286.0
O=C(Nc1ccc(-c2ccncc2)c(-c2ccc(F)cc2)n1)C1CC1,7.41,Ki,Ki,39.0
O=C(Nc1ccc(-c2ccncc2)c(-c2ccccn2)n1)C1CC1,6.06,Ki,Ki,862.0
O=C(Nc1ccc(-c2ccncc2)c(-c2cccnc2)n1)C1CC1,5.83,Ki,Ki,1465.0
O=C(Nc1ccc(-c2ccncc2)c(-c2ccncc2)n1)C1CC1,6.79,Ki,Ki,163.0
O=c1[nH]c(=O)c2cc(-c3ccncn3)c(-c3ccco3)nc2[nH]1,6.74,Ki,Ki,181.0
c1coc(-c2nc3[nH]ccc3cc2-c2ccncn2)c1,6.21,Ki,Ki,619.0
O=c1[nH][nH]c2nc(-c3ccco3)c(-c3ccncn3)cc12,6.75,Ki,Ki,177.0
c1coc(-c2nc3[nH]cnc3cc2-c2ccncn2)c1,5.44,Ki,Ki,3605.0
c1coc(-c2nc3[nH]ncc3cc2-c2ccncn2)c1,5.78,Ki,Ki,1656.0
Nc1n[nH]c2nc(-c3ccco3)c(-c3ccncn3)cc12,6.07,Ki,Ki,858.0
Cn1c(=O)[nH]c2nc(-c3ccco3)c(-c3ccncn3)cc21,5.67,Ki,Ki,2126.0
O=c1[nH]c2cc(-c3ccncn3)c(-c3ccco3)nc2[nH]1,6.11,Ki,Ki,769.0
O=C(Nc1ccc(-c2ccncn2)c(-c2ccco2)n1)C1CC1,6.62,Ki,Ki,239.0
Cc1ccc(C(=O)c2ncnc3ccsc23)s1,5.17,IC50,IC50,6685.0
Cc1nc(C(=O)c2ccc(C)s2)c2sccc2n1,5.11,IC50,IC50,7847.0
CCc1nc(C(=O)c2ccc(C)s2)c2sccc2n1,5.41,IC50,IC50,3852.0
Cc1ccc(C(=O)c2nc(N)nc3ccsc23)s1,6.66,IC50,IC50,220.0
CCNc1nc(C(=O)c2ccc(C)s2)c2sccc2n1,6.9,IC50,IC50,126.0
Cc1ccc(C(=O)c2nc(NCc3ccccc3)nc3ccsc23)s1,5.15,IC50,IC50,7146.0
Cc1ccc(C(=O)c2nc(NC(C)c3ccccc3)nc3ccsc23)s1,5.97,IC50,IC50,1077.0
Cc1ccc(C(=O)c2nc(NCc3ccccn3)nc3ccsc23)s1,6.73,IC50,IC50,186.0
Cc1ccc(C(=O)c2nc(NCc3cccnc3)nc3ccsc23)s1,6.0,IC50,IC50,990.0
Cc1ccc(C(=O)c2nc(NCc3ccncn3)nc3ccsc23)s1,6.94,IC50,IC50,116.0
Cc1ccc(C(=O)c2nc(NC(=O)c3cccnc3)nc3ccsc23)s1,6.79,IC50,IC50,161.0
Cc1ccc(C(=O)c2nc(NCCc3ccccn3)nc3ccsc23)s1,6.46,IC50,IC50,351.0
Cc1ccc(C(=O)c2nc(NCCc3cccnc3)nc3ccsc23)s1,6.75,IC50,IC50,177.0
Cc1ccc(C(=O)c2nc(N(C)Cc3cccnc3)nc3ccsc23)s1,5.64,IC50,IC50,2271.0
Cc1ccc(C(=O)c2nc(NC(C)c3ccccn3)nc3ccsc23)s1,6.93,IC50,IC50,118.0
Cc1ccc(C(=O)c2nc(NC(C)c3cccnc3)nc3ccsc23)s1,7.0,IC50,IC50,99.0
O=C(c1ccc(Cl)s1)c1nc(NCc2cccnc2)nc2ccsc12,5.81,IC50,IC50,1541.0
Cc1ccc(C(=O)c2nc(NCc3cccnc3)nc3ccsc23)o1,5.9,IC50,IC50,1252.0
O=C(c1cccs1)c1nc(NCc2cccnc2)nc2ccsc12,7.29,IC50,IC50,51.0
O=C(c1ccsc1)c1nc(NCc2cccnc2)nc2ccsc12,6.39,IC50,IC50,405.0
O=C(c1nccs1)c1nc(NCc2cccnc2)nc2ccsc12,6.13,IC50,IC50,732.0
O=C(c1cncs1)c1nc(NCc2cccnc2)nc2ccsc12,5.77,IC50,IC50,1715.0
O=C(c1ccccc1)c1nc(NCc2cccnc2)nc2ccsc12,5.79,IC50,IC50,1619.0
Cc1ccc(C(=O)c2nc(NCc3cccnc3)nc3ccsc23)cc1,6.36,IC50,IC50,442.0
COc1ccc(C(=O)c2nc(NCc3cccnc3)nc3ccsc23)cc1,6.2,IC50,IC50,637.0
O=C(c1cccnc1)c1nc(NCc2cccnc2)nc2ccsc12,5.93,IC50,IC50,1168.0
O=C(c1ccncc1)c1nc(NCc2cccnc2)nc2ccsc12,5.71,IC50,IC50,1942.0
O=C(c1cccs1)c1nc(NCc2cccnc2)nc2cc(Cl)sc12,7.21,IC50,IC50,62.0
CNc1cc2nc(NCc3cccnc3)nc(C(=O)c3cccs3)c2s1,6.01,IC50,IC50,965.0
CCNc1cc2nc(NCc3cccnc3)nc(C(=O)c3cccs3)c2s1,5.61,IC50,IC50,2485.0
CN(C)c1cc2nc(NCc3cccnc3)nc(C(=O)c3cccs3)c2s1,5.85,IC50,IC50,1417.0
CNC(=O)c1nc(NCc2cccnc2)nc2ccsc12,5.15,IC50,IC50,7107.0
CCNC(=O)c1nc(NCc2cccnc2)nc2ccsc12,5.6,IC50,IC50,2516.0
CC(C)NC(=O)c1nc(NCc2cccnc2)nc2ccsc12,5.58,IC50,IC50,2610.0
O=C(NC1CC1)c1nc(NCc2cccnc2)nc2ccsc12,6.15,IC50,IC50,710.0
O=C(NC1CCCCC1)c1nc(NCc2cccnc2)nc2ccsc12,5.51,IC50,IC50,3093.0
O=C(c1nc(NCc2cccnc2)nc2ccsc12)N1CCCC1,5.21,IC50,IC50,6136.0
CC(Nc1nc(C(=O)N2CCCC2)c2sccc2n1)c1cccnc1,5.63,IC50,IC50,2347.0
C[C@@H](Nc1nc(C(=O)N2CCCC2)c2sccc2n1)c1cccnc1,5.17,IC50,IC50,6760.0
C[C@H](Nc1nc(C(=O)N2CCCC2)c2sccc2n1)c1cccnc1,6.33,IC50,IC50,468.0
CCn1c(=S)sc2c1ncn1nc(-c3ccco3)nc21,8.45,Ki,Ki,3.56
CCCn1c(=S)sc2c1ncn1nc(-c3ccco3)nc21,9.42,Ki,Ki,0.38
CCCCn1c(=S)sc2c1ncn1nc(-c3ccco3)nc21,9.92,Ki,Ki,0.12
C=CCn1c(=S)sc2c1ncn1nc(-c3ccco3)nc21,10.8,Ki,Ki,0.016
S=c1sc2c(ncn3nc(-c4ccco4)nc23)n1-c1ccccc1,8.96,Ki,Ki,1.1
Fc1ccc(-n2c(=S)sc3c2ncn2nc(-c4ccco4)nc32)cc1,8.7,Ki,Ki,2.02
S=c1sc2c(ncn3nc(-c4ccco4)nc23)n1-c1ccc(Cl)cc1,9.82,Ki,Ki,0.152
S=c1sc2c(ncn3nc(-c4ccco4)nc23)n1-c1cccc(Cl)c1,10.42,Ki,Ki,0.038
S=c1sc2c(ncn3nc(-c4ccco4)nc23)n1-c1ccccc1I,9.15,Ki,Ki,0.7
S=c1sc2c(ncn3nc(-c4ccco4)nc23)n1-c1ccc(I)cc1,9.24,Ki,Ki,0.57
Nc1nc2c(cnn2CCc2ccccc2)c2nc(-c3ccco3)nn12,8.91,Ki,Ki,1.23
Cn1cc2c(nc(N)n3nc(-c4ccccc4)nc23)n1,6.92,Ki,Ki,121.0
Cn1cc2c(nc(N)n3nc(-c4ccc(F)cc4)nc23)n1,6.45,Ki,Ki,355.0
Cn1cc2c(nc(N)n3nc(-c4ccc(Cl)cc4)nc23)n1,5.7,Ki,Ki,2020.0
Cn1cc2c(nc(N)n3nc(-c4ccc(Br)cc4)nc23)n1,5.82,Ki,Ki,1500.0
COc1ccc(-c2nc3c4cn(C)nc4nc(N)n3n2)cc1,5.92,Ki,Ki,1190.0
Cn1cc2c(nc(N)n3nc(-c4ccc([N+](=O)[O-])cc4)nc23)n1,5.01,Ki,Ki,9650.0
CCn1ncc2c1nc(N)n1nc(-c3ccc(Cl)cc3)nc21,7.08,Ki,Ki,83.8
CCn1cc2c(nc(N)n3nc(-c4ccc(Cl)cc4)nc23)n1,6.07,Ki,Ki,843.0
Nc1nc2nn(CCc3ccccc3)cc2c2nc(-c3ccccc3)nn12,6.71,Ki,Ki,196.0
Nc1nc2nn(CCc3ccccc3)cc2c2nc(-c3ccc(F)cc3)nn12,6.9,Ki,Ki,127.0
Nc1nc2c(cnn2CCc2ccccc2)c2nc(-c3ccc(Cl)cc3)nn12,5.22,Ki,Ki,5970.0
Nc1nc2nn(CCc3ccccc3)cc2c2nc(-c3ccc(Cl)cc3)nn12,5.66,Ki,Ki,2180.0
COc1ccc(-c2nc3c4cn(CCc5ccccc5)nc4nc(N)n3n2)cc1,5.85,Ki,Ki,1400.0
Cn1cc2c(nc(NC(=O)c3ccccc3)n3nc(-c4ccccc4)nc23)n1,6.49,Ki,Ki,324.0
O=C(Nc1nc2nn(CCc3ccccc3)cc2c2nc(-c3ccccc3)nn12)c1ccccc1,6.02,Ki,Ki,963.0
Cn1cc2c(nc(NC(=O)Cc3ccccc3)n3nc(-c4ccccc4)nc23)n1,6.11,Ki,Ki,778.0
Cn1cc2c(nc(NC(=O)Cc3ccccc3)n3nc(-c4ccc(F)cc4)nc23)n1,5.59,Ki,Ki,2540.0
Cn1cc2c(nc(NC(=O)Cc3ccccc3)n3nc(-c4ccc(Cl)cc4)nc23)n1,5.08,Ki,Ki,8320.0
Cn1cc2c(nc(NC(=O)Cc3ccccc3)n3nc(-c4ccc([N+](=O)[O-])cc4)nc23)n1,4.62,Ki,Ki,23900.0
CCNC(=O)[C@H]1O[C@@H](n2cnc3c(NCC(c4ccccc4)c4ccccc4)nc(CNC(=O)NCCN(C(C)C)C4CCCC4)nc32)[C@H](O)[C@@H]1O,8.22,IC50,IC50,6.0
O=C(NCCN1CCCCC1)c1nc(NCC(c2ccccc2)c2ccccc2)c2ncn([C@@H]3O[C@H](CO)[C@@H](O)[C@H]3O)c2n1,7.19,IC50,IC50,65.0
CCNC(=O)[C@H]1O[C@@H](n2cnc3c(NCC(c4ccccc4)c4ccccc4)nc(CNC(=O)NCCN4CCCCC4)nc32)[C@H](O)[C@@H]1O,7.77,IC50,IC50,17.0
CCNC(=O)[C@H]1O[C@@H](n2cnc3c(NCC(c4ccccc4)c4ccccc4)nc(C(=O)NCCNC(=O)NCCN4CCCCC4)nc32)[C@H](O)[C@@H]1O,8.3,IC50,IC50,5.0
O=C(NCCNC(=O)c1nc(NCC(c2ccccc2)c2ccccc2)c2ncn([C@@H]3O[C@H](CO)[C@@H](O)[C@H]3O)c2n1)NCCN1CCCCC1,7.35,IC50,IC50,45.0
CCNC(=O)[C@H]1O[C@@H](n2cnc3c(NCC(c4ccccc4)c4ccccc4)nc(C(=O)NCCNC(=O)NCCN(C(C)C)C4CCCC4)nc32)[C@H](O)[C@@H]1O,8.15,IC50,IC50,7.0
CCNC(=O)[C@H]1O[C@@H](n2cnc3c(NCC(c4ccccc4)c4ccccc4)nc(C(=O)NCCNC(=O)NCCN(C(C)C)C(C)C)nc32)[C@H](O)[C@@H]1O,8.3,IC50,IC50,5.0
CCNC(=O)[C@H]1O[C@@H](n2cnc3c(NCC(c4ccccc4)c4ccccc4)nc(C(=O)NCCNC(=O)NCCN4CCc5ccccc5C4)nc32)[C@H](O)[C@@H]1O,8.0,IC50,IC50,10.0
CCNC(=O)[C@H]1O[C@@H](n2cnc3c(NCC(c4ccccc4)c4ccccc4)nc(C(=O)NCCN(C)C(=O)NCCN4CCCCC4)nc32)[C@H](O)[C@@H]1O,6.52,IC50,IC50,305.0
CCNC(=O)[C@H]1O[C@@H](n2cnc3c(NCC(c4ccccc4)c4ccccc4)nc(C(=O)NCCNC(=O)NCCc4ccccc4)nc32)[C@H](O)[C@@H]1O,8.0,IC50,IC50,10.0
CCNC(=O)[C@H]1O[C@@H](n2cnc3c(NCC(c4ccccc4)c4ccccc4)nc(C(=O)NCCNC(=O)NCc4ccccc4)nc32)[C@H](O)[C@@H]1O,8.22,IC50,IC50,6.0
CCNC(=O)[C@H]1O[C@@H](n2cnc3c(NCC(c4ccccc4)c4ccccc4)nc(C(=O)NCCNC(=O)NCc4ccccn4)nc32)[C@H](O)[C@@H]1O,8.4,IC50,IC50,4.0
CCNC(=O)[C@H]1O[C@@H](n2cnc3c(NCC(c4ccccc4)c4ccccc4)nc(C(=O)NCCNC(=O)NCc4ccc(CN(CC)CC)cc4)nc32)[C@H](O)[C@@H]1O,8.3,IC50,IC50,5.0
CCNC(=O)[C@H]1O[C@@H](n2cnc3c(NCC(c4ccccc4)c4ccccc4)nc(C(=O)NCCNC(=O)NC4CCN(c5ccccn5)CC4)nc32)[C@H](O)[C@@H]1O,8.4,IC50,IC50,4.0
CCNC(=O)[C@H]1O[C@@H](n2cnc3c(NCC(c4ccccc4)c4ccccc4)nc(C(=O)NCCNC(=O)NCc4ccc(C(=O)O)cc4)nc32)[C@H](O)[C@@H]1O,9.4,IC50,IC50,0.4
Nc1nc(-c2ccccc2)c2c(n1)-c1cc(CNN3CCC(=O)CC3)ccc1C2=O,8.23,Ki,Ki,5.9
Nc1nc(-c2ccccc2)c2c(n1)-c1cc(CNN3CCOCC3)ccc1C2=O,9.0,Ki,Ki,1.0
Nc1nc(-c2ccccc2)c2c(n1)-c1cc(CNN3CCCC3)ccc1C2=O,8.39,Ki,Ki,4.1
Nc1nc(-c2ccc(F)cc2)c2c(n1)-c1cc(CNN3CCCC3)ccc1C2=O,7.89,Ki,Ki,12.8
CN(C)CCN(C)Cc1ccc2c(c1)-c1nc(N)nc(-c3ccccc3)c1C2=O,8.11,Ki,Ki,7.8
CN(C)CCN(C)C(=O)c1ccc2c(c1)-c1nc(N)nc(-c3ccccc3)c1C2=O,7.91,Ki,Ki,12.4
CCN(CC)CCN(C)C(=O)c1ccc2c(c1)-c1nc(N)nc(-c3ccccc3)c1C2=O,8.11,Ki,Ki,7.8
CCN(CC)CCNC(=O)c1ccc2c(c1)-c1nc(N)nc(-c3ccccc3)c1C2=O,7.87,Ki,Ki,13.5
Nc1nc(-c2ccccc2)c2c(n1)-c1cc(C(=O)NCCN3CCOCC3)ccc1C2=O,7.55,Ki,Ki,28.4
CN1CCC(N(C)C(=O)c2ccc3c(c2)-c2nc(N)nc(-c4ccccc4)c2C3=O)CC1,7.73,Ki,Ki,18.6
CC(C)N1CCC(NC(=O)c2ccc3c(c2)-c2nc(N)nc(-c4ccccc4)c2C3=O)CC1,7.78,Ki,Ki,16.8
Nc1nc(-c2ccccc2)c2c(n1)-c1cc(C(=O)N3CCNCC3)ccc1C2=O,7.49,Ki,Ki,32.5
CN1CCN(C(=O)c2ccc3c(c2)-c2nc(N)nc(-c4ccccc4)c2C3=O)CC1,8.09,Ki,Ki,8.2
CN1CCN(C(=O)c2ccc3c(c2)-c2nc(N)nc(-c4ccc(F)cc4)c2C3=O)CC1,7.96,Ki,Ki,11.1
CCN1CCN(C(=O)c2ccc3c(c2)-c2nc(N)nc(-c4ccccc4)c2C3=O)CC1,7.83,Ki,Ki,14.9
CCN1CCN(C(=O)c2ccc3c(c2)-c2nc(N)nc(-c4ccc(F)cc4)c2C3=O)CC1,7.49,Ki,Ki,32.1
CC(C)N1CCN(C(=O)c2ccc3c(c2)-c2nc(N)nc(-c4ccccc4)c2C3=O)CC1,7.68,Ki,Ki,20.7
CN(C)CCOc1ccc2c(c1)-c1nc(N)nc(-c3ccccc3)c1C2=O,7.76,Ki,Ki,17.3
CN(C)CCOc1ccc2c(c1)-c1nc(N)nc(-c3ccc(F)cc3)c1C2=O,7.43,Ki,Ki,37.3
CCN(CC)CCOc1ccc2c(c1)-c1nc(N)nc(-c3ccccc3)c1C2=O,8.1,Ki,Ki,7.9
CCN(CC)CCOc1ccc2c(c1)-c1nc(N)nc(-c3ccc(F)cc3)c1C2=O,7.3,Ki,Ki,50.6
CC(C)N(CCOc1ccc2c(c1)-c1nc(N)nc(-c3ccccc3)c1C2=O)C(C)C,7.86,Ki,Ki,13.7
Nc1nc(-c2ccccc2)c2c(n1)-c1cc(OCCN3CCCCC3)ccc1C2=O,7.45,Ki,Ki,35.3
Nc1nc(-c2ccccc2)c2c(n1)-c1cc(OCCN3CCOCC3)ccc1C2=O,8.19,Ki,Ki,6.5
Nc1nc(-c2ccc(F)cc2)c2c(n1)-c1cc(OCCN3CCOCC3)ccc1C2=O,7.74,Ki,Ki,18.1
Nc1nc(-c2ccccc2)c2c(n1)-c1cc(OCCN3CCCC3)ccc1C2=O,7.71,Ki,Ki,19.3
Nc1nc(-c2ccc(F)cc2)c2c(n1)-c1cc(OCCN3C4CCC3CC4)ccc1C2=O,7.46,Ki,Ki,35.1
CN(C)CCN(C)c1ccc2c(c1)-c1nc(N)nc(-c3ccccc3)c1C2=O,8.33,Ki,Ki,4.7
Nc1nc(-c2ccccc2)c2c(n1)-c1cc(NCCc3ccncc3)ccc1C2=O,9.05,Ki,Ki,0.9
Nc1nc(-c2ccccc2)c2c(n1)-c1cc(NCCc3ccccn3)ccc1C2=O,9.05,Ki,Ki,0.9
Nc1nc(-c2ccccc2)c2c(n1)-c1cc(NCCN3CCOCC3)ccc1C2=O,8.36,Ki,Ki,4.4
Nc1nc(-c2ccccc2)c2c(n1)-c1cc(NCCN3CCS(=O)(=O)CC3)ccc1C2=O,8.51,Ki,Ki,3.1
CCN1CCC(Nc2ccc3c(c2)-c2nc(N)nc(-c4ccccc4)c2C3=O)CC1,7.9,Ki,Ki,12.5
CCN1CCC(N(C)c2ccc3c(c2)-c2nc(N)nc(-c4ccccc4)c2C3=O)CC1,8.31,Ki,Ki,4.9
Nc1nc(-c2ccccc2)c2c(n1)-c1cc(N3CCOCC3)ccc1C2=O,8.54,Ki,Ki,2.9
CN1CCN(c2ccc3c(c2)-c2nc(N)nc(-c4ccccc4)c2C3=O)CC1,8.57,Ki,Ki,2.7
CCN1CCN(c2ccc3c(c2)-c2nc(N)nc(-c4ccccc4)c2C3=O)CC1,7.94,Ki,Ki,11.4
Nc1nc(-c2ccccc2)c2c(n1)-c1cc(N3CCN(CC4CC4)CC3)ccc1C2=O,7.63,Ki,Ki,23.2
CN1CCCN(c2ccc3c(c2)-c2nc(N)nc(-c4ccccc4)c2C3=O)CC1,8.0,Ki,Ki,10.0
CC(C)N(CCOc1ccc2c(c1)-c1nc(N)nc(-c3ccc(F)cc3)c1C2=O)C(C)C,7.12,Ki,Ki,76.6
Nc1nc(-c2ccc(F)cc2)c2c(n1)-c1cc(OCCN3CCCC3)ccc1C2=O,6.93,Ki,Ki,117.0
Nc1nc(-c2ccco2)c2c(n1)-c1ccccc1C2=O,10.0,Ki,Ki,0.1
Nc1nc(-c2ccc(Cl)o2)c2c(n1)-c1ccccc1C2=O,9.7,Ki,Ki,0.2
CN(C)CCN(C)c1ccc(-c2nc(N)nc3c2C(=O)c2ccccc2-3)o1,7.98,Ki,Ki,10.5
Nc1nc(-c2cccs2)c2c(n1)-c1ccccc1C2=O,9.22,Ki,Ki,0.6
Nc1nc(-c2nccs2)c2c(n1)-c1ccccc1C2=O,9.3,Ki,Ki,0.5
Nc1nc(-c2ccncc2)c2c(n1)-c1ccccc1C2=O,8.34,Ki,Ki,4.6
Nc1nc(-c2ccccc2)c2c(n1)-c1ccccc1C2=O,10.0,Ki,Ki,0.1
Nc1nc(-c2ccc(Cl)cc2)c2c(n1)-c1ccccc1C2=O,8.26,Ki,Ki,5.5
COc1cccc(-c2nc(N)nc3c2C(=O)c2ccccc2-3)c1,8.8,Ki,Ki,1.6
COc1ccccc1-c1nc(N)nc2c1C(=O)c1ccccc1-2,7.49,Ki,Ki,32.5
CN(C)CCN(C)Cc1cccc2c1-c1nc(N)nc(-c3ccccc3)c1C2=O,7.4,Ki,Ki,40.1
CCN(CC)Cc1cccc2c1-c1nc(N)nc(-c3ccccc3)c1C2=O,7.74,Ki,Ki,18.3
Nc1nc(-c2ccccc2)c2c(n1)-c1c(CN3CCCCC3)cccc1C2=O,7.84,Ki,Ki,14.3
CN1CCN(Cc2cccc3c2-c2nc(N)nc(-c4ccccc4)c2C3=O)CC1,7.95,Ki,Ki,11.3
CC(=O)N1CCN(Cc2cccc3c2-c2nc(N)nc(-c4ccccc4)c2C3=O)CC1,8.1,Ki,Ki,7.9
Nc1nc(-c2ccccc2)c2c(n1)-c1c(CN3CCCCCC3)cccc1C2=O,8.07,Ki,Ki,8.6
Nc1nc(-c2ccccc2)c2c(n1)-c1c(CN3CCOCC3)cccc1C2=O,8.48,Ki,Ki,3.3
Nc1nc(-c2ccc(F)cc2)c2c(n1)-c1c(CN3CCOCC3)cccc1C2=O,8.42,Ki,Ki,3.8
N#Cc1cccc(-c2nc(N)nc3c2C(=O)c2cccc(CN4CCOCC4)c2-3)c1,8.27,Ki,Ki,5.4
Nc1nc(-c2ccccc2)c2c(n1)-c1c(CN3CCCC3)cccc1C2=O,8.6,Ki,Ki,2.5
Nc1nc(-c2ccc(F)cc2)c2c(n1)-c1c(CN3CCCC3)cccc1C2=O,8.44,Ki,Ki,3.6
CC1CCC(C)N1Cc1cccc2c1-c1nc(N)nc(-c3ccccc3)c1C2=O,7.95,Ki,Ki,11.3
Nc1nc(-c2ccccc2)c2c(n1)-c1cc(CNCc3ccco3)ccc1C2=O,8.28,Ki,Ki,5.3
Nc1nc(-c2ccccc2)c2c(n1)-c1cc(CNCc3ccccn3)ccc1C2=O,8.27,Ki,Ki,5.4
Nc1nc(-c2ccccc2)c2c(n1)-c1cc(CNN3CCCCC3)ccc1C2=O,8.52,Ki,Ki,3.0
Nc1nc(-c2ccc(F)cc2)c2c(n1)-c1cc(CNN3CCCCC3)ccc1C2=O,8.0,Ki,Ki,9.9
CN1CCN(NCc2ccc3c(c2)-c2nc(N)nc(-c4ccccc4)c2C3=O)CC1,8.03,Ki,Ki,9.3
CN1CCN(NCc2ccc3c(c2)-c2nc(N)nc(-c4ccc(F)cc4)c2C3=O)CC1,7.53,Ki,Ki,29.8
Nc1nc(-c2ccccc2)c2c(n1)-c1cc(CNN3CCCCCC3)ccc1C2=O,7.89,Ki,Ki,12.9
Cc1cc(C)nc(NC(=N)NCCc2c[nH]c3ccc(F)cc23)n1,6.7,Ki,Ki,0.2
Cc1cc(C)nc(NC(=N)NCCc2c[nH]c3ccccc23)n1,6.4,Ki,Ki,0.4
Cc1cc(C)nc(NC(=N)NCCc2ccsc2)n1,6.4,Ki,Ki,0.4
COc1ccc(CCNC(=N)Nc2nc(C)cc(C)n2)cc1,6.05,Ki,Ki,0.9
Cc1cccc(Nc2nc3c([nH]2)c(=O)n(C)c(=O)n3C)c1,5.92,Ki,Ki,1.2
Cc1ccc2nc(Nc3nc(C)cc(C)n3)[nH]c2c1,5.89,Ki,Ki,1.3
COc1ccc2c(c1)oc1c(-c3ccncc3)c(C#N)c(N)c(C#N)c12,5.57,Ki,Ki,2.7
N=C(NCCc1c[nH]c2ccccc12)Nc1ncccn1,5.23,Ki,Ki,5.9
CNc1ccccc1C(=O)/N=C(\N)Nc1nc(C)c2ccccc2n1,5.06,Ki,Ki,8.8
COc1ccc(-c2cc(=O)[nH]c(Nc3ccccc3)n2)cc1OC,5.44,Ki,Ki,3.6
Cc1cccc(O[C@H](C)C(=O)Nc2nc(-c3ccccc3)n[nH]2)c1,6.7,Ki,Ki,0.2
COc1ccc2c(CCNC(=N)Nc3nc(C)cc(C)n3)c[nH]c2c1,6.22,Ki,Ki,0.6
Nc1nc(-c2ccccc2)nc2nn(Cc3ccccc3)cc12,6.92,Ki,Ki,121.1
O=C(Nc1nc(-c2ccccc2)nc2nn(Cc3ccccc3)cc12)c1ccccc1,6.74,Ki,Ki,180.6
O=C(Nc1ccccc1)Nc1nc(-c2ccccc2)nc2nn(CCc3ccccc3)cc12,7.02,Ki,Ki,96.0
O=C(Nc1nc(-c2ccccc2)nc2nn(CCc3ccccc3)cc12)c1ccccc1,6.64,Ki,Ki,227.0
O=C(Nc1nc(-c2ccccc2)nc2nn(CCc3ccccc3)cc12)c1cccc(Cl)c1,6.5,Ki,Ki,314.0
Cn1cc2c(NC(=O)c3cccc(Cl)c3)nc(-c3ccccc3)nc2n1,6.05,Ki,Ki,886.0
Cn1cc2c(NC(=O)c3ccccc3)nc(-c3ccccc3)nc2n1,6.14,Ki,Ki,728.1
COc1ccc(C(=O)Nc2nc(-c3ccccc3)nc3nn(CCc4ccccc4)cc23)cc1,5.95,Ki,Ki,1136.0
Nc1nc(-c2ccccc2)nc2nn(CCc3ccccc3)cc12,6.0,Ki,Ki,1000.0
COc1ccc(C(=O)Nc2nc(-c3ccccc3)nc3nn(C)cc23)cc1,5.5,Ki,Ki,3179.0
O=C(Nc1ncnc2nn(Cc3ccccc3)cc12)c1cccc(Cl)c1,5.31,Ki,Ki,4900.0
CCNC(=O)[C@H]1O[C@@H](n2cnc3c(N)ncnc32)[C@H](O)[C@@H]1O,7.7,Ki,Ki,20.0
CCCn1c(=O)c2[nH]c(C3CCCC3)nc2n(CCC)c1=O,6.89,Ki,Ki,130.0
CNC(=O)OC[C@H]1O[C@@H](n2cnc3c(NCc4cccc(I)c4)nc(Cl)nc32)[C@H](O)[C@@H]1O,5.68,Ki,Ki,2100.0
Cc1ccc(-c2nc(C(=O)Nc3ccccn3)c3n2CCCCC3)cc1,5.6,Ki,pKi,5.6
Cc1ccc(-c2nc(C(=O)Nc3ccccn3)c3n2CCCCC3)cc1,5.1,Ki,pKi,5.1
CCCn1c(=O)[nH]c2cc(-c3ccc(OCC(=O)Nc4ccc(F)cc4)cc3)[nH]c2c1=O,5.19,Ki,pKi,5.19
COc1cc(OCc2nc(-c3ccc(Br)cc3)no2)ccc1-c1cc2c([nH]1)c(=O)n(C)c(=O)n2C,6.15,Ki,pKi,6.15
COc1ccc(NC(C)=O)c2sc(NC(=O)c3ccc(F)cc3)nc12,6.6,Ki,Ki,250.0
COc1ccc(N(C)C(C)=O)c2sc(NC(=O)c3ccc(F)cc3)nc12,7.41,Ki,Ki,39.0
CCN(C(C)=O)c1ccc(OC)c2nc(NC(=O)c3ccc(F)cc3)sc12,7.66,Ki,Ki,22.0
COc1ccc(N(CC(C)C)C(C)=O)c2sc(NC(=O)c3ccc(F)cc3)nc12,8.52,Ki,Ki,3.0
COc1ccc(N(CC(F)(F)F)C(C)=O)c2sc(NC(=O)c3ccc(F)cc3)nc12,7.46,Ki,Ki,35.0
COc1ccc(N(C(C)=O)C(F)F)c2sc(NC(=O)c3ccc(F)cc3)nc12,7.21,Ki,Ki,61.0
COc1ccc(N(CCO)C(C)=O)c2sc(NC(=O)c3ccc(F)cc3)nc12,7.01,Ki,Ki,98.0
COc1ccc(N(CCCO)C(C)=O)c2sc(NC(=O)c3ccc(F)cc3)nc12,7.54,Ki,Ki,29.0
COCCN(C(C)=O)c1ccc(OC)c2nc(NC(=O)c3ccc(F)cc3)sc12,7.42,Ki,Ki,38.0
COC(=O)CN(C(C)=O)c1ccc(OC)c2nc(NC(=O)c3ccc(F)cc3)sc12,8.3,Ki,Ki,5.0
COc1ccc(N(CC(=O)O)C(C)=O)c2sc(NC(=O)c3ccc(F)cc3)nc12,5.66,Ki,Ki,2200.0
COc1ccc(N(CC(N)=O)C(C)=O)c2sc(NC(=O)c3ccc(F)cc3)nc12,6.8,Ki,Ki,160.0
CNC(=O)CN(C(C)=O)c1ccc(OC)c2nc(NC(=O)c3ccc(F)cc3)sc12,6.48,Ki,Ki,330.0
COc1ccc(N(CC(=O)N(C)C)C(C)=O)c2sc(NC(=O)c3ccc(F)cc3)nc12,6.32,Ki,Ki,480.0
CCN(C(C)=O)c1ccc(Cl)c2nc(NC(=O)c3ccc(F)cc3)sc12,7.82,Ki,Ki,15.0
CCN(C(C)=O)c1ccc(OC)c2nc(NC(=O)c3ccc(S(C)(=O)=O)cc3)sc12,7.04,Ki,Ki,92.0
CCN(C(C)=O)c1ccc(OC)c2nc(NC(=O)c3ccc(C#N)cc3)sc12,7.3,Ki,Ki,50.0
CCN(C(C)=O)c1ccc(OC)c2nc(NC(=O)c3ccc(C(=O)OC)cc3)sc12,6.77,Ki,Ki,170.0
CCN(C(C)=O)c1ccc(OC)c2nc(NC(=O)c3ccc(NS(C)(=O)=O)cc3)sc12,7.34,Ki,Ki,46.0
CCN(C(C)=O)c1ccc(OC)c2nc(NC(=O)c3ccc(CN(C)S(C)(=O)=O)cc3)sc12,7.15,Ki,Ki,71.0
CCN(C(C)=O)c1ccc(OC)c2nc(NC(=O)c3ccc(CN4CCCC4=O)cc3)sc12,7.57,Ki,Ki,27.0
CCN(C(C)=O)c1ccc(OC)c2nc(NC(=O)c3ccc(-n4ccnc4)cc3)sc12,7.11,Ki,Ki,77.0
CCN(C(C)=O)c1ccc(OC)c2nc(NC(=O)c3ccc(-n4cnnn4)cc3)sc12,7.1,Ki,Ki,80.0
CCN(C(C)=O)c1ccc(OC)c2nc(NC(=O)c3ccc(-n4cccn4)cc3)sc12,7.18,Ki,Ki,66.0
CCN(C(C)=O)c1ccc(OC)c2nc(NC(=O)c3ccc(C(=O)N4CCCCC4)cc3)sc12,7.0,Ki,Ki,100.0
CCN(C(C)=O)c1ccc(OC)c2nc(NC(=O)c3ccc(C(=O)N4CCOCC4)cc3)sc12,7.12,Ki,Ki,76.0
CCN(C(C)=O)c1ccc(OC)c2nc(NC(=O)c3ccc(C(=O)N(C)CCOC)cc3)sc12,7.58,Ki,Ki,26.0
CCN(C(C)=O)c1ccc(OC)c2nc(NC(=O)c3ccc(C(=O)N4CCN(C)CC4)cc3)sc12,7.05,Ki,Ki,89.0
CCN(C(C)=O)c1ccc(OC)c2nc(NC(=O)c3ccc(C(=O)NC)cc3)sc12,7.08,Ki,Ki,84.0
CCN(C(C)=O)c1ccc(OC)c2nc(NC(=O)c3ccc(C(=O)N4CCCC4)cc3)sc12,7.17,Ki,Ki,68.0
CCN(C(C)=O)c1ccc(OC)c2nc(NC(=O)c3ccnn3C)sc12,7.29,Ki,Ki,51.0
CCN(C(C)=O)c1ccc(OC)c2nc(NC(=O)c3cc[nH]c3)sc12,7.75,Ki,Ki,18.0
CCN(C(C)=O)c1ccc(OC)c2nc(NC(=O)c3cnn(C)c3)sc12,7.39,Ki,Ki,41.0
CCN(C(C)=O)c1ccc(OC)c2nc(NC(=O)c3cnn(Cc4cccc(C(F)(F)F)c4)c3)sc12,8.52,Ki,Ki,3.0
CCN(C(C)=O)c1ccc(OC)c2nc(NC(=O)c3cnn(Cc4cccc(F)c4)c3)sc12,8.52,Ki,Ki,3.0
CC(=O)NCCNc1nc(-c2ccccc2)nc2[nH]c(C(=O)N3CCN(CCCc4ccccc4)CC3)cc12,6.48,Ki,Ki,328.0
CCCn1c(=O)[nH]c2nc(-c3ccc(S(=O)(=O)N4CCN(Cc5ccccc5)CC4)cc3)[nH]c2c1=O,6.32,Ki,Ki,484.0
CCCn1c(=O)[nH]c2[nH]c(-c3ccc(S(=O)(=O)NCc4ccccc4)cc3)nc2c1=O,6.79,Ki,Ki,162.0
CCCn1c(=O)c2nc(-c3ccc(OCC(=O)Nc4ccc(C(C)=O)cc4)cc3)[nH]c2n(CCC)c1=O,6.95,Ki,Ki,112.0
CCCn1c(=O)c2nc(-c3ccc(OCC(=O)N(Cc4ccccc4)Cc4ccccc4)cc3)[nH]c2n(CCC)c1=O,6.19,Ki,Ki,642.0
CCCn1c(=O)c2[nH]c(-c3ccc(OCC(=O)Nc4ccc(C#N)cc4)cc3)nc2n(CCC)c1=O,6.3,Ki,Ki,503.0
CCCn1c(=O)c2nc(-c3ccc(OCC(=O)Nc4ccc(I)cc4)cc3)[nH]c2n(CCC)c1=O,5.29,Ki,Ki,5140.0
CCn1c(=O)n(CC2CC2)c(=O)c2[nH]c(-c3cnn(Cc4cccc(C(F)(F)F)c4)c3)nc21,6.57,Ki,Ki,272.0
CCCn1c(=O)c2[nH]c(-c3cn[nH]c3)nc2n(CC)c1=O,6.3,Ki,Ki,496.0
CCCn1c(=O)c2[nH]c(-c3cnn(Cc4cccc(C(F)(F)F)c4)c3)nc2n(C)c1=O,6.35,Ki,Ki,450.0
CCCn1c(=O)c2[nH]c(-c3cnn(-c4cccnc4)c3)nc2n(CC)c1=O,6.51,Ki,Ki,312.0
CCCn1c(=O)c2nc(-c3cnn(Cc4cc(C(F)(F)F)ccc4Cl)c3)[nH]c2n(CCC)c1=O,5.85,Ki,Ki,1400.0
Nc1nc(-c2ncco2)c2nnn(Cc3ccccc3F)c2n1,7.39,Ki,Ki,41.0
Nc1nc(-n2cncn2)c2nnn(Cc3ccccc3F)c2n1,6.4,Ki,Ki,400.0
N#Cc1ccc(Cn2nnc3c(-c4ccco4)nc(N)nc32)cc1,7.14,Ki,Ki,73.0
Nc1nc(-c2ccco2)c2nnn(Cc3cccc(C(=O)O)c3)c2n1,6.08,Ki,Ki,832.0
CC(C)Cn1c(Br)nc2c(N)ncnc21,5.22,Ki,Ki,6000.0
Nc1ncnc2c1nc(Br)n2CCO,6.21,Ki,Ki,620.0
CCn1c(=O)c2c(nc(/C=C/c3ccc(OC)c(OC)c3)n2C)n(CC)c1=O,7.14,Ki,Ki,72.0
COCCOc1ccc(N2CCN(CCn3ncc4c3nc(N)n3nc(-c5ccco5)nc43)CC2)cc1,8.3,Ki,Ki,5.0
CCOC(=O)c1sc(NC(=O)c2ccco2)nc1-c1ccccc1,7.89,Ki,Ki,13.0
CCCC(=O)c1sc(NC(=O)c2ccco2)nc1-c1ccccc1,7.21,Ki,Ki,62.0
CCOCc1sc(NC(=O)c2ccco2)nc1-c1ccccc1,6.72,Ki,Ki,190.0
Cc1nc(-c2sc(NC(=O)c3ccco3)nc2-c2ccccc2)no1,6.16,Ki,Ki,700.0
CC(=O)Nc1nc(-c2ccccc2)c(-c2noc(C)n2)s1,6.72,Ki,Ki,190.0
Cc1nc(-c2sc(NC(=O)C3CC3)nc2-c2ccccc2)no1,7.55,Ki,Ki,28.0
Cc1nc(-c2sc(NC(=O)CC(C)C)nc2-c2ccccc2)no1,7.48,Ki,Ki,33.0
Cc1nc(-c2sc(NC(=O)c3ccccc3)nc2-c2ccccc2)no1,7.08,Ki,Ki,83.0
Cc1nc(-c2sc(NC(=O)Cc3ccccc3)nc2-c2ccccc2)no1,7.6,Ki,Ki,25.0
O=C(Nc1nc(-c2ccccc2)c(-c2ncon2)s1)c1ccco1,6.39,Ki,Ki,410.0
O=C(Nc1nc(-c2ccccc2)c(-c2ncon2)s1)C1CC1,6.92,Ki,Ki,120.0
CC(C)CC(=O)Nc1nc(-c2ccccc2)c(-c2ncon2)s1,6.47,Ki,Ki,340.0
O=C(Nc1nc(-c2ccccc2)c(-c2ncon2)s1)c1ccccc1,6.48,Ki,Ki,330.0
O=C(Cc1ccccc1)Nc1nc(-c2ccccc2)c(-c2ncon2)s1,6.15,Ki,Ki,710.0
Cc1noc(-c2sc(NC(=O)c3ccco3)nc2-c2ccccc2)n1,6.7,Ki,Ki,200.0
CC(=O)Nc1nc(-c2ccccc2)c(-c2nc(C)no2)s1,6.96,Ki,Ki,110.0
Cc1noc(-c2sc(NC(=O)C3CC3)nc2-c2ccccc2)n1,7.92,Ki,Ki,12.0
Cc1noc(-c2sc(NC(=O)CC(C)C)nc2-c2ccccc2)n1,7.32,Ki,Ki,48.0
Cc1noc(-c2sc(NC(=O)c3ccccc3)nc2-c2ccccc2)n1,6.72,Ki,Ki,190.0
Cc1noc(-c2sc(NC(=O)Cc3ccccc3)nc2-c2ccccc2)n1,7.24,Ki,Ki,57.0
CCn1nnc(-c2sc(NC(=O)c3ccco3)nc2-c2ccccc2)n1,7.03,Ki,Ki,94.0
CCn1nnc(-c2sc(NC(=O)C3CC3)nc2-c2ccccc2)n1,7.11,Ki,Ki,77.0
CCn1nnc(-c2sc(NC(=O)c3ccccc3)nc2-c2ccccc2)n1,6.66,Ki,Ki,220.0
CCn1nnc(-c2sc(NC(=O)Cc3ccccc3)nc2-c2ccccc2)n1,6.34,Ki,Ki,460.0
CCn1nnc(-c2sc(NC(=O)Cc3ccc(OC)c(OC)c3)nc2-c2ccccc2)n1,7.35,Ki,Ki,45.0
N#Cc1sc(NC(=O)c2ccco2)nc1-c1ccccc1,6.54,Ki,Ki,290.0
O[C@@H]1[C@H](O)CS[C@H]1n1cnc2c(NCc3cccc(I)c3)nc(Cl)nc21,6.47,Ki,Ki,341.0
COc1ccc(Nc2c(-c3ccc4nccnc4c3)c(C)nn2-c2ccccc2)c(C(=O)O)c1,5.26,IC50,IC50,5.5
COc1ccc(CCCn2ncc3c2nc(N)n2nc(-c4ccco4)nc32)cc1,8.39,Ki,Ki,4.1
Nc1nc2c(cnn2CCCc2ccc(O)cc2)c2nc(-c3ccco3)nn12,7.32,Ki,Ki,48.3
CCOc1ccc(CCCn2ncc3c2nc(N)n2nc(-c4ccco4)nc32)cc1,7.36,Ki,Ki,43.9
Nc1nc2c(cnn2CCCc2ccc(OCCF)cc2)c2nc(-c3ccco3)nn12,7.91,Ki,Ki,12.4
CCCOc1ccc(CCCn2ncc3c2nc(N)n2nc(-c4ccco4)nc32)cc1,7.93,Ki,Ki,11.7
CC(C)Oc1ccc(CCCn2ncc3c2nc(N)n2nc(-c4ccco4)nc32)cc1,7.88,Ki,Ki,13.3
CCC(C)Oc1ccc(CCCn2ncc3c2nc(N)n2nc(-c4ccco4)nc32)cc1,7.66,Ki,Ki,22.1
C=CCOc1ccc(CCCn2ncc3c2nc(N)n2nc(-c4ccco4)nc32)cc1,8.05,Ki,Ki,9.0
C=CCCOc1ccc(CCCn2ncc3c2nc(N)n2nc(-c4ccco4)nc32)cc1,7.84,Ki,Ki,14.4
Nc1nc2c(cnn2CCCc2ccc(O/C=C/c3ccccc3)cc2)c2nc(-c3ccco3)nn12,6.51,Ki,Ki,308.0
Nc1nc2c(cnn2CCCc2ccc(OCCc3ccccc3)cc2)c2nc(-c3ccco3)nn12,7.1,Ki,Ki,78.9
Nc1nc2c(cnn2CCCc2ccc(OCCO)cc2)c2nc(-c3ccco3)nn12,7.62,Ki,Ki,23.9
CS(=O)(=O)OCCOc1ccc(CCCn2ncc3c2nc(N)n2nc(-c4ccco4)nc32)cc1,7.34,Ki,Ki,45.7
COCCCn1c(NC(=O)c2cccc(C#N)c2)nc2cc(C(=O)NCc3cccc(OC)c3)ccc21,7.34,Ki,Ki,46.0
COCCCn1c(N)nc2cc(C(=O)NCc3cccc(OC)c3)ccc21,5.17,Ki,Ki,6770.0
COCCCn1c(NC(=O)c2cccc(F)c2)nc2cc(C(=O)NCc3cccc(OC)c3)ccc21,6.68,Ki,Ki,210.0
COCCCn1c(NC(=O)c2cccc(Cl)c2)nc2cc(C(=O)NCc3cccc(OC)c3)ccc21,6.36,Ki,Ki,439.0
COCCCn1c(NC(=O)c2cccc(OC)c2)nc2cc(C(=O)NCc3cccc(OC)c3)ccc21,5.62,Ki,Ki,2380.0
COCCCn1c(NC(=O)c2ccccc2Cl)nc2cc(C(=O)NCc3cccc(OC)c3)ccc21,5.33,Ki,Ki,4710.0
COCCCn1c(NC(=O)c2ccc(C#N)cc2)nc2cc(C(=O)NCc3cccc(OC)c3)ccc21,5.78,Ki,Ki,1670.0
CCCCNC(=O)c1ccc2c(c1)nc(NC(=O)c1cccc(C#N)c1)n2CCCOC,7.32,Ki,Ki,48.0
CCCCNC(=O)c1cnc2c(c1)nc(NC(=O)c1cccc(C#N)c1)n2CCCOC,7.4,Ki,Ki,40.0
COCCCn1c(NC(=O)c2cccc(C#N)c2)nc2cc(C(=O)N3CCCCC3)ccc21,7.32,Ki,Ki,48.0
COCCCn1c(NC(=O)c2cccc(C#N)c2)nc2cc(C(=O)N3CCCCC3)cnc21,8.02,Ki,Ki,9.6
COCCCn1c(NC(=O)c2cccc(C#N)c2)nc2cc(C(N)=O)cnc21,5.61,Ki,Ki,2430.0
COCCCn1c(NC(=O)c2cccc(C#N)c2)nc2cc(C(=O)N(C)C)cnc21,6.91,Ki,Ki,123.0
CCN(C)C(=O)c1cnc2c(c1)nc(NC(=O)c1cccc(C#N)c1)n2CCCOC,7.6,Ki,Ki,25.0
CCN(CC)C(=O)c1cnc2c(c1)nc(NC(=O)c1cccc(C#N)c1)n2CCCOC,7.8,Ki,Ki,16.0
COCCCn1c(NC(=O)c2cccc(C#N)c2)nc2cc(C(=O)N(C)C(C)C)cnc21,7.89,Ki,Ki,13.0
COCCCn1c(NC(=O)c2cccc(C#N)c2)nc2cc(C(=O)N3CCCC[C@H]3C)cnc21,8.11,Ki,Ki,7.7
COCCCn1c(NC(=O)c2cccc(C#N)c2)nc2cc(C(=O)N3CCCC[C@@H]3C)cnc21,7.96,Ki,Ki,11.0
Cn1c(NC(=O)c2cccc(C#N)c2)nc2cc(C(=O)N3CCCCC3)cnc21,6.83,Ki,Ki,147.0
CCCCCn1c(NC(=O)c2cccc(C#N)c2)nc2cc(C(=O)N3CCCCC3)cnc21,6.04,Ki,Ki,904.0
N#Cc1cccc(C(=O)Nc2nc3cc(C(=O)N4CCCCC4)cnc3n2CCCO)c1,7.29,Ki,Ki,51.0
N#Cc1cccc(C(=O)Nc2nc3cc(C(=O)N4CCCCC4)cnc3n2C2CCOCC2)c1,6.75,Ki,Ki,179.0
CC(=O)NCCn1c(NC(=O)c2cccc(C#N)c2)nc2cc(C(=O)N3CCCCC3)cnc21,7.43,Ki,Ki,37.0
COc1cccc(-n2c(NC(=O)c3cccc(C#N)c3)nc3cc(C(=O)N4CCCCC4)cnc32)c1,6.49,Ki,Ki,325.0
COc1ccc(Cn2c(NC(=O)c3cccc(C#N)c3)nc3cc(C(=O)N4CCCCC4)cnc32)cc1,5.91,Ki,Ki,1220.0
N#Cc1cccc(C(=O)Nc2nc3cc(C(=O)N4CCCCC4)cnc3n2Cc2ccc(F)cc2)c1,5.59,Ki,Ki,2590.0
N#Cc1cccc(C(=O)Nc2nc3cc(C(=O)N4CCCCC4)cnc3n2Cc2cccnc2)c1,6.63,Ki,Ki,233.0
N#Cc1cccc(C(=O)Nc2nc3cc(C(=O)N4CCCCC4)cnc3n2Cc2ccncc2)c1,7.46,Ki,Ki,35.0
COCCCn1c(NC(=O)c2cccc(C#N)c2)nc2cc(C(=O)N3CCOCC3)cnc21,7.04,Ki,Ki,92.0
CCOCCn1c(NC(=O)c2cccc(C#N)c2)nc2cc(C(=O)N3CCOCC3)cnc21,5.48,Ki,Ki,3300.0
CCOCCCn1c(NC(=O)c2cccc(C#N)c2)nc2cc(C(=O)N3CCOCC3)cnc21,5.96,Ki,Ki,1100.0
CCN(CC)C(=O)c1ccc2nc(NC(=O)c3cccc(C#N)c3)n(CCCOC)c2c1,8.51,Ki,Ki,3.1
COCCCn1c(NC(=O)c2cccc(C#N)c2)nc2ccc(C(=O)N3CCCCC3)cc21,7.77,Ki,Ki,17.0
CCN(C)C(=O)c1ccc2nc(NC(=O)c3cccc(C#N)c3)n(CCCOC)c2n1,7.92,Ki,Ki,12.0
COCCCn1c(NC(=O)c2cccc(C#N)c2)nc2ccc(C(=O)N(C)C(C)C)nc21,8.6,Ki,Ki,2.5
Cl.Cl.Nc1nc(-c2ccccc2)c2c(n1)-c1cc(CN3CCCC3)ccc1C2=O,8.39,Ki,Ki,4.1
Cc1nc2c(=O)n(Cc3ccccc3)nc(Cl)c2c2cc(-c3ccccc3)nn12,5.5,Ki,Ki,3150.0
Cc1nn(Cc2ccccc2)c(=O)c2ncn3nc(-c4ccsc4)cc3c12,5.13,Ki,Ki,7365.0
CCCn1c(=O)c2[nH]c(C3CCCC3)nc2n(CCC)c1=O,6.58,Ki,Ki,260.0
Cc1nc2c(=O)n(Cc3ccccc3)nc(-c3ccncc3)c2c2cc(-c3ccccc3)nn12,6.3,Ki,Ki,501.2
CCc1nc2c(=O)n(Cc3ccccc3)nc(-c3ccncc3)c2c2cc(-c3ccccc3)nn12,5.6,Ki,Ki,2490.0
CCCc1nc2c(=O)n(Cc3ccccc3)nc(-c3ccncc3)c2c2cc(-c3ccccc3)nn12,6.11,Ki,Ki,772.5
CC(C)c1nc2c(=O)n(Cc3ccccc3)nc(-c3ccncc3)c2c2cc(-c3ccccc3)nn12,5.29,Ki,Ki,5190.0
Cc1nc2c(=O)n(Cc3ccccc3)nc(-c3cccnc3)c2c2cc(-c3ccccc3)nn12,5.67,Ki,Ki,2115.0
Cc1nc2c(=S)n(Cc3ccccc3)nc(-c3ccncc3)c2c2cc(-c3ccccc3)nn12,6.24,Ki,Ki,572.1
O=c1c2ncn3nc(-c4ccccc4)cc3c2c(-c2ccncc2)nn1Cc1ccccc1,7.17,Ki,Ki,67.9
O=c1c2ncn3nc(-c4ccccc4)cc3c2c(-c2cccnc2)nn1Cc1ccccc1,6.09,Ki,Ki,805.1
Nc1nc(C#Cc2ccccc2)nc2c1ncn2[C@@H]1O[C@H](CO)[C@@H](O)[C@H]1O,6.44,Ki,Ki,363.0
CNc1nc(C#Cc2ccccc2)nc2c1ncn2[C@@H]1O[C@H](CO)[C@@H](O)[C@H]1O,5.07,Ki,Ki,8530.0
CNC(=O)[C@H]1O[C@@H](n2cnc3c(N)nc(C#Cc4ccccc4)nc32)[C@H](O)[C@@H]1O,5.75,Ki,Ki,1760.0
O=C(COc1ccc2[nH]c(=O)c(-c3nccs3)c(CCc3ccccc3)c2c1)NCc1ccccc1,5.46,Ki,Ki,3509.0
C[C@H](NC(=O)COc1ccc2[nH]c(=O)c(-c3nccs3)c(CCc3ccccc3)c2c1)c1ccccc1,5.61,Ki,Ki,2439.0
CC[C@H](NC(=O)COc1ccc2[nH]c(=O)c(-c3nccs3)c(CCc3ccccc3)c2c1)c1ccccc1,5.84,Ki,Ki,1460.0
O=C(COc1ccc2[nH]c(=O)c(-c3nccs3)c(CCc3ccccc3)c2c1)N[C@@H](CO)c1ccccc1,5.72,Ki,Ki,1925.0
Cc1cc(-c2c(CCc3ccccc3)c3cc(OCC(=O)NC(C)(C)c4ccccc4)ccc3[nH]c2=O)on1,5.55,Ki,Ki,2832.0
CC(C)CCc1c(-c2nccs2)c(=O)[nH]c2ccc(OCC(=O)NC(C)(C)c3ccccc3)cc12,5.97,Ki,Ki,1080.0
CC(C)(NC(=O)COc1ccc2[nH]c(=O)c(-c3nccs3)c(CCC(F)(F)F)c2c1)c1ccccc1,6.06,Ki,Ki,878.0
CCNC(=O)[C@H]1O[C@@H](n2cnc3c(N)ncnc32)[C@H](O)[C@@H]1O,7.17,IC50,IC50,67.0
CCC(=O)Nc1nc(-c2ccccc2)cc(-c2ccccc2)n1,6.26,Ki,Ki,554.0
CCC(=O)Nc1nc(-c2ccc(SC)cc2)cc(-c2ccc(SC)cc2)n1,6.74,Ki,Ki,183.0
CCC(=O)Nc1nc(-c2ccccc2F)cc(-c2ccccc2F)n1,6.37,Ki,Ki,424.0
CCCC(=O)Nc1nc(-c2ccccc2F)cc(-c2ccccc2F)n1,6.19,Ki,Ki,647.0
CCCC(=O)Nc1nc(-c2cccs2)cc(-c2cccs2)n1,6.7,Ki,Ki,201.0
CCC(=O)Nc1nc(-c2ccsc2)cc(-c2ccsc2)n1,5.72,Ki,Ki,1893.0
CCCC(=O)Nc1nc(-c2ccsc2)cc(-c2ccsc2)n1,5.34,Ki,Ki,4568.0
CC(=O)Nc1cc(-c2ccccc2)nc(-c2ccccc2)n1,6.59,Ki,Ki,255.3
CCC(=O)Nc1cc(-c2ccccc2)nc(-c2ccccc2)n1,7.07,Ki,Ki,84.5
CCCC(=O)Nc1cc(-c2ccccc2)nc(-c2ccccc2)n1,6.99,Ki,Ki,103.0
CC(=O)Nc1cc(-c2ccc(F)cc2)nc(-c2ccc(F)cc2)n1,5.88,Ki,Ki,1334.0
CCC(=O)Nc1cc(-c2ccc(F)cc2)nc(-c2ccc(F)cc2)n1,6.37,Ki,Ki,429.0
CCCC(=O)Nc1cc(-c2ccc(F)cc2)nc(-c2ccc(F)cc2)n1,5.74,Ki,Ki,1829.0
CC(=O)Nc1cc(-c2ccccc2F)nc(-c2ccccc2F)n1,7.13,Ki,Ki,73.8
CCC(=O)Nc1cc(-c2ccccc2F)nc(-c2ccccc2F)n1,6.99,Ki,Ki,103.0
CCCC(=O)Nc1cc(-c2ccccc2F)nc(-c2ccccc2F)n1,6.85,Ki,Ki,142.0
CC(=O)Nc1cc(-c2ccc3c(c2)OCO3)nc(-c2ccc3c(c2)OCO3)n1,5.48,Ki,Ki,3345.0
CCC(=O)Nc1cc(-c2ccc3c(c2)OCO3)nc(-c2ccc3c(c2)OCO3)n1,5.59,Ki,Ki,2541.0
CC(=O)Nc1cc(-c2ccco2)nc(-c2ccco2)n1,8.09,Ki,Ki,8.1
CCC(=O)Nc1cc(-c2ccco2)nc(-c2ccco2)n1,8.19,Ki,Ki,6.4
CCCC(=O)Nc1cc(-c2ccco2)nc(-c2ccco2)n1,8.24,Ki,Ki,5.7
CC(=O)Nc1cc(-c2cccs2)nc(-c2cccs2)n1,7.61,Ki,Ki,24.6
CCC(=O)Nc1cc(-c2cccs2)nc(-c2cccs2)n1,6.94,Ki,Ki,114.0
CCCC(=O)Nc1cc(-c2cccs2)nc(-c2cccs2)n1,6.82,Ki,Ki,153.0
CC(=O)Nc1cc(-c2ccoc2)nc(-c2ccoc2)n1,7.13,Ki,Ki,74.0
CCC(=O)Nc1cc(-c2ccoc2)nc(-c2ccoc2)n1,7.08,Ki,Ki,82.8
CCCC(=O)Nc1cc(-c2ccoc2)nc(-c2ccoc2)n1,6.26,Ki,Ki,544.0
CC(=O)Nc1cc(-c2ccsc2)nc(-c2ccsc2)n1,7.4,Ki,Ki,39.8
CCC(=O)Nc1cc(-c2ccsc2)nc(-c2ccsc2)n1,7.2,Ki,Ki,63.5
O=C(Nc1nc(-c2ccccc2)cc(-c2ccccc2)n1)C1CCCC1,6.71,Ki,Ki,196.0
CCC(=O)Nc1ccc(C(=O)Nc2nccs2)cc1,6.05,Ki,Ki,890.0
CCCC(=O)Nc1ccc(C(=O)Nc2nccs2)cc1,6.46,Ki,Ki,350.0
CC(C)C(=O)Nc1ccc(C(=O)Nc2nccs2)cc1,6.52,Ki,Ki,300.0
Cc1nc(NC(=O)c2ccc(NC(=O)CC(C)(C)C)cc2)sc1C,6.66,Ki,Ki,220.0
Cc1ccccc1C(=O)Nc1ccc(C(=O)Nc2nccs2)cc1,6.66,Ki,Ki,220.0
Cc1cc(NC(=O)CC(C)(C)C)ccc1C(=O)Nc1nccs1,6.7,Ki,Ki,200.0
CCCCC(=O)Nc1ccc(C(=O)Nc2nccs2)cc1,6.72,Ki,Ki,190.0
CC(C)(C)CC(=O)Nc1ccc(C(=O)Nc2nccs2)c(Cl)c1,6.75,Ki,Ki,180.0
Cc1cnc(NC(=O)c2ccc(NC(=O)CC(C)(C)C)cc2)s1,6.92,Ki,Ki,120.0
CC(C)(C)CNC(=O)c1ccc(C(=O)Nc2nccs2)cc1,6.96,Ki,Ki,110.0
CC(C)CC(=O)Nc1ccc(C(=O)Nc2nccs2)cc1,7.05,Ki,Ki,90.0
CCn1c(=O)c2c(nc(/C=C/c3ccc(OC)c(OC)c3)n2C)n(CC)c1=O,7.14,Ki,Ki,72.0
COc1cc(NC(=O)CC(C)(C)C)ccc1C(=O)Nc1nccs1,7.3,Ki,Ki,50.0
CC(C)(C)CC(=O)Nc1ccc(C(=O)Nc2nccs2)cc1,7.44,Ki,Ki,36.0
Cc1cc(C(=O)Nc2nccs2)cc(Cl)c1NC(=O)CC(C)(C)C,7.5,Ki,Ki,32.0
CC(C)(C)CC(=O)Nc1ccc(C(=O)Nc2ncc(Cl)s2)cc1,7.55,Ki,Ki,28.0
CC(C)(C)CC(=O)Nc1ccc(C(=O)Nc2nccs2)cc1Cl,7.66,Ki,Ki,22.0
Cc1cc(C(=O)Nc2nccs2)ccc1NC(=O)CC(C)(C)C,7.72,Ki,Ki,19.0
COc1cc(C(=O)Nc2nccs2)ccc1NC(=O)CC(C)(C)C,7.77,Ki,Ki,17.0
COc1c(C(=O)Nc2nccs2)ccc(NC(=O)CC(C)(C)C)c1F,7.92,Ki,Ki,12.0
CC(C)(C)CC(=O)Nc1ccc(C(=O)Nc2nccs2)cc1F,8.04,Ki,Ki,9.2
CC(C)(C)CC(=O)Nc1c(F)cc(C(=O)Nc2nccs2)cc1F,8.23,Ki,Ki,5.9
COCCOc1ccc(N2CCN(CCn3ncc4c3nc(N)n3nc(-c5ccco5)nc43)CC2)cc1,8.3,Ki,Ki,5.0
O=C(Nc1cnc(-c2ccncc2)c(-c2ccco2)n1)C1CC1,7.36,Ki,Ki,44.0
CC(=O)Nc1cnc(-c2ccncc2)c(-c2ccco2)n1,6.14,Ki,Ki,727.0
CCC(=O)Nc1cnc(-c2ccncc2)c(-c2ccco2)n1,7.26,Ki,Ki,55.0
CC(C)C(=O)Nc1cnc(-c2ccncc2)c(-c2ccco2)n1,6.71,Ki,Ki,197.0
O=C(Nc1cnc(-c2ccncc2)c(-c2ccco2)n1)C1CCC1,6.85,Ki,Ki,140.0
O=C(Nc1cnc(-c2ccncc2)c(-c2ccco2)n1)C1CCCC1,6.84,Ki,Ki,145.0
O=C(CC1CCCC1)Nc1cnc(-c2ccncc2)c(-c2ccco2)n1,6.98,Ki,Ki,105.0
Cc1ccc(-c2nc(NC(=O)C3CC3)cnc2-c2ccncc2)o1,8.92,Ki,Ki,1.2
O=C(Nc1cnc(-c2ccncc2)c(-c2ccccn2)n1)C1CC1,6.51,Ki,Ki,312.0
O=C(Nc1cnc(-c2ccncc2)c(-c2cccnc2)n1)C1CC1,6.51,Ki,Ki,312.0
O=C(Nc1cnc(-c2ccncc2)c(-c2ccncc2)n1)C1CC1,6.51,Ki,Ki,312.0
O=C(Nc1cnc(-c2ccncc2)c(-c2ccccc2F)n1)C1CC1,7.29,Ki,Ki,51.0
O=C(Nc1cnc(-c2ccncc2)c(-c2ncco2)n1)C1CC1,6.06,Ki,Ki,879.0
O=C(Nc1cnc(-c2ccncc2)c(-c2cnco2)n1)C1CC1,6.2,Ki,Ki,634.0
O=C(Nc1cnc(-c2ccncn2)c(-c2ccco2)n1)C1CC1,6.96,Ki,Ki,111.0
O=C(Nc1cnc(-c2ccncc2F)c(-c2ccncc2)n1)C1CC1,5.88,Ki,Ki,1313.0
O=C(Nc1cnc(-c2ccncc2F)c(-c2ccccc2F)n1)C1CC1,7.0,Ki,Ki,101.0
O=C(Nc1cnc(-c2ccncc2F)c(-c2ncco2)n1)C1CC1,6.39,Ki,Ki,408.0
CCCCC#Cc1nc(N)c2ncn([C@@H]3SC[C@@H](O)[C@H]3O)c2n1,8.14,Ki,Ki,7.19
CCCC/C=C/c1nc(N)c2ncn([C@@H]3SC[C@@H](O)[C@H]3O)c2n1,7.14,Ki,Ki,72.0
Nc1nc2c(cnn2CCN2CCOCC2)c2nn(CC3CC3)c(=O)n12,6.42,Ki,Ki,381.0
C=Cn1ncc2c1nc(N)n1c(=O)n(CC3CC3)nc21,7.56,Ki,Ki,27.4
Nc1nc2c(cnn2CCN2CCN(c3cnccn3)CC2)c2nn(Cc3cccc(Cl)c3)c(=O)n12,7.89,Ki,Ki,12.9
Nc1nc2c(cnn2CCN2CCN(c3cnccn3)CC2)c2nn(Cc3ccccc3)c(=O)n12,7.9,Ki,Ki,12.7
COCCOc1ccc(N2CCN(CCn3ncc4c3nc(N)n3c(=O)n(Cc5cccc(Cl)c5)nc43)CC2)c(F)c1,7.81,Ki,Ki,15.6
Nc1nc2c(cnn2CCN2CCN(c3ccc(F)cc3F)CC2)c2nn(Cc3cccc(Cl)c3)c(=O)n12,7.63,Ki,Ki,23.4
CC(C)(C)OC(=O)N1CCN(CCn2ncc3c2nc(N)n2c(=O)n(Cc4cccc(Cl)c4)nc32)CC1,6.25,Ki,Ki,556.0
CS(=O)(=O)N1CCN(CCn2ncc3c2nc(N)n2c(=O)n(Cc4cccc(Cl)c4)nc32)CC1,7.98,Ki,Ki,10.5
CS(=O)(=O)N1CCN(CCn2ncc3c2nc(N)n2c(=O)n(Cc4ccccc4)nc32)CC1,8.05,Ki,Ki,8.9
Nc1nc2c(cnn2CCN2CCC(N3CCOCC3)CC2)c2nn(Cc3cccc(Cl)c3)c(=O)n12,8.17,Ki,Ki,6.7
Nc1nc2c(cnn2CCN2CCC(N3CCOCC3)CC2)c2nn(Cc3ccccc3)c(=O)n12,7.55,Ki,Ki,28.4
Nc1nc2c(cnn2CCN2CCC3(CC2)OCCO3)c2nn(Cc3cccc(Cl)c3)c(=O)n12,7.96,Ki,Ki,11.0
Nc1nc2c(cnn2CCN2CCC3(CC2)OCCO3)c2nn(Cc3ccccc3)c(=O)n12,8.06,Ki,Ki,8.7
Nc1nc2c(cnn2CCN2CCOCC2)c2nn(Cc3cccc(Cl)c3)c(=O)n12,7.85,Ki,Ki,14.2
Nc1nc2c(cnn2CCN2CCOCC2)c2nn(Cc3ccccc3)c(=O)n12,8.05,Ki,Ki,9.0
CN(C)CCn1ncc2c1nc(N)n1c(=O)n(Cc3cccc(Cl)c3)nc21,8.28,Ki,Ki,5.2
C=Cn1ncc2c1nc(N)n1c(=O)n(Cc3cccc(Cl)c3)nc21,9.4,Ki,Ki,0.4
C=Cn1ncc2c1nc(N)n1c(=O)n(Cc3ccccc3)nc21,9.52,Ki,Ki,0.3
Nc1nc2c(c3nn(Cc4ccccc4)c(=O)n13)CCc1ccccc1-2,9.3,Ki,Ki,0.5
Nc1nc(-c2cccnc2)cc2nn(Cc3ccccc3)c(=O)n12,6.1,Ki,Ki,791.0
COc1ccc(-c2cc3nn(Cc4ccccc4)c(=O)n3c(N)n2)cc1,6.2,Ki,Ki,636.0
Nc1nc(-c2cccc(CO)c2)cc2nn(Cc3ccccc3)c(=O)n12,5.77,Ki,Ki,1700.0
Nc1nc(-c2ccccc2)cc2nn(Cc3ccccc3)c(=O)n12,9.0,Ki,Ki,1.0
Nc1nc(-c2ccccc2)cc2nc(-c3ccco3)nn12,8.15,Ki,Ki,7.0
CCN(C(C)=O)c1ccc(OC)c2nc(NC(=O)c3cnn(Cc4cccc(C(F)(F)F)c4)c3)sc12,8.52,Ki,Ki,3.0
CCN(C(C)=O)c1ccc(OC)c2nc(NC(=O)[C@@H]3CC[C@@H](NC(=O)c4cccc(C(F)(F)F)c4)C3)sc12,7.51,Ki,Ki,31.0
CCN(C(C)=O)c1ccc(OC)c2nc(NC(=O)c3ccnn3C)sc12,7.29,Ki,Ki,51.0
CCN(C(C)=O)c1ccc(OC)c2nc(NC(=O)[C@H]3CC[C@@H](NC(=O)c4cccc(C(F)(F)F)c4)CC3)sc12,7.28,Ki,Ki,52.0
CCN(C(C)=O)c1ccc(OC)c2nc(NC(=O)[C@@H]3CC[C@H](NC(=O)c4cccc(C(F)(F)F)c4)C3)sc12,7.09,Ki,Ki,81.0
CCN(C(C)=O)c1ccc(OC)c2nc(NC(=O)[C@H]3CC[C@@H](NS(=O)(=O)c4cccc(C(F)(F)F)c4)CC3)sc12,6.96,Ki,Ki,110.0
CCN(C(C)=O)c1ccc(OC)c2nc(NC(=O)[C@@H]3CC[C@H](NCc4cccc(C(F)(F)F)c4)C3)sc12.O=C(O)C(F)(F)F,6.75,Ki,Ki,180.0
CCN(C(C)=O)c1ccc(OC)c2nc(NC(=O)[C@H]3CC[C@H](NS(=O)(=O)c4cccc(C(F)(F)F)c4)CC3)sc12,6.7,Ki,Ki,200.0
CCN(C(C)=O)c1ccc(OC)c2nc(NC(=O)N3CCC(O)(c4cccc(C(F)(F)F)c4)CC3)sc12,6.68,Ki,Ki,210.0
CCN(C(C)=O)c1ccc(OC)c2nc(NC(=O)C3CCN(C(=O)c4cccc(C(F)(F)F)c4)CC3)sc12,6.64,Ki,Ki,230.0
CCN(C(C)=O)c1ccc(OC)c2nc(NC(=O)N3CCC(c4cccc(C(F)(F)F)c4)CC3)sc12,6.62,Ki,Ki,240.0
COc1ccc(NC(C)=O)c2sc(NC(=O)c3ccc(F)cc3)nc12,6.6,Ki,Ki,250.0
CCN(C(C)=O)c1ccc(OC)c2nc(NC(=O)[C@H]3CC[C@H](NCc4cccc(C(F)(F)F)c4)CC3)sc12.O=C(O)C(F)(F)F,6.55,Ki,Ki,280.0
CCN(C(C)=O)c1ccc(OC)c2nc(NC(=O)[C@H]3CC[C@H](NC(=O)c4cccc(C(F)(F)F)c4)CC3)sc12,6.33,Ki,Ki,470.0
CCN(C(C)=O)c1ccc(OC)c2nc(NC(=O)N3CCC(S(=O)(=O)c4cccc(C(F)(F)F)c4)CC3)sc12,6.28,Ki,Ki,530.0
CCN(C(C)=O)c1ccc(OC)c2nc(NC(=O)[C@@H]3CCN(S(=O)(=O)c4cccc(C(F)(F)F)c4)C3)sc12,6.22,Ki,Ki,600.0
CCN(C(C)=O)c1ccc(OC)c2nc(NC(=O)[C@H]3CCN(C(=O)c4cccc(C(F)(F)F)c4)C3)sc12,6.15,Ki,Ki,710.0
CCN(C(C)=O)c1ccc(OC)c2nc(NC(=O)C3CCN(Cc4cccc(C(F)(F)F)c4)CC3)sc12,6.0,Ki,Ki,1000.0
CCN(C(C)=O)c1ccc(OC)c2nc(NC(=O)C3CCN(S(=O)(=O)c4cccc(C(F)(F)F)c4)CC3)sc12,5.98,Ki,Ki,1040.0
CCN(C(C)=O)c1ccc(OC)c2nc(NC(=O)[C@@H]3CCN(C(=O)c4cccc(C(F)(F)F)c4)C3)sc12,5.69,Ki,Ki,2040.0
Nc1nc2c(cnn2CCCc2ccc(O)cc2)c2nc(-c3ccco3)nn12,7.32,Ki,Ki,48.0
Nc1nc2c(cnn2CCCc2ccc(OCCCF)cc2)c2nc(-c3ccco3)nn12,7.27,Ki,Ki,53.6
COC(=O)COc1ccc(CCCn2ncc3c2nc(N)n2nc(-c4ccco4)nc32)cc1,7.02,Ki,Ki,96.0
Nc1nc2c(cnn2CCCc2ccc(OCC(=O)O)cc2)c2nc(-c3ccco3)nn12,7.99,Ki,Ki,10.2
NCCNC(=O)COc1ccc(CCCn2ncc3c2nc(N)n2nc(-c4ccco4)nc32)cc1,8.17,Ki,Ki,6.8
NCCNCCNC(=O)COc1ccc(CCCn2ncc3c2nc(N)n2nc(-c4ccco4)nc32)cc1,7.97,Ki,Ki,10.7
CN(C)c1ccc2c(-c3ccc(C(=O)NCCNC(=O)COc4ccc(CCCn5ncc6c5nc(N)n5nc(-c7ccco7)nc65)cc4)cc3C(=O)[O-])c3ccc(=[N+](C)C)cc-3oc2c1,6.45,Ki,Ki,357.0
C#CCCCCC(=O)NCCNC(=O)COc1ccc(CCCn2ncc3c2nc(N)n2nc(-c4ccco4)nc32)cc1,7.12,Ki,Ki,75.4
Nc1nc2c(cnn2CCCc2ccc(OCC(=O)NCCNC(=O)CCCCc3cn(CCCCCCC(=O)CCOCCOCCOCCOCCNC(=O)CCCC[C@@H]4SC[C@@H]5NC(=O)N[C@@H]54)nn3)cc2)c2nc(-c3ccco3)nn12,6.48,Ki,Ki,330.0
CC(=O)NCCn1cc(CCCCC(=O)NCCNC(=O)COc2ccc(CCCn3ncc4c3nc(N)n3nc(-c5ccco5)nc43)cc2)nn1,6.66,Ki,Ki,220.0
Nc1nc2c(cnn2CCCc2ccc(OCC(=O)NCCNCCNC(=O)CCCCCNC(=O)COc3ccc(/C=C/C4=[N+]5C(=Cc6ccc(-c7ccc[nH]7)n6[B-]5(F)F)C=C4)cc3)cc2)c2nc(-c3ccco3)nn12,7.82,Ki,Ki,15.1
COc1ccc(CCCn2ncc3c2nc(N)n2nc(-c4ccco4)nc32)cc1,8.39,Ki,Ki,4.1
CCN(CC)CC.CCN(CC)CC.N=c1ccc2c(-c3ccc(C(=O)NCCNC(=O)COc4ccc(CCCn5ncc6c5nc(N)n5nc(-c7ccco7)nc65)cc4)cc3C(=O)O)c3ccc(N)c(S(=O)(=O)O)c3oc-2c1S(=O)(=O)O,6.96,Ki,Ki,111.0
Nc1nc2ccccc2c2cn(-c3ccccc3)nc12,7.04,Ki,Ki,91.0
Cn1cc2c(n1)c(N)nc1c(OCc3ccccc3)cccc12,6.12,Ki,Ki,750.0
Cc1cccc(O[C@H](C)C(=O)Nc2nc(-c3ccccc3)n[nH]2)c1,6.7,Ki,Ki,200.0
COc1ccc(Cl)cc1Nc1nc(N)nc(-c2oc3ccccc3c2C)n1,7.5,Ki,Ki,32.0
Nc1nc(Oc2ccccc2)nc2nc(-c3ccco3)nn12,7.75,Ki,Ki,18.0
Nc1nc(NCCc2ccc(O)cc2)nc2nc(-c3ccco3)nn12,8.7,Ki,pKi,8.7
COCCOc1ccc(N2CCN(CCn3ncc4c3nc(N)n3nc(-c5ccco5)nc43)CC2)cc1,8.8,Ki,pKi,8.8
CCn1c(=O)c2c(nc(/C=C/c3ccc(OC)c(OC)c3)n2C)n(CC)c1=O,6.7,Ki,pKi,6.7
CCCn1c(=O)c2[nH]c(-c3ccc(OCC(=O)NCCN)cc3)nc2n(CCC)c1=O,7.6,Ki,pKi,7.6
Cn1c(=O)c2c(ncn2C)n(C)c1=O,5.3,Ki,pKi,5.3
Nc1nc(-c2ccccc2O)nc(N2Cc3ccc(F)cc3C2)n1,7.9,Ki,pKi,7.9
CN1CCN(C(=O)c2cccc(-c3nc(N)nc(-c4ccccc4O)n3)c2)CC1,9.0,Ki,pKi,9.0
Nc1nc(NCCc2ccc(O)cc2)nc2nc(-c3ccco3)nn12,9.3,Kd,pKd,9.3
COCCOc1ccc(N2CCN(CCn3ncc4c3nc(N)n3nc(-c5ccco5)nc43)CC2)cc1,9.5,Kd,pKd,9.5
CCn1c(=O)c2c(nc(/C=C/c3ccc(OC)c(OC)c3)n2C)n(CC)c1=O,5.9,Kd,pKd,5.9
CCCn1c(=O)c2[nH]c(-c3ccc(OCC(=O)NCCN)cc3)nc2n(CCC)c1=O,7.7,Kd,pKd,7.7
Cn1c(=O)c2c(ncn2C)n(C)c1=O,4.6,Kd,pKd,4.6
Cn1c(=O)c2nc[nH]c2n(C)c1=O.O,5.5,Kd,pKd,5.5
Nc1nc(-c2ccccc2O)nc(N2Cc3ccc(F)cc3C2)n1,6.0,Kd,pKd,6.0
CN1CCN(C(=O)c2cccc(-c3nc(N)nc(-c4ccccc4O)n3)c2)CC1,7.9,Kd,pKd,7.9
CC1CN2C(=O)N(Cc3ccccc3)c3nc(-c4cc(OCc5ccccc5)nn4C)[nH]c3C2=N1,5.7,Ki,Ki,2010.0
CCC1CN2C(=O)N(Cc3ccccc3)c3nc(-c4cc(OCc5ccccc5)nn4C)[nH]c3C2=N1,5.67,Ki,Ki,2130.0
C=CCN1C(=O)N2CC(CC)N=C2c2[nH]c(-c3cc(OC)no3)nc21,5.82,Ki,Ki,1520.0
Cn1cc2c(nc(N)n3nc(-c4ccc(C(F)(F)F)cc4)nc23)n1,5.16,Ki,Ki,6930.0
Cn1cc2c(nc(NC(=O)Nc3ccccc3)n3nc(-c4ccc(Cl)cc4)nc23)n1,6.01,Ki,Ki,987.0
Cn1cc2c(nc(NC(=O)Nc3ccccc3)n3nc(-c4ccc(Br)cc4)nc23)n1,5.63,Ki,Ki,2360.0
Cn1cc2c(nc(NC(=O)Nc3ccccc3)n3nc(-c4ccc(C(F)(F)F)cc4)nc23)n1,4.44,Ki,Ki,36000.0
Cn1cc2c(nc(NC(=O)Nc3ccc(F)cc3)n3nc(-c4ccc(Cl)cc4)nc23)n1,5.97,Ki,Ki,1060.0
Cn1cc2c(nc(NC(=O)Nc3ccc(F)cc3)n3nc(-c4ccc(Br)cc4)nc23)n1,5.23,Ki,Ki,5930.0
COc1ccc(NC(=O)Nc2nc3nn(C)cc3c3nc(-c4ccc(Cl)cc4)nn23)cc1,5.84,Ki,Ki,1460.0
COc1ccc(NC(=O)Nc2nc3nn(C)cc3c3nc(-c4ccc(Br)cc4)nn23)cc1,5.08,Ki,Ki,8400.0
O=C(Nc1nc2nn(CCc3ccccc3)cc2c2nc(-c3ccc(F)cc3)nn12)c1ccccc1,5.39,Ki,Ki,4040.0
O=C(Nc1nc2nn(CCc3ccccc3)cc2c2nc(-c3ccc(Cl)cc3)nn12)c1ccccc1,4.71,Ki,Ki,19400.0
COc1ccc(-c2nc3c4cn(CCc5ccccc5)nc4nc(NC(=O)c4ccccc4)n3n2)cc1,4.6,Ki,Ki,25200.0
O=C(Cc1ccccc1)Nc1nc2nn(CCc3ccccc3)cc2c2nc(-c3ccccc3)nn12,6.21,Ki,Ki,614.0
O=C(Cc1ccccc1)Nc1nc2nn(CCc3ccccc3)cc2c2nc(-c3ccc(F)cc3)nn12,6.24,Ki,Ki,571.0
O=C(Cc1ccccc1)Nc1nc2nn(CCc3ccccc3)cc2c2nc(-c3ccc(Cl)cc3)nn12,5.51,Ki,Ki,3090.0
Cn1c(=O)c2c(ncn2C)n(C)c1=O,4.69,IC50,IC50,20.472
Cn1c(=O)c2c(ncn2C)n(C)c1=O,4.94,Ki,Ki,11.493
Oc1c(Cl)cc(Cl)cc1Sc1cc(Cl)cc(Cl)c1O,5.93,IC50,IC50,1.167
Oc1c(Cl)cc(Cl)cc1Sc1cc(Cl)cc(Cl)c1O,6.18,Ki,Ki,0.655
CCCCCCCCc1ccc(O)cc1,4.65,IC50,IC50,22.432
CCCCCCCCc1ccc(O)cc1,4.9,Ki,Ki,12.593
CN(C)c1ccc(C(=C2C=CC(=[N+](C)C)C=C2)c2ccc(N(C)C)cc2)cc1.[Cl-],5.47,IC50,IC50,3.365
CN(C)c1ccc(C(=C2C=CC(=[N+](C)C)C=C2)c2ccc(N(C)C)cc2)cc1.[Cl-],5.72,Ki,Ki,1.889
Clc1ccc(COC(Cn2ccnc2)c2ccc(Cl)cc2Cl)cc1,4.83,IC50,IC50,14.616
Clc1ccc(COC(Cn2ccnc2)c2ccc(Cl)cc2Cl)cc1,5.09,Ki,Ki,8.206
Oc1c(Cl)cc(Cl)c(Cl)c1Cc1c(O)c(Cl)cc(Cl)c1Cl,5.79,IC50,IC50,1.6138
Oc1c(Cl)cc(Cl)c(Cl)c1Cc1c(O)c(Cl)cc(Cl)c1Cl,6.04,Ki,Ki,0.906
CC(C)Cn1cnc2c(N)nc3ccccc3c21,5.27,IC50,IC50,5.32
CC(C)Cn1cnc2c(N)nc3ccccc3c21,5.53,Ki,Ki,2.987
CN(CCOc1ccc(C[C@H](Nc2ccccc2C(=O)c2ccccc2)C(=O)O)cc1)c1ccccn1,4.43,IC50,IC50,37.254
CN(CCOc1ccc(C[C@H](Nc2ccccc2C(=O)c2ccccc2)C(=O)O)cc1)c1ccccn1,4.68,Ki,Ki,20.915
C#C[C@]1(O)CC[C@H]2[C@@H]3CCc4cc(O)ccc4[C@H]3CC[C@@]21C,4.68,IC50,IC50,20.931
C#C[C@]1(O)CC[C@H]2[C@@H]3CCc4cc(O)ccc4[C@H]3CC[C@@]21C,4.93,Ki,Ki,11.751
O=c1c(-c2ccc(O)cc2)coc2cc(O)cc(O)c12,4.76,IC50,IC50,17.442
O=c1c(-c2ccc(O)cc2)coc2cc(O)cc(O)c12,5.01,Ki,Ki,9.792
Clc1ccccc1C(c1ccccc1)(c1ccccc1)n1ccnc1,4.9,IC50,IC50,12.711
Clc1ccccc1C(c1ccccc1)(c1ccccc1)n1ccnc1,5.15,Ki,Ki,7.136
CC/C(=C(/CC)c1ccc(O)cc1)c1ccc(O)cc1,5.04,IC50,IC50,9.013
CC/C(=C(/CC)c1ccc(O)cc1)c1ccc(O)cc1,5.3,Ki,Ki,5.06
COC(=O)Nc1nc2cc(C(=O)c3cccs3)ccc2[nH]1,5.12,IC50,IC50,7.509
COC(=O)Nc1nc2cc(C(=O)c3cccs3)ccc2[nH]1,5.38,Ki,Ki,4.219
COC(=O)C1=C(C)NC(C)=C(C(=O)OCC(C)C)C1c1ccccc1[N+](=O)[O-],5.39,IC50,IC50,4.058
COC(=O)C1=C(C)NC(C)=C(C(=O)OCC(C)C)C1c1ccccc1[N+](=O)[O-],5.64,Ki,Ki,2.278
COC(=O)Nc1nc2cc([S+]([O-])c3ccccc3)ccc2[nH]1,5.82,IC50,IC50,1.504
COC(=O)Nc1nc2cc([S+]([O-])c3ccccc3)ccc2[nH]1,6.07,Ki,Ki,0.844
Clc1ccc(COC(Cn2ccnc2)c2ccc(Cl)cc2Cl)c(Cl)c1,4.85,IC50,IC50,14.253
Clc1ccc(COC(Cn2ccnc2)c2ccc(Cl)cc2Cl)c(Cl)c1,5.1,Ki,Ki,8.002
Cc1cc2cc3c(C)cc(=O)oc3c(C)c2o1,5.88,IC50,IC50,1.312
Cc1cc2cc3c(C)cc(=O)oc3c(C)c2o1,6.13,Ki,Ki,0.737
CC/C(=C(\c1ccccc1)c1ccc(OCCN(C)C)cc1)c1ccccc1,5.15,IC50,IC50,7.099
CC/C(=C(\c1ccccc1)c1ccc(OCCN(C)C)cc1)c1ccccc1,5.4,Ki,Ki,3.985
Cn1c(=O)c2nc[nH]c2n(C)c1=O.O,4.92,IC50,IC50,12.007
Cn1c(=O)c2nc[nH]c2n(C)c1=O.O,5.17,Ki,Ki,6.741
COc1cc(N)[nH]c2nc(-c3ccc(F)cc3)c(-c3ccncc3)c1-2,5.99,IC50,IC50,1.032
COc1cc(N)[nH]c2nc(-c3ccc(F)cc3)c(-c3ccncc3)c1-2,6.24,Ki,Ki,0.58
CCCc1nn(C)c2c(=O)[nH]c(-c3cc(S(=O)(=O)N4CCN(C)CC4)ccc3OCC)nc12,6.6,IC50,IC50,0.253
CCCc1nn(C)c2c(=O)[nH]c(-c3cc(S(=O)(=O)N4CCN(C)CC4)ccc3OCC)nc12,6.85,Ki,Ki,0.142
O=C(c1ccc(OCCN2CCCCC2)cc1)c1c(-c2ccc(O)cc2)sc2cc(O)ccc12,5.68,IC50,IC50,2.111
O=C(c1ccc(OCCN2CCCCC2)cc1)c1c(-c2ccc(O)cc2)sc2cc(O)ccc12,5.93,Ki,Ki,1.185
C[S+]([O-])c1ccc(-c2nc(-c3ccc(F)cc3)c(-c3ccncc3)[nH]2)cc1,5.22,IC50,IC50,6.068
C[S+]([O-])c1ccc(-c2nc(-c3ccc(F)cc3)c(-c3ccncc3)[nH]2)cc1,5.47,Ki,Ki,3.407
COc1cc(F)cc2c1nc(C)c1c(C)nc(-c3ccncc3C)n12,5.3,IC50,IC50,5.05
CC(C)(C)OC(=O)N1CCN(c2nc(N)n3nc(-c4ccco4)nc3n2)CC1,7.68,Ki,Ki,21.0
Nc1nc(N2CCCC2)nc2nc(-c3ccco3)nn12,7.23,Ki,Ki,59.1
Nc1nc(N2CCNCC2)nc2nc(-c3ccco3)nn12.O=C(O)C(F)(F)F,6.82,Ki,Ki,153.0
CC(C)(C)OC(=O)NCCNc1nc(NCCNC(=O)OC(C)(C)C)n2nc(-c3ccco3)nc2n1,5.36,Ki,Ki,4360.0
CC(C)(C)OC(=O)NCCNc1nc(N)n2nc(-c3ccco3)nc2n1,7.39,Ki,Ki,40.9
CC(C)(C)OC(=O)NCC1CCC(CNc2nc(N)n3nc(-c4ccco4)nc3n2)CC1,7.16,Ki,Ki,69.7
CC(C)(C)OC(=O)NCCCNc1nc(N)n2nc(-c3ccco3)nc2n1,7.41,Ki,Ki,38.6
CC(C)(C)OC(=O)NCCCCCNc1nc(N)n2nc(-c3ccco3)nc2n1,7.35,Ki,Ki,44.7
CC(C)(C)OC(=O)NCCOCCOCCNc1nc(N)n2nc(-c3ccco3)nc2n1,7.75,Ki,Ki,17.8
Nc1nc(N2CCN(Cc3ccccc3)CC2)nc2nc(-c3ccco3)nn12,7.69,Ki,Ki,20.6
Nc1nc(N2CCN(Cc3cccc(Cl)c3)CC2)nc2nc(-c3ccco3)nn12,7.29,Ki,Ki,51.8
Nc1nc(N2CCN(Cc3ccc(F)cc3)CC2)nc2nc(-c3ccco3)nn12,7.28,Ki,Ki,52.3
Nc1nc(N2CCN(Cc3ccc(Cl)cc3)CC2)nc2nc(-c3ccco3)nn12,6.99,Ki,Ki,102.0
Nc1nc(N2CCN(Cc3ccc(Br)cc3)CC2)nc2nc(-c3ccco3)nn12,7.56,Ki,Ki,27.3
NCCOCCOCCNc1nc(N)n2nc(-c3ccco3)nc2n1.O=C(O)C(F)(F)F,7.94,Ki,Ki,11.5
Nc1nc(N2CCN(C(=O)Cc3ccc(Br)cc3)CC2)nc2nc(-c3ccco3)nn12,7.06,Ki,Ki,86.2
CCCCC(=O)N1CCN(c2nc(N)n3nc(-c4ccco4)nc3n2)CC1,6.91,Ki,Ki,124.0
Nc1nc(N2CCN(C(=O)Cc3ccccc3)CC2)nc2nc(-c3ccco3)nn12,7.02,Ki,Ki,94.8
COC(=O)CCC(=O)N1CCN(c2nc(N)n3nc(-c4ccco4)nc3n2)CC1,7.18,Ki,Ki,66.2
Nc1nc(N2CCN(C(=O)C(Cl)Cl)CC2)nc2nc(-c3ccco3)nn12,6.55,Ki,Ki,282.0
Nc1nc(N2CCN(C(=O)c3ccc([N+](=O)[O-])cc3)CC2)nc2nc(-c3ccco3)nn12,6.67,Ki,Ki,212.0
Nc1nc(N2CCN(C(=O)c3ccccc3)CC2)nc2nc(-c3ccco3)nn12,6.46,Ki,Ki,348.0
Nc1nc(N2CCN(C(=O)c3cccc4ccccc34)CC2)nc2nc(-c3ccco3)nn12,5.12,Ki,Ki,7680.0
Nc1nc(N2CCN(C(=O)Cc3ccc(Cl)cc3)CC2)nc2nc(-c3ccco3)nn12,7.41,Ki,Ki,39.1
NCCNc1nc(NCCN)n2nc(-c3ccco3)nc2n1.O=C(O)C(F)(F)F.O=C(O)C(F)(F)F,4.42,Ki,Ki,38200.0
NCCNc1nc(N)n2nc(-c3ccco3)nc2n1.O=C(O)C(F)(F)F,6.25,Ki,Ki,567.0
NCC1CCC(CNc2nc(N)n3nc(-c4ccco4)nc3n2)CC1.O=C(O)C(F)(F)F,7.77,Ki,Ki,16.9
NCCCNc1nc(N)n2nc(-c3ccco3)nc2n1.O=C(O)C(F)(F)F,6.57,Ki,Ki,270.0
NCCCCCNc1nc(N)n2nc(-c3ccco3)nc2n1.O=C(O)C(F)(F)F,7.04,Ki,Ki,90.1
Nc1nc(N2CCN(C(=O)C(c3ccccc3)c3ccccc3)CC2)nc2nc(-c3ccco3)nn12,7.03,Ki,Ki,92.9
CC(C)(C)C(=O)N1CCN(c2nc(N)n3nc(-c4ccco4)nc3n2)CC1,7.23,Ki,Ki,58.4
CC(C)(C)CC(=O)N1CCN(c2nc(N)n3nc(-c4ccco4)nc3n2)CC1,7.96,Ki,Ki,11.1
O=C(Nc1nc(Oc2ccccc2)nc2nc(-c3ccco3)nn12)c1ccccc1,6.0,Ki,Ki,1000.0
Nc1nc(O)nc2nc(-c3ccco3)nn12,6.7,Ki,Ki,201.0
Nc1nc(N)n2nc(-c3ccco3)nc2n1,6.8,Ki,Ki,160.0
O=C(Nc1nc(O)nc2nc(-c3ccco3)nn12)c1ccccc1,5.76,Ki,Ki,1750.0
Nc1nc(NC(=O)c2ccccc2)n2nc(-c3ccco3)nc2n1,7.36,Ki,Ki,44.1
Nc1nc2c(cnn2CCc2ccccc2)c2nc(-c3ccco3)nn12,8.96,Ki,Ki,1.1
Nc1nc2c(cnn2CCCc2ccccc2)c2nc(-c3ccco3)nn12,8.92,Ki,Ki,1.2
Cn1cc2c(nc(NC(=O)Nc3ccncc3)n3nc(-c4ccco4)nc23)n1,7.22,Ki,Ki,60.0
Cn1cc2nc(N)n3nc(-c4ccco4)nc3c2c1,7.7,Ki,Ki,20.0
CCCn1cc2nc(N)n3nc(-c4ccco4)nc3c2c1,7.52,Ki,Ki,30.0
Nc1nc2cn(CCc3ccccc3)cc2c2nc(-c3ccco3)nn12,8.41,Ki,Ki,3.9
Nc1nc2cn(CCCc3ccccc3)cc2c2nc(-c3ccco3)nn12,7.3,Ki,Ki,50.0
COc1ccc(NC(=O)Nc2nc3cn(C)cc3c3nc(-c4ccco4)nn23)cc1,6.3,Ki,Ki,500.0
CCCn1cc2nc(NC(=O)Nc3ccc(OC)cc3)n3nc(-c4ccco4)nc3c2c1,6.7,Ki,Ki,200.0
COc1ccc(NC(=O)Nc2nc3cn(CCc4ccccc4)cc3c3nc(-c4ccco4)nn23)cc1,6.83,Ki,Ki,148.0
COc1ccc(NC(=O)Nc2nc3cn(CCCc4ccccc4)cc3c3nc(-c4ccco4)nn23)cc1,6.89,Ki,Ki,130.0
Cn1ncc2nc(N)n3nc(-c4ccco4)nc3c21,8.44,Ki,Ki,3.6
CCCn1ncc2nc(N)n3nc(-c4ccco4)nc3c21,7.92,Ki,Ki,12.0
Nc1nc2cnn(CCc3ccccc3)c2c2nc(-c3ccco3)nn12,7.38,Ki,Ki,42.0
Nc1nc2cnn(CCCc3ccccc3)c2c2nc(-c3ccco3)nn12,6.91,Ki,Ki,122.0
COc1ccc(NC(=O)Nc2nc3cnn(C)c3c3nc(-c4ccco4)nn23)cc1,7.17,Ki,Ki,68.0
CCCn1ncc2nc(NC(=O)Nc3ccc(OC)cc3)n3nc(-c4ccco4)nc3c21,7.7,Ki,Ki,20.0
COc1ccc(NC(=O)Nc2nc3cnn(CCc4ccccc4)c3c3nc(-c4ccco4)nn23)cc1,6.2,Ki,Ki,626.0
Cn1cc2nc(N)n3nc(-c4ccco4)nc3c2n1,8.09,Ki,Ki,8.1
CCCn1cc2nc(N)n3nc(-c4ccco4)nc3c2n1,7.77,Ki,Ki,17.0
Nc1nc2cn(CCc3ccccc3)nc2c2nc(-c3ccco3)nn12,8.04,Ki,Ki,9.2
Nc1nc2cn(CCCc3ccccc3)nc2c2nc(-c3ccco3)nn12,7.96,Ki,Ki,11.0
COc1ccc(NC(=O)Nc2nc3cn(C)nc3c3nc(-c4ccco4)nn23)cc1,6.65,Ki,Ki,222.0
CCCn1cc2nc(NC(=O)Nc3ccc(OC)cc3)n3nc(-c4ccco4)nc3c2n1,6.68,Ki,Ki,208.0
COc1ccc(NC(=O)Nc2nc3cn(CCc4ccccc4)nc3c3nc(-c4ccco4)nn23)cc1,6.17,Ki,Ki,672.0
Cn1ncc2nc(NC3CCCCC3)n3nc(-c4ccco4)nc3c21,6.92,Ki,Ki,119.0
CCCn1cc2c(nc(NC(=O)Nc3ccc(OC)cc3)n3nc(-c4ccco4)nc23)n1,6.85,Ki,Ki,140.0
CCCCC#Cc1nc(N)c2ncn([C@@H]3OC[C@@H](O)[C@H]3O)c2n1,7.2,Ki,Ki,63.2
CCCCCCc1nc(N)c2ncn([C@@H]3OC[C@@H](O)[C@H]3O)c2n1,5.67,Ki,Ki,2160.0
CCCCC#Cc1nc(N)c2ncn([C@@H]3SC[C@@H](O)[C@H]3O)c2n1,8.14,Ki,Ki,7.19
CCCCC#Cc1nc(NCc2cccc(Cl)c2)c2ncn([C@@H]3SC[C@@H](O)[C@H]3O)c2n1,5.43,Ki,Ki,3730.0
CCCCC#Cc1nc(NCc2cccc(Br)c2)c2ncn([C@@H]3SC[C@@H](O)[C@H]3O)c2n1,5.41,Ki,Ki,3910.0
CCCCC#Cc1nc(NCc2cccc(I)c2)c2ncn([C@@H]3SC[C@@H](O)[C@H]3O)c2n1,5.31,Ki,Ki,4890.0
CCCC/C=C/c1nc(N)c2ncn([C@@H]3OC[C@@H](O)[C@H]3O)c2n1,6.75,Ki,Ki,178.0
CCCC/C=C/c1nc(N)c2ncn([C@@H]3SC[C@@H](O)[C@H]3O)c2n1,7.14,Ki,Ki,72.0
CCNC(=O)[C@H]1O[C@@H](n2cnc3c(NCC(c4ccccc4)c4ccccc4)nc(C(=O)NCCNC(=O)NC4CCN(c5ccccn5)CC4)nc32)[C@H](O)[C@@H]1O,8.4,Ki,Ki,4.0
CCCCC#Cc1nc(N)c2ncn([C@@H]3SC[C@@H](O)[C@H]3O)c2n1,8.14,Ki,Ki,7.19
Nc1ncnc2c1ncn2[C@@H]1O[C@H](CO)[C@@H](O)[C@H]1O,7.7,Ki,Ki,20.0
CCCCC#Cc1nc(N)c2ncn([C@@H]3O[C@H](CO)[C@@H](O)[C@H]3O)c2n1,8.24,Ki,Ki,5.7
Nc1nc(OCCc2ccc(Cl)cc2)nc2c1ncn2[C@@H]1O[C@H](CO)[C@@H](O)[C@H]1O,7.23,Ki,Ki,58.5
Nc1nc(OCCc2cccc3ccccc23)nc2c1ncn2[C@@H]1O[C@H](CO)[C@@H](O)[C@H]1O,8.42,Ki,Ki,3.8
Nc1nc(SCCC2CCCCC2)nc2c1ncn2[C@@H]1O[C@H](CO)[C@@H](O)[C@H]1O,6.43,Ki,Ki,372.0
Nc1nc(N/N=C/C2CCCCC2)nc2c1ncn2[C@@H]1O[C@H](CO)[C@@H](O)[C@H]1O,6.57,Ki,Ki,270.0
CNC(=O)c1cnn(-c2nc(N)c3ncn([C@@H]4O[C@H](CO)[C@@H](O)[C@H]4O)c3n2)c1,6.54,Ki,Ki,290.0
OC[C@H]1O[C@@H](n2cnc3c(NCC(c4ccccc4)c4ccccc4)ncnc32)[C@H](O)[C@@H]1O,7.3,Ki,Ki,49.9
COc1cc(OC)cc([C@@H](CNc2ncnc3c2ncn3[C@@H]2O[C@H](CO)[C@@H](O)[C@H]2O)c2ccccc2C)c1,6.78,Ki,Ki,168.0
O=C(NCCN1CCCCC1)c1nc(NCC(c2ccccc2)c2ccccc2)c2ncn([C@@H]3O[C@H](CO)[C@@H](O)[C@H]3O)c2n1,7.7,Ki,Ki,20.1
CCNC(=O)[C@H]1O[C@@H](n2cnc3c(N)ncnc32)[C@H](O)[C@@H]1O,8.66,Ki,Ki,2.2
CC(C)(C)OC(=O)C1CCCN1C[C@@H](O)[C@H](Cc1ccccc1)NC(=O)[C@H](CC(N)=O)NC(=O)OCc1ccccc1,8.19,Ki,Ki,6.4
CCNC(=O)[C@H]1O[C@@H](n2cnc3c(N)nc(C#CC[C@H]4CC[C@H](C(=O)OC)CC4)nc32)[C@H](O)[C@@H]1O,9.3,Ki,Ki,0.5
CCNC(=O)[C@H]1C[C@@H](n2cnc3c(N[C@H](CC)Cc4sccc4Cl)ccnc32)[C@H](O)[C@@H]1O,7.25,Ki,Ki,56.0
CCNC(=O)[C@H]1O[C@@H](n2cnc3c(N)nc(NCCc4ccc(CCC(=O)O)cc4)nc32)[C@H](O)[C@@H]1O,7.16,Ki,Ki,70.0
CCNC(=O)[C@H]1O[C@@H](n2cnc3c(N)nc(NCCc4ccc(CCC(=O)N[C@@H](Cc5ccccc5)C(=O)OC)cc4)nc32)[C@H](O)[C@@H]1O,6.8,Ki,Ki,160.0
CCNC(=O)[C@H]1O[C@@H](n2cnc3c(N)nc(NCCc4ccc(CCC(=O)N[C@H](Cc5ccccc5)C(=O)OC)cc4)nc32)[C@H](O)[C@@H]1O,7.07,Ki,Ki,84.3
CCNC(=O)[C@H]1O[C@@H](n2cnc3c(N)nc(NCCc4ccc(CCC(=O)N[C@@H](Cc5c[nH]c6ccccc56)C(=O)OC)cc4)nc32)[C@H](O)[C@@H]1O,7.06,Ki,Ki,87.2
CCNC(=O)[C@H]1O[C@@H](n2cnc3c(N)nc(NCCc4ccc(CCC(=O)N[C@H](Cc5c[nH]c6ccccc56)C(=O)OC)cc4)nc32)[C@H](O)[C@@H]1O,6.89,Ki,Ki,130.0
CCNC(=O)[C@H]1O[C@@H](n2cnc3c(N)nc(NCCc4ccc(CCC(=O)N[C@@H](CC(=O)O)C(=O)O)cc4)nc32)[C@H](O)[C@@H]1O,6.75,Ki,Ki,180.0
CCNC(=O)[C@H]1O[C@@H](n2cnc3c(N)nc(NCCc4ccc(CCC(=O)N[C@H](CC(=O)O)C(=O)O)cc4)nc32)[C@H](O)[C@@H]1O,6.96,Ki,Ki,110.0
CCNC(=O)[C@H]1O[C@@H](n2cnc3c(N)nc(NCCc4ccc(CCC(=O)N[C@@H](CCCNC(=N)N)C(=O)O)cc4)nc32)[C@H](O)[C@@H]1O,7.0,Ki,Ki,100.0
CCNC(=O)[C@H]1O[C@@H](n2cnc3c(N)nc(NCCc4ccc(CCC(=O)N[C@H](CCCNC(=N)N)C(=O)O)cc4)nc32)[C@H](O)[C@@H]1O,7.3,Ki,Ki,50.0
CCNC(=O)[C@H]1O[C@@H](n2cnc3c(N)nc(NCCc4ccc(CCC(=O)N[C@@H](Cc5ccccc5)C(=O)O)cc4)nc32)[C@H](O)[C@@H]1O,7.2,Ki,Ki,63.7
CCNC(=O)[C@H]1O[C@@H](n2cnc3c(N)nc(NCCc4ccc(CCC(=O)N[C@H](Cc5ccccc5)C(=O)O)cc4)nc32)[C@H](O)[C@@H]1O,7.47,Ki,Ki,34.0
CCNC(=O)[C@H]1O[C@@H](n2cnc3c(N)nc(NCCc4ccc(CCC(=O)N[C@@H](Cc5c[nH]c6ccccc56)C(=O)O)cc4)nc32)[C@H](O)[C@@H]1O,7.14,Ki,Ki,71.7
CCNC(=O)[C@H]1O[C@@H](n2cnc3c(N)nc(NCCc4ccc(CCC(=O)N[C@H](Cc5c[nH]c6ccccc56)C(=O)O)cc4)nc32)[C@H](O)[C@@H]1O,6.89,Ki,Ki,130.0
CCNC(=O)[C@H]1O[C@@H](n2cnc3c(N)nc(NCCc4ccc(CCC(=O)N[C@@H](Cc5c[nH]cn5)C(=O)O)cc4)nc32)[C@H](O)[C@@H]1O,6.96,Ki,Ki,110.0
CCNC(=O)[C@H]1O[C@@H](n2cnc3c(N)nc(NCCc4ccc(CCC(=O)N[C@H](Cc5c[nH]cn5)C(=O)O)cc4)nc32)[C@H](O)[C@@H]1O,7.4,Ki,Ki,40.0
CCn1nnnc1[C@H]1O[C@@H](n2cnc3c(N)nc(N[C@H](CO)Cc4ccccc4)nc32)[C@H](O)[C@@H]1O,8.64,Ki,Ki,2.3
CCCn1c(=O)c2[nH]c(-c3cc(=O)[nH]n3C)cc2n(CCC)c1=O,6.02,Ki,Ki,960.0
CCCn1c(=O)c2[nH]c(-c3ccc(OCC(=O)Nc4ccc(C#N)cc4)cc3)nc2n(CCC)c1=O,6.3,Ki,Ki,503.0
CC(=O)NCCNc1nc(-c2ccccc2)nc2[nH]c(C(=O)N3CCN(CCCc4ccccc4)CC3)cc12,6.48,Ki,Ki,328.0
COc1cc(F)c(F)cc1CNc1nc(Cl)nc2c1ncn2[C@H]1[C@H](O)[C@H](O)[C@@H]2C[C@@H]21,5.12,Ki,Ki,7510.0
O[C@@H]1[C@H](O)[C@@H]2C[C@@H]2[C@H]1n1cnc2c(NC(C3CC3)C3CC3)nc(Cl)nc21,5.4,Ki,Ki,3950.0
O[C@@H]1[C@H](O)[C@@H]2C[C@@H]2[C@H]1n1cnc2c(NCC3CC3)nc(Cl)nc21,5.36,Ki,Ki,4410.0
CCC(CC)Nc1nc(Cl)nc2c1ncn2[C@H]1[C@H](O)[C@H](O)[C@@H]2C[C@@H]21,5.43,Ki,Ki,3700.0
O[C@@H]1[C@H](O)[C@@H]2C[C@@H]2[C@H]1n1cnc2c(N[C@@H]3C[C@H]4CC[C@H]3C4)nc(Cl)nc21,5.39,Ki,Ki,4080.0
O[C@@H]1[C@H](O)[C@@H]2C[C@@H]2[C@H]1n1cnc2c(N[C@H]3C[C@H]4CC[C@H]3C4)nc(Cl)nc21,5.61,Ki,Ki,2450.0
O[C@@H]1[C@H](O)[C@@H]2C[C@@H]2[C@H]1n1cnc2c(NC3CCCCCC3)nc(Cl)nc21,5.41,Ki,Ki,3930.0
O[C@@H]1[C@H](O)[C@@H]2C[C@@H]2[C@H]1n1cnc2c(NC3CCCCC3)nc(Cl)nc21,5.57,Ki,Ki,2720.0
O[C@@H]1[C@H](O)[C@@H]2C[C@@H]2[C@H]1n1cnc2c(NC3CCC3)nc(Cl)nc21,5.52,Ki,Ki,3020.0
O[C@@H]1[C@H](O)[C@@H]2C[C@@H]2[C@H]1n1cnc2c(NC3CC3)nc(Cl)nc21,5.43,Ki,Ki,3700.0
Nc1nc(Cl)nc2c1ncn2[C@H]1[C@H](O)[C@H](O)[C@@H]2C[C@@H]21,5.5,Ki,Ki,3140.0
CC(C)Cn1c2ccc(Nc3ncccn3)cc2c2c3c(c4c(c21)CCc1nn(C)cc1-4)C(=O)NC3,6.3,Ki,Ki,0.5
Nc1nnc(-c2ccccc2)c(-c2ccccc2)n1,6.93,Ki,pKi,6.93
Nc1nnc(-c2cccc(Cl)c2)c(-c2ccccc2)n1,7.29,Ki,pKi,7.29
Nc1nnc(-c2cc(Cl)cc(Cl)c2)c(-c2ccccc2)n1,8.4,Ki,pKi,8.4
Cc1cc(C)cc(-c2nnc(N)nc2-c2ccccc2)c1,7.67,Ki,pKi,7.67
Nc1nnc(-c2ccc(O)c(Cl)c2)c(-c2ccccc2)n1,8.85,Ki,pKi,8.85
Cc1cc(-c2nnc(N)nc2-c2ccccc2)cc(C)c1O,8.39,Ki,pKi,8.39
Cc1cc(-c2nnc(N)nc2-c2ccccc2)cc(C)n1,8.11,Ki,pKi,8.11
Cc1cc(-c2nnc(N)nc2-c2ccc(F)cc2)cc(C)n1,7.81,Ki,pKi,7.81
Cc1cc(-c2nnc(N)nc2-c2cc(F)cc(F)c2)cc(C)n1,7.56,Ki,pKi,7.56
Cc1cc(-c2nnc(N)nc2-c2cccc(F)c2)cc(C)n1,7.98,Ki,pKi,7.98
Cc1cc(-c2nnc(N)nc2-c2ccccc2)cc(C(F)(F)F)n1,8.46,Ki,pKi,8.46
Cc1cc(-c2nnc(N)nc2-c2ccc(F)cc2)cc(C(F)(F)F)n1,8.34,Ki,pKi,8.34
Nc1nnc(-c2ccccc2)c(-c2ccccc2)n1,5.0,Kd,pKd,5.0
Nc1nnc(-c2cccc(Cl)c2)c(-c2ccccc2)n1,6.4,Kd,pKd,6.4
Nc1nnc(-c2cc(Cl)cc(Cl)c2)c(-c2ccccc2)n1,7.3,Kd,pKd,7.3
Nc1nnc(-c2ccc(O)c(Cl)c2)c(-c2ccccc2)n1,9.6,Kd,pKd,9.6
Cc1cc(-c2nnc(N)nc2-c2ccccc2)cc(C)c1O,9.8,Kd,pKd,9.8
Cc1cc(-c2nnc(N)nc2-c2ccccc2)cc(C)n1,8.9,Kd,pKd,8.9
Cc1cc(-c2nnc(N)nc2-c2ccc(F)cc2)cc(C)n1,8.0,Kd,pKd,8.0
Cc1cc(-c2nnc(N)nc2-c2cc(F)cc(F)c2)cc(C)n1,8.0,Kd,pKd,8.0
Cc1cc(-c2nnc(N)nc2-c2cccc(F)c2)cc(C)n1,8.5,Kd,pKd,8.5
Cc1cc(-c2nnc(N)nc2-c2ccccc2)cc(C(F)(F)F)n1,8.5,Kd,pKd,8.5
Cc1cc(-c2nnc(N)nc2-c2ccc(F)cc2)cc(C(F)(F)F)n1,7.6,Kd,pKd,7.6
Cc1ccsc1/C=C/c1nc(N)nc(-c2ccccc2O)n1,8.46,Ki,pKi,8.46
Nc1cccc(CC2SC(=O)NC2=O)c1,5.15,Ki,pKi,5.15
Cc1cc(O)c(C(C)C)cc1N=C1CSC(=O)N1,5.75,Ki,pKi,5.75
CSc1nc2nc3c(c(O)n2n1)CN(Cc1ccccc1)CC3,6.15,Ki,pKi,6.15
Cc1csc(-c2coc3cc(OCC(=O)O)cc(C)c3c2=O)n1,5.65,Ki,pKi,5.65
NC(c1csc(Nc2nncc3ccccc23)n1)c1ccccc1Cl,5.62,Ki,pKi,5.62
COCCN1C(=O)c2[nH]nc(-c3ccccc3O)c2C1c1ccc(F)cc1,5.91,Ki,pKi,5.91
O=C(c1ccc(F)cc1)c1c[nH]c(C(=O)NCCCn2ccnc2)c1,5.33,Ki,pKi,5.33
CC1CC(c2ccccc2)n2nc(N3C(=O)C4CC=CCC4C3=O)nc2N1,5.7,Ki,pKi,5.7
COc1ccc(N2CC(C(=O)NC(Cc3ccccc3)C(=O)O)CC2=O)cc1,5.53,Ki,pKi,5.53
CC(=O)Oc1cc(C)c2c(=O)c(-c3nc(C)cs3)coc2c1,7.47,Ki,pKi,7.47
CCCc1cc2c(=O)c(-c3nc(C)cs3)coc2cc1OC(C)=O,8.51,Ki,pKi,8.51
CCc1cc2c(=O)c(-c3nc(C)cs3)coc2cc1OCC(=O)OC(C)C,7.82,Ki,pKi,7.82
CC(C)c1nc(N)nc(-c2ccccc2O)n1,7.91,Ki,pKi,7.91
CN1CCN(C(=O)c2cccc(-c3nc(N)nc(-c4ccccc4O)n3)c2)CC1,8.99,Ki,pKi,8.99
COC1CCN(c2cccc(-c3nc(N)nc(-c4ccccc4O)n3)c2)CC1,8.8,Ki,pKi,8.8
CNC(=O)[C@H]1O[C@@H](n2cnc3c(NCc4cccc(I)c4)nc(Cl)nc32)[C@H](O)[C@@H]1O,6.4,Ki,Ki,401.0
CCNC(=O)[C@H]1O[C@@H](n2cnc3c(N)ncnc32)[C@H](O)[C@@H]1O,7.8,Ki,Ki,16.0
CCCn1c(=O)c2[nH]c(C3CCCC3)nc2n(CCC)c1=O,6.47,Ki,Ki,337.0
O=c1c(-c2ccco2)nnc2n(CCc3ccccc3)c3ccccc3n12,7.8,Ki,Ki,15.8
O=c1c(-c2ccco2)nnc2n(Cc3ccccc3)c3ccccc3n12,6.81,Ki,Ki,156.0
O=c1c(-c2ccco2)nnc2n(-c3ccc(Cl)cc3)c3ccccc3n12,7.3,Ki,Ki,50.6
O=c1c(-c2ccco2)nnc2n(-c3ccccc3)c3ccccc3n12,5.49,Ki,Ki,3277.0
Cn1c2ccccc2n2c(=O)c(-c3ccco3)nnc12,5.58,Ki,Ki,2608.0
Oc1c(-c2ccco2)nnc2nc3ccccc3n12,7.48,Ki,Ki,33.0
CCNC(=O)[C@H]1O[C@@H](n2cnc3c(N)ncnc32)[C@H](O)[C@@H]1O,7.7,Ki,Ki,20.0
CCNC(=O)[C@H]1O[C@@H](n2cnc3c(N)nc(NCCc4ccc(CCC(=O)O)cc4)nc32)[C@H](O)[C@@H]1O,7.57,Ki,Ki,27.0
Nc1nc(SCCc2ccc(S(=O)(=O)O)cc2)nc2c1ncn2[C@@H]1O[C@H](CO)[C@@H](O)[C@H]1O,6.44,Ki,Ki,360.0
CCNC(=O)[C@H]1O[C@@H](n2cnc3c(N)nc(C#CC[C@H]4CC[C@H](C(=O)OC)CC4)nc32)[C@H](O)[C@@H]1O,9.3,Ki,Ki,0.5
COc1cccc2cc(C(=O)Nc3c(C#N)ncn3-c3ccc(F)cc3)c(=N)oc12,6.2,Ki,pKi,6.2
COc1cccc2cc(C(=O)Nc3c(C#N)ncn3-c3ccccc3)c(=N)oc12,6.0,Ki,pKi,6.0
COc1cccc2cc(C(N)=O)c(=N)oc12,7.1,Ki,pKi,7.1
COCCNC(=O)c1cc2cccc(OC)c2oc1=N,6.3,Ki,pKi,6.3
COc1cccc2cc(C(=O)NCCO)c(=N)oc12,6.0,Ki,pKi,6.0
COc1cccc2cc(C(=O)NCCCO)c(=N)oc12,6.2,Ki,pKi,6.2
COc1cccc2cc(C(=O)NCCCCCO)c(=N)oc12,6.0,Ki,pKi,6.0
COc1cccc2cc(C(=O)NCCc3ccc(O)cc3)c(=N)oc12,6.9,Ki,pKi,6.9
COc1cccc2cc(C(=O)NCC(O)c3ccccc3)c(=N)oc12,6.3,Ki,pKi,6.3
COc1cccc2cc(C(=O)NC3CCCC3)c(=N)oc12,6.4,Ki,pKi,6.4
COc1cccc2cc(C(=O)NC3CCCCC3)c(=N)oc12,6.4,Ki,pKi,6.4
COc1cccc2cc(C(=O)NCCCNC(=O)c3cc4cccc(OC)c4oc3=N)c(=N)oc12,6.4,Ki,pKi,6.4
COc1cccc2cc(C(=O)NCCCN3CCN(CCCNC(=O)c4cc5cccc(OC)c5oc4=N)CC3)c(=N)oc12,6.5,Ki,pKi,6.5
COc1cccc2cc(C(=O)NCCCOCCCCOCCCNC(=O)c3cc4cccc(OC)c4oc3=N)c(=N)oc12,6.4,Ki,pKi,6.4
CCOC(CNC(=O)c1cc2cccc(OC)c2oc1=N)OCC,5.8,Ki,pKi,5.8
COC(=O)/C(C#N)=C/c1cccc(OC)c1O,6.5,Ki,pKi,6.5
CNC(=O)[C@@]12C[C@@H]1[C@@H](n1cnc3c(NC)nc(C#Cc4cccc(Cl)c4)nc31)[C@H](O)[C@@H]2O,5.9,Ki,Ki,1270.0
CNC(=O)[C@@]12C[C@@H]1[C@@H](n1cnc3c(NC)nc(C#Cc4ccc(C(C)=O)cc4)nc31)[C@H](O)[C@@H]2O,5.28,Ki,Ki,5300.0
CNC(=O)[C@@]12C[C@@H]1[C@@H](n1cnc3c(NCc4cccc(Cl)c4)nc(C#Cc4cccc(Cl)c4)nc31)[C@H](O)[C@@H]2O,5.76,Ki,Ki,1740.0
CNC(=O)[C@@]12C[C@@H]1[C@@H](n1cnc3c(NCc4cccc(Cl)c4)nc(C#Cc4ccc5ccc6cccc7ccc4c5c67)nc31)[C@H](O)[C@@H]2O,5.51,Ki,Ki,3110.0
CNC(=O)[C@@]12C[C@@H]1[C@@H](n1cnc3c(NCc4cccc(I)c4)ncnc31)[C@H](O)[C@@H]2O,5.21,Ki,Ki,6200.0
CNC(=O)[C@@]12C[C@@H]1[C@@H](n1cnc3c(NCc4cccc(Cl)c4)nc(Cl)nc31)[C@H](O)[C@@H]2O,5.64,Ki,Ki,2300.0
O=C1c2ccccc2C(=O)c2cc(OCC(O)CN3CCCCC3)ccc21,5.3,Ki,pKi,5.3
N#C/C(=N\Nc1ccc(S(N)(=O)=O)cc1)c1nc2ccccc2[nH]1,5.3,Ki,pKi,5.3
O=C(CCN1C(=O)c2ccccc2C1=O)Nc1nc2ccccc2s1,5.3,Ki,pKi,5.3
COCC1=CC(O)N=C(Nc2nc(C)c3ccccc3n2)N1,6.2,Ki,pKi,6.2
CC1CCN(C(=O)c2ccc3c(=O)[nH]c4c(-c5ccccc5)nnn4c3c2)CC1,5.6,Ki,pKi,5.6
COc1cc(/C=N/Nc2ncnc3sc4c(c23)CCCC4)ccc1O,5.3,Ki,pKi,5.3
N=C(NC(=O)C(Cc1ccccc1)N1C(=O)c2ccccc2C1=O)Nc1nc2ccccc2o1,5.4,Ki,pKi,5.4
Cc1[nH]c2nc3ccccc3n2c(=O)c1CCOC(=O)C1CCCCC1,5.6,Ki,pKi,5.6
Cc1ccc2[nH]c3nc(SCC(=O)Nc4ncc(C)s4)nnc3c2c1,5.4,Ki,pKi,5.4
CC1=C(C(=O)Nc2nc3ccccc3s2)C(c2ccco2)C(C#N)=C(SCC(N)=O)N1,5.2,Ki,pKi,5.2
N/C(=N\C(=O)CN1C(=O)C2CCCCC2C1=O)Nc1nc2ccccc2s1,5.3,Ki,pKi,5.3
Cc1cccc2sc(NC(=O)CNS(=O)(=O)c3cccs3)nc12,5.8,Ki,pKi,5.8
N#CCSc1nc2cc(C(=O)N3CCC(C(N)=O)CC3)ccc2c2nc3ccccc3n12,6.0,Ki,pKi,6.0
Nc1ccc(C(=O)Nc2ccc(O)c(-c3nc4ccccc4[nH]3)c2)cc1,5.8,Ki,pKi,5.8
Cc1n[nH]c(C)c1S(=O)(=O)N1CCC(C(=O)Nc2nc3c(C)cccc3s2)CC1,6.0,Ki,pKi,6.0
CCOC(=O)c1nc[nH]c1/N=N/c1c(O)ccc2ccccc12,5.9,Ki,pKi,5.9
Cc1cc(NC(=O)CSc2nc3ccccc3c3nc4ccccc4n23)n[nH]1,6.2,Ki,pKi,6.2
CCCc1nn(C)c2c(=O)[nH]c(-c3cc(S(=O)(=O)N4CCN(C)CC4)ccc3OCC)nc12,6.7,Ki,pKi,6.7
CCCN1CCC(NC(=O)Nc2nc3nn(C)cc3c3nc(-c4ccco4)nn23)CC1,5.92,Ki,Ki,1193.0
C=CCN1CCC(NC(=O)Nc2nc3nn(C)cc3c3nc(-c4ccco4)nn23)CC1,5.85,Ki,Ki,1423.0
C#CCN1CCC(NC(=O)Nc2nc3nn(C)cc3c3nc(-c4ccco4)nn23)CC1,6.1,Ki,Ki,789.0
Cn1cc2c(nc(NC(=O)NC3CCN(Cc4ccccc4)CC3)n3nc(-c4ccco4)nc23)n1,6.28,Ki,Ki,526.0
Cn1cc2c(nc(NC(=O)NC3CCN(Cc4ccc(C#N)cc4)CC3)n3nc(-c4ccco4)nc23)n1,5.65,Ki,Ki,2223.0
CCOC(=O)CN1CCC(NC(=O)Nc2nc3nn(C)cc3c3nc(-c4ccco4)nn23)CC1,5.96,Ki,Ki,1084.0
Cn1cc2c(nc(NC(=O)NC3CCN(C(=O)NCCc4ccccc4)CC3)n3nc(-c4ccco4)nc23)n1,5.74,Ki,Ki,1842.0
Cn1cc2c(nc(NC(=O)NC3CCN(C(=O)NCCCc4ccccc4)CC3)n3nc(-c4ccco4)nc23)n1,5.79,Ki,Ki,1641.0
Cn1cc2c(nc(NC(=O)NC3CCN(C(=O)NCc4ccc(F)cc4)CC3)n3nc(-c4ccco4)nc23)n1,5.49,Ki,Ki,3255.0
Cn1cc2c(nc(NC(=O)NC3CCN(C(=O)NCc4ccc(Cl)cc4)CC3)n3nc(-c4ccco4)nc23)n1,5.94,Ki,Ki,1137.0
Cc1ccc(CNC(=O)N2CCC(NC(=O)Nc3nc4nn(C)cc4c4nc(-c5ccco5)nn34)CC2)cc1,5.55,Ki,Ki,2813.0
Cn1cc2c(nc(NC(=O)NC3CCN(C(=O)Nc4ccncc4)CC3)n3nc(-c4ccco4)nc23)n1.O=C(O)C(F)(F)F,5.73,Ki,Ki,1856.0
CN1CCN(C(=O)N2CCC(NC(=O)Nc3nc4nn(C)cc4c4nc(-c5ccco5)nn34)CC2)CC1.O=C(O)C(F)(F)F,5.89,Ki,Ki,1282.0
CCCn1cc2c(nc(NC(=O)Nc3ccc(OC)cc3)n3nc(-c4ccco4)nc23)n1,6.85,Ki,Ki,141.0
Cl.Cn1cc2c(nc(NC(=O)Nc3ccncc3)n3nc(-c4ccco4)nc23)n1,7.0,Ki,Ki,100.0
CCNC(=O)[C@H]1O[C@@H](n2cnc3c(N)ncnc32)[C@H](O)[C@@H]1O,7.46,Ki,Ki,35.0
Nc1ncnc2c1ncn2[C@@H]1O[C@H](C(=O)NCC(F)(F)F)[C@@H](O)[C@H]1O,6.75,Ki,Ki,180.0
CCCNC(=O)[C@H]1O[C@@H](n2cnc3c(N)ncnc32)[C@H](O)[C@@H]1O,6.68,Ki,Ki,210.0
Nc1ncnc2c1ncn2[C@@H]1O[C@H](C(=O)NCCO)[C@@H](O)[C@H]1O,6.3,Ki,Ki,505.0
NCCNC(=O)[C@H]1O[C@@H](n2cnc3c(N)ncnc32)[C@H](O)[C@@H]1O,5.51,Ki,Ki,3120.0
Nc1ncnc2c1ncn2[C@@H]1O[C@H](C(=O)NC2CC2)[C@@H](O)[C@H]1O,7.3,Ki,Ki,50.0
Nc1ncnc2c1ncn2[C@@H]1O[C@H](C(=O)NC2CCC2)[C@@H](O)[C@H]1O,7.47,Ki,Ki,34.0
Nc1ncnc2c1ncn2[C@@H]1O[C@H](C(=O)NC2CCCC2)[C@@H](O)[C@H]1O,6.19,Ki,Ki,650.0
O[C@@H]1[C@H](O)[C@@H]2C[C@@H]2[C@H]1n1cnc2c(NCc3cccc(Cl)c3)nc(C#Cc3ccccc3)nc21,6.17,Ki,Ki,680.0
O[C@@H]1[C@H](O)[C@@H]2C[C@@H]2[C@H]1n1cnc2c(NCc3cccc(Cl)c3)nc(C#Cc3ccc(F)c(F)c3)nc21,5.87,Ki,Ki,1350.0
O[C@@H]1[C@H](O)[C@@H]2C[C@@H]2[C@H]1n1cnc2c(NCc3cccc(Cl)c3)nc(C#Cc3cccc(Cl)c3)nc21,5.75,Ki,Ki,1800.0
CCn1c(=O)c2c(nc(/C=C/c3ccc(OC)c(OC)c3)n2C)n(CC)c1=O,7.04,Ki,Ki,0.0908
Cn1c(=O)c2c(ncn2C)n(C)c1=O,4.63,Ki,Ki,23.4
Cn1c(=O)c2c(nc3n2CCN3C2CCCCC2)n(C)c1=O,5.79,Ki,Ki,1.61
Cn1c(=O)c2c(nc3n2CCN3C2CCC(O)CC2)n(C)c1=O,5.49,Ki,Ki,3.27
Cn1c(=O)c2c(nc3n2CCN3C2CCCCCCC2)n(C)c1=O,6.51,Ki,Ki,0.306
Cn1c(=O)c2c(nc3n2CCCN3CC2CC2)n(C)c1=O,6.38,Ki,Ki,0.417
Cn1c(=O)c2c(nc3n2CCCN3C2CCC2)n(C)c1=O,6.07,Ki,Ki,0.847
Cn1c(=O)c2c(nc3n2CCCN3C2CCCCC2)n(C)c1=O,5.79,Ki,Ki,1.61
Cn1c(=O)c2c(nc3n2CCCN3[C@H]2CC[C@H](O)CC2)n(C)c1=O,4.72,Ki,Ki,19.0
CC(=O)O[C@H]1CC[C@H](N2CCCn3c2nc2c3c(=O)n(C)c(=O)n2C)CC1,4.66,Ki,Ki,21.9
CC1CCC(N2CCCn3c2nc2c3c(=O)n(C)c(=O)n2C)CC1,6.21,Ki,Ki,0.61
Cn1c(=O)c2c(nc3n2CCCN3CCC2=CCCCC2)n(C)c1=O,6.03,Ki,Ki,0.933
Cn1c(=O)c2c(nc3n2CCCN3C2CCCCCC2)n(C)c1=O,5.94,Ki,Ki,1.16
Cn1c(=O)c2c(nc3n2CCCN3C2CCCCCCC2)n(C)c1=O,5.82,Ki,Ki,1.53
Cn1c(=O)c2c(nc3n2CCCCN3C2CCCCCCC2)n(C)c1=O,5.62,Ki,Ki,2.4
C[C@@H](Oc1cccc(Cl)c1)C(=O)Nc1nc(-c2ccccc2)n[nH]1,6.0,Ki,Ki,1.0
C[C@@H](Oc1ccccc1)C(=O)Nc1nc(-c2ccccc2)n[nH]1,6.0,Ki,Ki,1.0
Cc1ccc(O[C@H](C)C(=O)Nc2nc(-c3ccccc3)n[nH]2)cc1,5.19,Ki,Ki,6.4
C[C@@H](Oc1ccc(Cl)cc1)C(=O)Nc1nc(-c2ccccc2)n[nH]1,5.4,Ki,Ki,4.0
C[C@@H](Oc1ccccc1F)C(=O)Nc1nc(-c2ccccc2)n[nH]1,6.0,Ki,Ki,1.0
CC(C)(Oc1ccc(Cl)cc1)C(=O)Nc1nc(-c2ccccc2)n[nH]1,5.06,Ki,Ki,8.8
CC[C@@H](Oc1ccccc1)C(=O)Nc1nc(-c2ccccc2)n[nH]1,5.85,Ki,Ki,1.4
Cc1cccc(OCC(=O)Nc2nc(-c3ccccc3)n[nH]2)c1,5.7,Ki,Ki,2.0
O=C(COc1ccccc1)Nc1nc(-c2ccccc2)n[nH]1,5.75,Ki,Ki,1.8
Cc1ccccc1OCC(=O)Nc1nc(-c2ccccc2)n[nH]1,5.77,Ki,Ki,1.7
Cc1cccc(C)c1OCC(=O)Nc1nc(-c2ccccc2)n[nH]1,5.77,Ki,Ki,1.7
O=C(COc1ccc2c(c1)CCC2)Nc1nc(-c2ccccc2)n[nH]1,5.41,Ki,Ki,3.9
Cc1cc(C)cc(OCC(=O)Nc2nc(-c3ccccc3)n[nH]2)c1,5.5,Ki,Ki,3.2
C[C@@H](Sc1ccccc1)C(=O)Nc1nc(-c2ccccc2)n[nH]1,5.66,Ki,Ki,2.2
O=C(CCc1ccccc1)Nc1nc(-c2ccccc2)n[nH]1,5.47,Ki,Ki,3.4
O=C(COCc1ccccc1)Nc1nc(-c2ccccc2)n[nH]1,5.3,Ki,Ki,5.0
O=C(COc1ccccc1)Nc1nc(-c2ccc(F)cc2)n[nH]1,5.46,Ki,Ki,3.5
Cc1ccc(-c2n[nH]c(NC(=O)COc3ccccc3)n2)cc1,5.44,Ki,Ki,3.6
Cc1cccc(-c2n[nH]c(NC(=O)C(C)Oc3ccccc3)n2)c1,5.7,Ki,Ki,2.0
Cc1cccc(-c2n[nH]c(NC(=O)[C@@H](C)Oc3ccccc3)n2)c1,5.75,Ki,Ki,1.8
CCC(=O)Nc1nc(-c2ccccc2)n[nH]1,5.6,Ki,Ki,2.5
CCCC(=O)Nc1nc(-c2ccccc2)n[nH]1,5.96,Ki,Ki,1.1
O=C(Nc1nc(-c2ccccc2)n[nH]1)C1CCCO1,5.23,Ki,Ki,5.9
O=C(Nc1nc(-c2ccccc2)n[nH]1)c1ccccc1,6.4,Ki,Ki,0.4
Cc1ccc(C(=O)Nc2nc(-c3ccccc3)n[nH]2)cc1,6.52,Ki,Ki,0.3
O=C(Nc1nc(-c2ccccc2)n[nH]1)c1ccc(Cl)cc1,5.55,Ki,Ki,2.8
COc1ccccc1C(=O)Nc1nc(-c2ccccc2)n[nH]1,6.7,Ki,Ki,0.2
COc1ccccc1NC(=O)Nc1nc(-c2ccccc2)n[nH]1,6.7,Ki,Ki,0.2
COc1ccc(CC(=O)Nc2nc(-c3ccccc3)n[nH]2)cc1,6.0,Ki,Ki,1.0
Cc1cccc(O[C@H](C)C(=O)Nc2nc(-c3ccccc3)n[nH]2)c1,5.92,Ki,Ki,1.2
CC(C)n1cc(-c2ncc(N)nc2-c2ccc(F)cc2)ccc1=O,8.74,Ki,Ki,1.8
Nc1nc(-c2ccccc2)c2c(n1)-c1cc(OCCN3CCOCC3)ccc1C2=O,8.19,Ki,Ki,6.5
CN1CCN(C(=O)c2ccc3c(c2)-c2nc(N)nc(-c4ccccc4)c2C3=O)CC1,8.09,Ki,Ki,8.2
Nc1nc(-c2ccccc2)c2c(n1)-c1cc(C(F)(F)c3cccnc3)ccc1C2=O,8.8,Ki,Ki,1.6
Nc1nc(-c2ccccc2)c2c(n1)-c1cc(C(=O)c3cccnc3)ccc1C2=O,9.3,Ki,Ki,0.5
Nc1nc(-c2ccccc2)c2c(n1)-c1cc(Cc3cnccc3Cl)ccc1C2=O,10.0,Ki,Ki,0.1
Nc1nc(-c2ccccc2)c2c(n1)-c1cc(Cc3ccncc3F)ccc1C2=O,9.15,Ki,Ki,0.7
Nc1nc(-c2ccccc2)c2c(n1)-c1cc(Cc3cncc(F)c3)ccc1C2=O,8.89,Ki,Ki,1.3
N#Cc1cncc(Cc2ccc3c(c2)-c2nc(N)nc(-c4ccccc4)c2C3=O)c1,8.85,Ki,Ki,1.4
Nc1nc(-c2ccccc2)c2c(n1)-c1cc(Cc3cccnc3)ccc1C2=O,9.52,Ki,Ki,0.3
Nc1nc(-c2ccccc2)c2c(n1)-c1cc(CN3CCCC3)ccc1C2=O,8.39,Ki,Ki,4.1
CC1CC[C@@H](C)N1Cc1ccc2c(c1)-c1nc(N)nc(-c3ccccc3)c1C2=O,7.88,Ki,Ki,13.1
Nc1nc(-c2ccccc2)c2c(n1)-c1cc(CN3C4CCC3CC4)ccc1C2=O,8.51,Ki,Ki,3.1
Nc1nc(-c2ccccc2)nc(-c2ccccc2O)n1,7.37,Ki,Ki,0.043
N#Cc1cnc(N)nc1-c1ccccc1,6.8,Ki,Ki,0.16
COCc1cc(C)nc2sc(-c3nc(N)nc(N(C)C)n3)c(N)c12,5.8,Ki,Ki,1.6
O=C(Cc1ccccc1)Nc1nn2c(-c3ccco3)nnc2s1,5.29,Ki,Ki,5.1
COc1nc(N)c(C#N)c(-c2ccc3c(c2)OCO3)c1C#N,4.51,Ki,Ki,31.0
COP(=O)(OC)OC[C@H]1O[C@@H](n2cnc3c(NC4CCCC4)nc(Cl)nc32)[C@H](O)[C@@H]1O,5.33,Ki,Ki,4700.0
O=P([O-])([O-])OC[C@H]1O[C@@H](n2cnc3c(NC4CCCC4)nc(Cl)nc32)[C@H](O)[C@@H]1O.[Na+].[Na+],5.8,Ki,Ki,1600.0
NCCNC(=O)Cc1ccc(NC(=O)Cc2ccc(Nc3ncnc4c3ncn4[C@@H]3O[C@H](CO)[C@@H](O)[C@H]3O)cc2)cc1,6.43,Ki,Ki,370.0
CCNC(=O)[C@H]1O[C@@H](n2cnc3c(N)ncnc32)[C@H](O)[C@@H]1O,7.7,Ki,Ki,20.0
OC[C@H]1O[C@@H](n2cnc3c(NC4CCCC4)nc(Cl)nc32)[C@H](O)[C@@H]1O,5.64,Ki,Ki,2270.0
OC[C@H]1O[C@@H](n2cnc3c(NC4CCCC4)ncnc32)[C@H](O)[C@@H]1O,6.1,Ki,Ki,794.0
COC(=O)c1cnn(-c2nc(NC(C3CC3)C3CC3)c3ncn([C@H]4[C@H](O)[C@H](O)[C@@H]5C[C@@H]54)c3n2)c1,5.39,Ki,Ki,4110.0
O[C@@H]1[C@H](O)[C@@H]2C[C@@H]2[C@H]1n1cnc2c(NC(C3CC3)C3CC3)nc(I)nc21,5.65,Ki,Ki,2230.0
O[C@@H]1[C@H](O)[C@@H]2C[C@@H]2[C@H]1n1cnc2c(N[C@@H](CC3CC3)C3CC3)nc(Cl)nc21,5.59,Ki,Ki,2550.0
O[C@@H]1[C@H](O)[C@@H]2C[C@@H]2[C@H]1n1cnc2c(N[C@H](CC3CC3)C3CC3)nc(Cl)nc21,5.32,Ki,Ki,4840.0
O[C@@H]1[C@H](O)[C@@H]2C[C@@H]2[C@H]1n1cnc2c(N[C@H](C3CCC3)C3CC3)nc(Cl)nc21,5.19,Ki,Ki,6450.0
O[C@@H]1[C@H](O)[C@@H]2C[C@@H]2[C@H]1n1cnc2c(N[C@@H](C3CCC3)C3CC3)nc(Cl)nc21,5.26,Ki,Ki,5470.0
CC(C)[C@H](Nc1nc(Cl)nc2c1ncn2[C@H]1[C@H](O)[C@H](O)[C@@H]2C[C@@H]21)C1CC1,5.44,Ki,Ki,3650.0
CC(C)[C@@H](Nc1nc(Cl)nc2c1ncn2[C@H]1[C@H](O)[C@H](O)[C@@H]2C[C@@H]21)C1CC1,5.8,Ki,Ki,1570.0
CC[C@H](Nc1nc(Cl)nc2c1ncn2[C@H]1[C@H](O)[C@H](O)[C@@H]2C[C@@H]21)C1CC1,5.31,Ki,Ki,4910.0
CC[C@@H](Nc1nc(Cl)nc2c1ncn2[C@H]1[C@H](O)[C@H](O)[C@@H]2C[C@@H]21)C1CC1,5.44,Ki,Ki,3610.0
O[C@@H]1[C@H](O)[C@@H]2C[C@@H]2[C@H]1n1cnc2c(NC(C3CC3)C3CC3)nc(Cl)nc21,5.4,Ki,Ki,3950.0
O[C@@H]1[C@H](O)[C@@H]2C[C@@H]2[C@H]1n1cnc2c(NCC3CC3)nc(Cl)nc21,5.36,Ki,Ki,4410.0
Nc1nc(Cl)nc2c1ncn2[C@H]1[C@H](O)[C@H](O)[C@@H]2C[C@@H]21,5.5,Ki,Ki,3140.0
O=C1NCCC12O[C@@H](n1cnc3c(NCc4cccc(I)c4)ncnc31)[C@H](O)[C@@H]2O,4.53,Ki,Ki,29800.0
Cc1ccc(-c2nc(NC(=O)Nc3ccc(F)cc3)c3nnn(Cc4ccccc4F)c3n2)cc1,5.09,Ki,Ki,8050.0
OC[C@H]1O[C@@H](n2cnc3c(NC4CC4c4ccccc4)ncnc32)[C@H](O)[C@@H]1O,5.6,Ki,Ki,2530.0
OC[C@H]1O[C@@H](n2cnc3c(N[C@@H]4C[C@H]4c4cccc(C(F)(F)F)c4)ncnc32)[C@H](O)[C@@H]1O,5.62,Ki,Ki,2370.0
CNC(=O)[C@@]12C[C@@H]1[C@@H](n1cnc3c(NCc4cccc(Cl)c4)nc(Cl)nc31)[C@H](O)[C@@H]2O,5.64,Ki,Ki,2300.0
Cc1cccc2[nH]c(-c3cnc4ccccc4n3)nc12,6.08,Ki,Ki,833.0
OC[C@H]1O[C@@H](n2cnc3c(NCC(c4ccccc4)c4ccccc4)ncnc32)[C@H](O)[C@@H]1O,6.29,Ki,Ki,510.0
CCCN1C(=O)N2CCN=C2c2[nH]c(-c3ccc(Br)cc3)nc21,6.33,Ki,Ki,470.0
COc1ccc(-c2c(C#N)c(N)nc(SCc3ncc[nH]3)c2C#N)cc1,6.67,Ki,Ki,214.0
OC[C@H]1O[C@@H](n2cnc3c(NCC4c5ccccc5-c5ccccc54)ncnc32)[C@H](O)[C@@H]1O,6.84,Ki,Ki,145.0
CCCn1c(=O)c2c(nc3ccccn32)n(Cc2ccccc2)c1=O,6.92,Ki,Ki,119.0
Cn1cc2c(nc(NC(=O)Nc3ccncc3)n3nc(-c4ccco4)nc23)n1,7.0,Ki,Ki,100.0
O=C(Cc1ccccc1)Nc1nc2ccc(Cl)cc2c2nc(-c3ccco3)nn12,7.6,Ki,Ki,25.0
CCn1nnc([C@H]2O[C@@H](n3cnc4c(N)nc(N[C@H](CO)Cc5ccccc5)nc43)[C@H](O)[C@@H]2O)n1,7.8,Ki,Ki,16.0
Cn1cc2c(nc(NC(c3ccccc3)c3ccccc3)n3nc(-c4ccco4)nc23)n1,6.05,Ki,Ki,900.0
Cn1cc2c(nc(N3CCOCC3)n3nc(-c4ccco4)nc23)n1,5.78,Ki,Ki,1670.0
CN1CCN(c2nc3nn(C)cc3c3nc(-c4ccco4)nn23)CC1,5.11,Ki,Ki,7690.0
Cn1cc2c(nc(N3CCCCC3)n3nc(-c4ccco4)nc23)n1,6.45,Ki,Ki,352.0
Cn1cc2c(nc(N3CCCC3)n3nc(-c4ccco4)nc23)n1,6.88,Ki,Ki,132.0
CCN(CCO)c1nc2nn(C)cc2c2nc(-c3ccco3)nn12,5.19,Ki,Ki,6430.0
Cn1cc2c(nc(N(Cc3ccccc3)Cc3ccccc3)n3nc(-c4ccco4)nc23)n1,5.94,Ki,Ki,1150.0
CN(Cc1ccccc1)c1nc2nn(C)cc2c2nc(-c3ccco3)nn12,5.97,Ki,Ki,1080.0
CN(c1nc2nn(C)cc2c2nc(-c3ccco3)nn12)C1CCCCC1,5.56,Ki,Ki,2730.0
CCCCCN(CCCCC)c1nc2nn(C)cc2c2nc(-c3ccco3)nn12,5.13,Ki,Ki,7490.0
CCN(CC)c1nc2nn(C)cc2c2nc(-c3ccco3)nn12,6.1,Ki,Ki,798.0
CCCCN(C)c1nc2nn(C)cc2c2nc(-c3ccco3)nn12,5.86,Ki,Ki,1380.0
CN(C)c1nc2nn(C)cc2c2nc(-c3ccco3)nn12,5.99,Ki,Ki,1030.0
Cn1cc2c(nc(NCCOc3ccccc3)n3nc(-c4ccco4)nc23)n1,6.92,Ki,Ki,121.0
COCCNc1nc2nn(C)cc2c2nc(-c3ccco3)nn12,6.39,Ki,Ki,407.0
CONc1nc2nn(C)cc2c2nc(-c3ccco3)nn12,6.73,Ki,Ki,185.0
Cn1cc2c(nc(NCCCCCCO)n3nc(-c4ccco4)nc23)n1,6.96,Ki,Ki,109.0
Cn1cc2c(nc(NCCCCCO)n3nc(-c4ccco4)nc23)n1,6.91,Ki,Ki,124.0
Cn1cc2c(nc(NCCCCO)n3nc(-c4ccco4)nc23)n1,6.6,Ki,Ki,251.0
Cn1cc2c(nc(NC(CO)CO)n3nc(-c4ccco4)nc23)n1,6.22,Ki,Ki,597.0
CCC(CO)Nc1nc2nn(C)cc2c2nc(-c3ccco3)nn12,6.68,Ki,Ki,207.0
CC(O)CNc1nc2nn(C)cc2c2nc(-c3ccco3)nn12,6.87,Ki,Ki,136.0
Cn1cc2c(nc(NCCCO)n3nc(-c4ccco4)nc23)n1,6.81,Ki,Ki,155.0
Cn1cc2c(nc(NCCO)n3nc(-c4ccco4)nc23)n1,6.8,Ki,Ki,157.0
Cn1cc2c(nc(NCCc3c[nH]c4ccccc34)n3nc(-c4ccco4)nc23)n1,7.11,Ki,Ki,77.0
CC(CCc1ccccc1)Nc1nc2nn(C)cc2c2nc(-c3ccco3)nn12,6.83,Ki,Ki,147.0
COc1ccc(CCNc2nc3nn(C)cc3c3nc(-c4ccco4)nn23)cc1OC,7.03,Ki,Ki,92.5
Cn1cc2c(nc(NCCc3ccccc3)n3nc(-c4ccco4)nc23)n1,7.34,Ki,Ki,46.1
Cn1cc2c(nc(NCc3ccc(-c4ccccc4)cc3)n3nc(-c4ccco4)nc23)n1,6.23,Ki,Ki,593.0
COc1ccc(CNc2nc3nn(C)cc3c3nc(-c4ccco4)nn23)cc1OC,7.19,Ki,Ki,64.1
Cn1cc2c(nc(NCc3ccc(C(F)(F)F)cc3)n3nc(-c4ccco4)nc23)n1,6.61,Ki,Ki,245.0
Cn1cc2c(nc(NCc3ccc(F)cc3)n3nc(-c4ccco4)nc23)n1,7.06,Ki,Ki,87.5
Cn1cc2c(nc(NCc3ccc(Cl)cc3)n3nc(-c4ccco4)nc23)n1,7.12,Ki,Ki,75.4
COc1ccc(CNc2nc3nn(C)cc3c3nc(-c4ccco4)nn23)cc1,6.75,Ki,Ki,177.0
Cc1ccc(CNc2nc3nn(C)cc3c3nc(-c4ccco4)nn23)cc1,6.93,Ki,Ki,117.0
C[C@@H](Nc1nc2nn(C)cc2c2nc(-c3ccco3)nn12)c1ccccc1,7.42,Ki,Ki,38.2
C[C@H](Nc1nc2nn(C)cc2c2nc(-c3ccco3)nn12)c1ccccc1,7.26,Ki,Ki,55.2
Cn1cc2c(nc(NCc3ccccc3)n3nc(-c4ccco4)nc23)n1,7.04,Ki,Ki,91.0
Cn1cc2c(nc(NC3C4CC5CC(C4)CC3C5)n3nc(-c4ccco4)nc23)n1,6.07,Ki,Ki,848.0
Cn1cc2c(nc(NCC3CCCCC3)n3nc(-c4ccco4)nc23)n1,6.09,Ki,Ki,814.0
Cn1cc2c(nc(NC3CCCCCCC3)n3nc(-c4ccco4)nc23)n1,6.55,Ki,Ki,279.0
Cn1cc2c(nc(NC3CCCCCC3)n3nc(-c4ccco4)nc23)n1,6.47,Ki,Ki,336.0
Cn1cc2c(nc(NC3CCCCC3)n3nc(-c4ccco4)nc23)n1,6.63,Ki,Ki,233.0
Cn1cc2c(nc(NC3CCCC3)n3nc(-c4ccco4)nc23)n1,6.89,Ki,Ki,130.0
Cn1cc2c(nc(NC3CCC3)n3nc(-c4ccco4)nc23)n1,7.08,Ki,Ki,83.9
Cn1cc2c(nc(NC3CC3)n3nc(-c4ccco4)nc23)n1,6.95,Ki,Ki,113.0
Cn1cc2c(nc(NC(C)(C)C(C)(C)C)n3nc(-c4ccco4)nc23)n1,5.49,Ki,Ki,3230.0
CCCCC(CC)CNc1nc2nn(C)cc2c2nc(-c3ccco3)nn12,6.29,Ki,Ki,512.0
CCCCCCC(C)Nc1nc2nn(C)cc2c2nc(-c3ccco3)nn12,6.15,Ki,Ki,701.0
CCCCCC(C)Nc1nc2nn(C)cc2c2nc(-c3ccco3)nn12,6.35,Ki,Ki,446.0
CCCCCNc1nc2nn(C)cc2c2nc(-c3ccco3)nn12,6.78,Ki,Ki,168.0
CC[C@@H](C)Nc1nc2nn(C)cc2c2nc(-c3ccco3)nn12,6.57,Ki,Ki,272.0
CC[C@H](C)Nc1nc2nn(C)cc2c2nc(-c3ccco3)nn12,6.61,Ki,Ki,244.0
CCC(C)Nc1nc2nn(C)cc2c2nc(-c3ccco3)nn12,6.61,Ki,Ki,248.0
CC(C)Nc1nc2nn(C)cc2c2nc(-c3ccco3)nn12,6.41,Ki,Ki,389.0
CCNc1nc2nn(C)cc2c2nc(-c3ccco3)nn12,6.68,Ki,Ki,208.0
CNc1nc2nn(C)cc2c2nc(-c3ccco3)nn12,6.43,Ki,Ki,368.0
CCOc1nc2nn(C)cc2c2nc(-c3ccco3)nn12,5.21,Ki,Ki,6120.0
Cn1cc2c(nc(Cl)n3nc(-c4ccco4)nc23)n1,4.52,Ki,Ki,29900.0
O[C@@H]1[C@H](O)[C@@H](CF)O[C@H]1n1cnc2c(NC3CCOCC3)ncnc21,5.3,Ki,pKi,5.3
OC[C@H]1O[C@@H](n2cnc3c(N[C@H]4CCC[C@@H]4O)ncnc32)[C@H](O)[C@@H]1O,4.6,Ki,pKi,4.6
CC(C)(C)C(=O)c1cc2c([nH]c1=O)CC(c1ccccc1)CC2=O,4.8,Ki,Ki,16.0
O=C1CC(c2ccccc2)Cc2[nH]c(=O)c(S(=O)(=O)c3ccccc3)cc21,5.16,Ki,Ki,7.0
Nc1nc2ccccc2c2cc(-c3ccco3)nn12,7.1,Ki,Ki,80.0
CC(=O)Nc1cc(-c2ccc3c(c2)OCO3)nc(-c2ccc3c(c2)OCO3)n1,5.48,Ki,Ki,3345.0
COc1cccc(-c2cc(NC(C)=O)nc(-c3cccc(OC)c3OC)n2)c1OC,6.43,Ki,Ki,375.1
COc1cccc(-c2cc(NC(C)=O)nc(-c3cccc(OC)c3)n2)c1,7.31,Ki,Ki,49.4
CC(=O)Nc1cc(-c2ccccc2)nc(-c2ccccc2)n1,6.59,Ki,Ki,255.3
Cn1c(=O)c2c(nc(/C=C/c3ccc(Cl)cc3)n2C)n(C)c1=O,6.85,Ki,Ki,140.8
Cn1c(=O)c2c(cc(/C=C/c3ccccc3O)n2C)n(C)c1=O,5.94,Ki,Ki,1144.0
CC(=O)c1ccc(/C=C/c2cc3c(c(=O)n(C)c(=O)n3C)n2C)cc1,7.03,Ki,Ki,93.9
Cn1c(=O)c2c(cc(/C=C/c3cccc(N)n3)n2C)n(C)c1=O,6.05,Ki,Ki,886.8
Cn1c(=O)c2c(cc(/C=C/c3ccc4c(c3)OCO4)n2C)n(C)c1=O,6.33,Ki,Ki,467.3
CCCOc1ccc(/C=C/c2cc3c(c(=O)n(C)c(=O)n3C)n2C)cc1,6.51,Ki,Ki,306.9
COc1ccc(/C=C/c2cc3c(c(=O)n(C)c(=O)n3C)n2C)cc1,6.61,Ki,Ki,246.6
Cn1c(=O)c2c(cc(/C=C/c3ccc(C(F)(F)F)cc3)n2C)n(C)c1=O,6.28,Ki,Ki,530.6
Cn1c(=O)c2c(cc(/C=C/c3ccc(Cl)cc3)n2C)n(C)c1=O,6.58,Ki,Ki,260.0
Cn1c(=O)c2c(cc(/C=C/c3ccc(F)cc3)n2C)n(C)c1=O,6.37,Ki,Ki,423.4
COc1cccc(/C=C/c2cc3c(c(=O)n(C)c(=O)n3C)n2C)c1,6.41,Ki,Ki,390.5
Cn1c(=O)c2c(cc(/C=C/c3ccccc3)n2C)n(C)c1=O,6.77,Ki,Ki,170.0
Cn1c(=O)c2c(cc(/C=C/c3cccc(Cl)c3)n2C)n(C)c1=O,6.37,Ki,Ki,430.0
CCn1c(=O)c2c(nc(/C=C/c3ccc(OC)c(OC)c3)n2C)n(CC)c1=O,7.32,Ki,Ki,47.4
Cn1c(=O)c2c(nc(/C=C/c3cccc(Cl)c3)n2C)n(C)c1=O,6.69,Ki,Ki,204.2
Nc1nc(Cc2ccccc2)nc2cn(-c3ccccc3)nc12,6.96,Ki,Ki,110.0
Nc1nc(-c2ccccc2)nc2cn(-c3ccccc3)nc12,6.49,Ki,Ki,325.0
Cc1nc(N)c2nn(-c3ccccc3)cc2n1,6.61,Ki,Ki,246.0
COc1ccc(/C=N/Nc2nc(N)c3ncn([C@@H]4O[C@H](CO)[C@@H](O)[C@H]4O)c3n2)cc1,6.16,Ki,Ki,687.0
Nc1nc(N/N=C/C2CCCCC2)nc2c1ncn2[C@@H]1O[C@H](CO)[C@@H](O)[C@H]1O,6.57,Ki,Ki,270.0
Nc1nc(N/N=C/C2CCCCC2)nc2c1ncn2[C@@H]1O[C@H](CO)[C@@H](O)[C@H]1O,7.09,Ki,Ki,81.0
CCNC(=O)[C@H]1O[C@@H](n2cnc3c(N)nc(NCCc4ccc(CCC(=O)O)cc4)nc32)[C@H](O)[C@@H]1O,7.57,Ki,Ki,27.0
CCNC(=O)[C@H]1O[C@@H](n2cnc3c(N)ncnc32)[C@H](O)[C@@H]1O,7.7,Ki,Ki,20.0
Nc1nc2c(cnn2CCN2CCN(c3ccc(OCCO)cc3)CC2)c2nc(-c3ccco3)nn12,9.22,Ki,Ki,0.6
Nc1nc2c(cnn2CCN2CCN(c3ccc(O)cc3)CC2)c2nc(-c3ccco3)nn12,8.89,Ki,Ki,1.3
Nc1nc2c(cnn2CCN2CCN(c3ccc(OCC(=O)O)cc3)CC2)c2nc(-c3ccco3)nn12,8.85,Ki,Ki,1.4
CCOc1cccc2cc(C(=O)NCc3ccccn3)c(=N)oc12,6.13,Ki,Ki,740.0
Nc1nc(-c2cccc(C(F)(F)F)c2)nc2sc(Cc3ccccc3)cc12,5.99,Ki,Ki,1016.0
Nc1nc(C2CCCO2)nc2sc(Cc3ccccc3)cc12,6.17,Ki,Ki,683.0
Nc1nc(-c2ccccn2)nc2sc(Cc3ccccc3)cc12,6.23,Ki,Ki,594.0
Cn1cnc(-c2nc(N)c3cc(Cc4ccccc4)sc3n2)c1,6.27,Ki,Ki,539.0
Nc1nc(-c2ccccc2)nc2sccc12,6.3,Ki,Ki,500.0
CC(c1ccccc1)c1cc2c(N)nc(-c3cccc(C#N)c3)nc2s1,6.47,Ki,Ki,340.0
N#Cc1ccc(-c2nc(N)c3cc(Cc4ccccc4)sc3n2)o1,6.52,Ki,Ki,304.0
Nc1nc(-c2ccc(C3CC3)o2)nc2sc(Cc3ccccc3)cc12,6.58,Ki,Ki,263.0
N#Cc1cccc(-c2nc(N)c3cc(C4(c5ccccc5)CC4)sc3n2)c1,6.65,Ki,Ki,222.0
Nc1nc(-c2cccnc2)nc2sc(Cc3ccccc3)cc12,6.67,Ki,Ki,215.0
Nc1nc(-c2ccccc2)nc2sc(-c3ccccc3)cc12,6.68,Ki,Ki,207.0
Cc1ccc(-c2nc(N)c3cc(CCc4ccccc4)sc3n2)o1,6.69,Ki,Ki,203.0
Nc1nc(-c2cccc(Cl)n2)nc2sc(Cc3ccccc3)cc12,6.76,Ki,Ki,173.0
CC(C)c1ccc(-c2nc(N)c3cc(Cc4ccccc4)sc3n2)o1,6.78,Ki,Ki,168.0
COc1cccc(-c2nc(N)c3cc(Cc4ccccc4)sc3n2)c1,6.93,Ki,Ki,118.0
Cc1ccc(-c2nc(N)c3ccsc3n2)o1,6.96,Ki,Ki,109.0
Cc1csc(-c2nc(N)c3cc(C4(c5ccccc5)CC4)sc3n2)n1,6.97,Ki,Ki,107.0
Cc1csc(-c2nc(N)c3cc(C(C)c4ccccc4)sc3n2)n1,7.0,Ki,Ki,100.0
Nc1nc(-c2ccncc2)nc2sc(Cc3ccccc3)cc12,7.17,Ki,Ki,67.3
Cc1ccc(-c2nc(N)c3cc(-c4ccccc4)sc3n2)o1,7.17,Ki,Ki,67.3
C=C(c1ccccc1)c1cc2c(N)nc(-c3cccc(C#N)c3)nc2s1,7.2,Ki,Ki,63.4
Cc1nc(-c2nc(N)c3cc(Cc4ccccc4)sc3n2)cs1,7.24,Ki,Ki,57.0
CCc1ccc(-c2nc(N)c3cc(Cc4ccccc4)sc3n2)o1,7.31,Ki,Ki,49.0
Nc1nc(-c2cccc(F)c2)nc2sc(Cc3ccccc3)cc12,7.38,Ki,Ki,42.0
Cc1ccc(-c2nc(N)c3cc(C(C)c4ccccc4)sc3n2)o1,7.4,Ki,Ki,40.1
C=C(c1ccccc1)c1cc2c(N)nc(-c3nc(C)cs3)nc2s1,7.51,Ki,Ki,31.0
Nc1nc(-c2ccccc2)nc2sc(Cc3ccccc3)cc12,7.53,Ki,Ki,29.8
N#Cc1cccc(-c2nc(N)c3cc(Cc4ccccc4)sc3n2)n1,7.58,Ki,Ki,26.0
Nc1nc(-c2ccc(C(F)F)o2)nc2sc(Cc3ccccc3)cc12,7.6,Ki,Ki,25.2
Nc1nc(-c2ncccn2)nc2sc(Cc3ccccc3)cc12,7.77,Ki,Ki,17.1
Cc1csc(-c2nc(N)c3cc(Cc4ccccc4)sc3n2)n1,7.79,Ki,Ki,16.1
COc1ccccc1Cc1cc2c(N)nc(-c3nc(C)cs3)nc2s1,7.88,Ki,Ki,13.2
COc1ccccc1Cc1cc2c(N)nc(-c3ccc(C(F)F)o3)nc2s1,7.88,Ki,Ki,13.1
N#Cc1cccc(-c2nc(N)c3cc(Cc4ccccc4)sc3n2)c1,7.94,Ki,Ki,11.4
Cc1ccc(-c2nc(N)c3cc(Cc4ccccc4)sc3n2)o1,7.96,Ki,Ki,11.1
COc1ccccc1Cc1cc2c(N)nc(-c3ccc(C)o3)nc2s1,7.96,Ki,Ki,11.0
Cc1csc(-c2nc(N)c3cc(Cc4ccccc4F)sc3n2)n1,8.01,Ki,Ki,9.7
Nc1nc(-c2cnco2)nc2sc(Cc3ccccc3)cc12,8.05,Ki,Ki,9.0
N#Cc1cccc(-c2nc(N)c3cc(Cc4ccccc4F)sc3n2)c1,8.14,Ki,Ki,7.3
Cc1csc(-c2nc(N)c3cc(Cc4ccccc4Cl)sc3n2)n1,8.16,Ki,Ki,6.9
COc1ccccc1Cc1cc2c(N)nc(-c3cccc(C#N)c3)nc2s1,8.21,Ki,Ki,6.2
Nc1nc(-c2ncco2)nc2sc(Cc3ccccc3)cc12,8.33,Ki,Ki,4.7
Cc1ccc(-c2nc(N)c3cc(Cc4ccccc4F)sc3n2)o1,8.43,Ki,Ki,3.7
Cc1ccc(-c2nc(N)c3cc(Cc4ccccc4Cl)sc3n2)o1,8.54,Ki,Ki,2.9
Nc1nc(-c2cnccn2)nc2sc(Cc3ccccc3)cc12,8.62,Ki,Ki,2.4
N#Cc1cccc(-c2nc(N)c3cc(Cc4ccccc4Cl)sc3n2)c1,8.85,Ki,Ki,1.4
CCn1c(=O)c2c(nc(/C=C/c3ccc(OC)c(OC)c3)n2C)n(CC)c1=O,7.44,Ki,Ki,36.0
O=C(CCCc1ccccc1)Nc1nc2sccc2c(=O)s1,7.08,Ki,Ki,82.5
O=C(Nc1nc2ccccc2c(=O)s1)c1ccc(C(=O)N2CCN(Cc3ccc(Cl)cc3)CC2)cc1,7.35,Ki,Ki,44.3
O=C(Nc1nc2ccccc2c(=O)s1)c1ccc(C(=O)N2CCN(Cc3cccc(Cl)c3)CC2)cc1,7.23,Ki,Ki,58.3
COc1cccc(/C=C/CC(=O)Nc2nc3ccccc3c(=O)s2)c1,7.04,Ki,Ki,91.8
O=C(C/C=C/c1ccccc1)Nc1nc2ccccc2c(=O)s1,6.93,Ki,Ki,118.0
COc1cccc(CCCC(=O)Nc2nc3ccccc3c(=O)s2)c1,6.94,Ki,Ki,115.0
O=C(CCCc1ccccc1)Nc1nc2ccccc2c(=O)s1,7.4,Ki,Ki,39.5
COc1cccc(/C=C/C(=O)Nc2nc3ccccc3c(=O)s2)c1,7.21,Ki,Ki,62.4
COc1cccc(CCC(=O)Nc2nc3ccccc3c(=O)s2)c1,7.19,Ki,Ki,64.9
O=C(CCc1ccccc1)Nc1nc2ccccc2c(=O)s1,7.09,Ki,Ki,80.9
COCCOc1ccc(N2CCN(CCn3ncc4c3nc(N)n3nc(-c5ccco5)nc43)CC2)cc1,9.05,Ki,Ki,0.884
Cn1c(=O)c2c(nc(/C=C/c3cccc(Cl)c3)n2C)n(C)c1=O,7.42,Ki,Ki,38.1
CCn1c(=O)c2c(nc(/C=C/c3ccc(OC)c(OC)c3)n2C)n(CC)c1=O,7.04,Ki,Ki,91.2
Cn1c(=O)c2c(ncn2C)n(C)c1=O,4.63,Ki,Ki,23400.0
CCCC(=O)Oc1ccc(CCNc2nc(N)c3nc(-n4nccn4)n(C)c3n2)cc1,5.01,IC50,IC50,9770.0
Cn1c(-n2nccn2)nc2c(N)nc(NCCc3ccc(O)cc3)nc21,5.01,IC50,IC50,9770.0
CCOC(=O)CCCOc1ccc(CCNc2nc(N)c3nc(-n4nccn4)n(C)c3n2)cc1,5.04,IC50,IC50,9120.0
CCn1c(=O)c2c(nc(/C=C/c3ccc(OC)c(OC)c3)n2C)n(CC)c1=O,5.28,IC50,IC50,5250.0
CCOC(=O)CCCOc1ccc(/C=C/c2nc3c(c(=O)n(CC)c(=O)n3CC)n2C)cc1OC,5.36,IC50,IC50,4370.0
Cn1c(-c2ccco2)nc2c(N)nc(NCCc3ccc(O)cc3)nc21,5.58,IC50,IC50,2630.0
CCCCCCCCCC(=O)Oc1ccc(CCNc2nc(N)n3nc(-c4ccco4)nc3n2)cc1,6.74,IC50,IC50,182.0
Nc1nc(NCCc2ccc(Br)cc2)nc2nc(-c3ccco3)nn12,6.74,IC50,IC50,182.0
CCOC(=O)CCCOc1ccc(CCNc2nc(N)n3nc(-c4ccco4)nc3n2)cc1,7.3,IC50,IC50,50.0
Nc1nc(NCCc2ccc(O)cc2)nc2nc(-c3ccco3)nn12,7.38,IC50,IC50,42.0
Nc1nc(OCCc2ccccc2)nc2nc(-c3ccco3)nn12,7.39,IC50,IC50,41.0
CC(=O)Oc1ccc(CCNc2nc(N)n3nc(-c4ccco4)nc3n2)cc1,7.41,IC50,IC50,39.0
CCCC(=O)Oc1ccc(CCNc2nc(N)n3nc(-c4ccco4)nc3n2)cc1,7.52,IC50,IC50,30.0
CCn1c(=O)c2c(nc(/C=C/c3ccc(OC)c(OC)c3)n2C)n(CC)c1=O,7.92,Ki,Ki,12.0
CCCC(=O)Oc1ccc(CCNc2nc(N)n3nc(-c4ccco4)nc3n2)cc1,7.53,IC50,pIC50,7.53
CC(=O)Oc1ccc(CCNc2nc(N)n3nc(-c4ccco4)nc3n2)cc1,7.41,IC50,pIC50,7.41
Nc1nc(OCCc2ccccc2)nc2nc(-c3ccco3)nn12,7.39,IC50,pIC50,7.39
Nc1nc(NCCc2ccc(O)cc2)nc2nc(-c3ccco3)nn12,7.38,IC50,pIC50,7.38
CCOC(=O)CCCOc1ccc(CCNc2nc(N)n3nc(-c4ccco4)nc3n2)cc1,7.3,IC50,pIC50,7.3
Nc1nc(NCCc2ccc(Br)cc2)nc2nc(-c3ccco3)nn12,6.74,IC50,pIC50,6.74
CCCCCCCCCC(=O)Oc1ccc(CCNc2nc(N)n3nc(-c4ccco4)nc3n2)cc1,6.74,IC50,pIC50,6.74
CCCCc1nc(N)c2nc(-n3nccn3)n(C)c2n1,8.18,Ki,Ki,6.6
CCCn1c(=O)c2[nH]c(-c3ccc(OCC(=O)NCCN)cc3)nc2n(CCC)c1=O,8.24,Ki,Ki,5.8
Cn1c(-c2ccco2)nc2c(N)nc(NCCc3ccc(O)cc3)nc21,5.58,IC50,pIC50,5.58
CCOC(=O)CCCOc1ccc(/C=C/c2nc3c(c(=O)n(CC)c(=O)n3CC)n2C)cc1OC,5.36,IC50,pIC50,5.36
CCn1c(=O)c2c(nc(/C=C/c3ccc(OC)c(OC)c3)n2C)n(CC)c1=O,5.28,IC50,pIC50,5.28
CCOC(=O)CCCOc1ccc(CCNc2nc(N)c3nc(-n4nccn4)n(C)c3n2)cc1,5.04,IC50,pIC50,5.04
CCCC(=O)Oc1ccc(CCNc2nc(N)c3nc(-n4nccn4)n(C)c3n2)cc1,5.01,IC50,pIC50,5.01
Cn1c(-n2nccn2)nc2c(N)nc(NCCc3ccc(O)cc3)nc21,5.01,IC50,pIC50,5.01
CCn1c(=O)c2c(nc(/C=C/c3ccc(OCCCC(=O)NCCCCCC(=O)OC)c(OC)c3)n2C)n(CC)c1=O,4.96,IC50,pIC50,4.96
CCn1c(=O)c2c(nc(/C=C/c3ccc(O)c(OC)c3)n2C)n(CC)c1=O,4.92,IC50,pIC50,4.92
CCOC(=O)CCCNc1nc(NCCc2ccc(O)cc2)nc2nc(-c3ccco3)nn12,4.59,IC50,pIC50,4.59
Cn1c(-n2ccnn2)nc2c(N)nc(NCCc3ccc(O)cc3)nc21,4.26,IC50,pIC50,4.26
Nc1nc(NCCc2ccc(O)cc2)nc2nc(-c3ccco3)nn12,8.8,Ki,Ki,1.6
CCNC(=O)[C@H]1O[C@@H](n2cnc3c(N)ncnc32)[C@H](O)[C@@H]1O,8.0,IC50,IC50,10.0
CCNC(=O)[C@H]1O[C@@H](N2CNc3c(N)nc(NCCc4ccc(CCC(=O)O)cc4)nc32)[C@H](O)[C@@H]1O,7.1,Ki,Ki,0.079
CCNC(=O)[C@H]1O[C@@H](N2CNc3c(N)nc(NCCc4ccc(CCC(=O)O)cc4)nc32)[C@H](O)[C@@H]1O,6.89,IC50,IC50,0.13
CCNC(=O)[C@H]1O[C@@H](n2cnc3c(N)ncnc32)[C@H](O)[C@@H]1O,7.92,Ki,Ki,1.2
CCNC(=O)[C@H]1O[C@@H](n2cnc3c(N)ncnc32)[C@H](O)[C@@H]1O,7.82,IC50,IC50,1.5
Nc1nc(-c2sc(NC(=O)c3ccco3)nc2-c2ccccc2)nc2sc3c(c12)CCCC3,4.84,Ki,Ki,14400.0
O=C(Nc1nc(-c2ccccc2)c(-c2nc3ccccc3c(=O)[nH]2)s1)c1ccco1,5.06,Ki,Ki,8780.0
Cc1sc2nc(-c3sc(NC(=O)c4ccco4)nc3-c3ccccc3)nc(N)c2c1C,5.22,Ki,Ki,5950.0
Cc1sc2nc(-c3sc(NC(=O)c4ccccc4)nc3-c3ccccc3)nc(N)c2c1C,5.31,Ki,Ki,4870.0
COc1ccc(C(=O)Nc2nc(-c3ccccc3)c(C(=O)c3nc(N)nc(N(C)C)n3)s2)cc1,5.7,Ki,Ki,2010.0
Cc1ccc(C(=O)Nc2nc(-c3ccccc3)c(-c3nc(N)nc(N(C)C)n3)s2)cc1,6.25,Ki,Ki,562.0
O=C(Nc1nc(-c2ccccc2)c(C(=O)c2cccnc2)s1)c1ccco1,6.26,Ki,Ki,552.0
CN(C)c1nc(N)nc(-c2sc(NC(=O)c3ccccc3)nc2-c2ccccc2)n1,6.49,Ki,Ki,327.0
O=C(Nc1nc(-c2ccccc2)c(-c2ccccn2)s1)c1ccco1,6.71,Ki,Ki,193.0
CN(C)c1nc(N)nc(-c2sc(NC(=O)c3ccco3)nc2-c2ccccc2)n1,6.75,Ki,Ki,179.0
COc1ccc(C(=O)Nc2nc(-c3ccccc3)c(C(=O)c3ccccn3)s2)cc1,6.89,Ki,Ki,128.0
O=C(Nc1nc(-c2ccccc2)c(C(=O)c2ccccn2)s1)c1ccco1,7.13,Ki,Ki,74.7
O=C(Nc1nc(-c2ccccc2)c(-c2ccncc2)s1)c1ccco1,8.18,Ki,Ki,6.65
CC(=O)CCc1nc(N)c2nc(-n3nccn3)n(C)c2n1,6.0,IC50,IC50,990.0
Cn1c(-n2nccn2)nc2c(N)nc(CCCCO)nc21,5.68,IC50,IC50,2100.0
C[C@@H](O)CCc1nc(N)c2nc(-n3nccn3)n(C)c2n1,6.38,IC50,IC50,420.0
C[C@H](O)CCc1nc(N)c2nc(-n3nccn3)n(C)c2n1,6.58,IC50,IC50,260.0
CC(O)CCc1nc(N)c2nc(-n3nccn3)n(C)c2n1,6.35,IC50,IC50,450.0
CCCC(O)c1nc(N)c2nc(-n3nccn3)n(C)c2n1,5.64,IC50,IC50,2300.0
CCCCc1nc(N)c2nc(-n3nccn3)n(C)c2n1,6.37,IC50,IC50,430.0
CC(=O)CCc1nc(N)c2nc(-n3nccn3)n(C)c2n1,7.92,Ki,Ki,12.0
Cn1c(-n2nccn2)nc2c(N)nc(CCCCO)nc21,7.28,Ki,Ki,53.0
C[C@@H](O)CCc1nc(N)c2nc(-n3nccn3)n(C)c2n1,8.12,Ki,Ki,7.5
C[C@H](O)CCc1nc(N)c2nc(-n3nccn3)n(C)c2n1,7.72,Ki,Ki,19.0
CC(O)CCc1nc(N)c2nc(-n3nccn3)n(C)c2n1,8.08,Ki,Ki,8.4
CCC(O)Cc1nc(N)c2nc(-n3nccn3)n(C)c2n1,7.19,Ki,Ki,64.0
CCCC(O)c1nc(N)c2nc(-n3nccn3)n(C)c2n1,7.66,Ki,Ki,22.0
CCCCc1nc(N)c2nc(-n3nccn3)n(C)c2n1,7.97,Ki,Ki,10.7
N=c1ccc2c(-c3ccc(C(=O)NCCCCCCn4cc(NCCNC(=O)COc5ccc(CCCn6ncc7c6nc(N)n6nc(-c8ccco8)nc76)cc5)nn4)cc3C(=O)O)c3ccc(N)c(S(=O)(=O)O)c3oc-2c1S(=O)(=O)O,7.78,Kd,Kd,16.5
CCCn1c(=O)c2[nH]c(C3CCCC3)nc2n(CCC)c1=O,6.89,Ki,Ki,129.0
Cn1c(=O)c2c(ncn2C)n(C)c1=O,5.02,Ki,Ki,9560.0
Cn1c(=O)c2nc[nH]c2n(C)c1=O.O,5.77,Ki,Ki,1700.0
Nc1nc(NCCc2ccc(O)cc2)nc2nc(-c3ccco3)nn12,8.8,Ki,Ki,1.6
Nc1nc2c(cnn2CCc2ccccc2)c2nc(-c3ccco3)nn12,9.22,Ki,Ki,0.6
COc1ccc(CCCn2ncc3c2nc(N)n2nc(-c4ccco4)nc32)cc1,8.39,Ki,Ki,4.1
CCCn1c(=O)c2[nH]c(-c3ccc(OCC(=O)NCCN)cc3)nc2n(CCC)c1=O,9.0,Ki,Ki,1.0
CNC(=O)[C@H]1O[C@@H](n2cnc3c(NCc4cccc(I)c4)nc(Cl)nc32)[C@H](O)[C@@H]1O,5.27,Ki,Ki,5360.0
OC[C@H]1O[C@@H](n2cnc3c(NC4CCCC4)ncnc32)[C@H](O)[C@@H]1O,6.1,Ki,Ki,794.0
CCNC(=O)[C@H]1O[C@@H](N2CNc3c(N)nc(NCCc4ccc(CCC(=O)O)cc4)nc32)[C@H](O)[C@@H]1O,7.57,Ki,Ki,27.0
CCNC(=O)[C@H]1O[C@@H](n2cnc3c(N)ncnc32)[C@H](O)[C@@H]1O,7.7,Ki,Ki,20.0
CCCn1c(=O)c2[nH]c(C3CCCC3)nc2n(CCC)c1=O,6.2,Ki,Ki,630.0
Cn1c(=O)c2c(ncn2C)n(C)c1=O,5.61,Ki,Ki,2480.0
Cn1c(=O)c2nc[nH]c2n(C)c1=O.O,5.69,Ki,Ki,2030.0
Nc1nc(NCCc2ccc(O)cc2)nc2nc(-c3ccco3)nn12,8.89,Ki,Ki,1.3
Nc1nc2c(cnn2CCc2ccccc2)c2nc(-c3ccco3)nn12,8.72,Ki,Ki,1.9
COc1ccc(CCCn2ncc3c2nc(N)n2nc(-c4ccco4)nc32)cc1,7.96,Ki,Ki,11.1
CCCn1c(=O)c2[nH]c(-c3ccc(OCC(=O)NCCN)cc3)nc2n(CCC)c1=O,8.43,Ki,Ki,3.7
CNC(=O)[C@H]1O[C@@H](n2cnc3c(NCc4cccc(I)c4)nc(Cl)nc32)[C@H](O)[C@@H]1O,5.43,Ki,Ki,3720.0
OC[C@H]1O[C@@H](n2cnc3c(NC4CCCC4)ncnc32)[C@H](O)[C@@H]1O,6.09,Ki,Ki,814.0
CCNC(=O)[C@H]1O[C@@H](N2CNc3c(N)nc(NCCc4ccc(CCC(=O)O)cc4)nc32)[C@H](O)[C@@H]1O,7.56,Ki,Ki,27.3
CCNC(=O)[C@H]1O[C@@H](n2cnc3c(N)ncnc32)[C@H](O)[C@@H]1O,7.67,Ki,Ki,21.2
Cn1cc2c(nc(NCCCOCCOCCCOCCOCCCNC(=S)Nc3ccc(C4c5ccc(O)cc5OC5=CC(=O)C=CC54)c(C(=O)O)c3)n3nc(-c4ccco4)nc23)n1,5.22,Ki,pKi,5.22
Cn1cc2c(nc(NCCCCCNC(=S)Nc3ccc(C4c5ccc(O)cc5OC5=CC(=O)C=CC54)c(C(=O)O)c3)n3nc(-c4ccco4)nc23)n1,5.75,Ki,pKi,5.75
Cn1cc2c(nc(NCCCCNC(=S)Nc3ccc(C4c5ccc(O)cc5OC5=CC(=O)C=CC54)c(C(=O)O)c3)n3nc(-c4ccco4)nc23)n1,6.33,Ki,pKi,6.33
Cn1cc2c(nc(NCCCNC(=S)Nc3ccc(C4c5ccc(O)cc5OC5=CC(=O)C=CC54)c(C(=O)O)c3)n3nc(-c4ccco4)nc23)n1,5.6,Ki,pKi,5.6
Cn1cc2c(nc(NNC(=S)Nc3ccc(C4c5ccc(O)cc5OC5=CC(=O)C=CC54)c(C(=O)O)c3)n3nc(-c4ccco4)nc23)n1,6.03,Ki,pKi,6.03
N=c1ccc2c(-c3ccc(C(=O)NCCCCCCn4cc(CCCC(=O)Nc5nc6ccc(Cl)cc6c6nc(-c7ccco7)nn56)nn4)cc3C(=O)O)c3ccc(N)c(S(=O)(=O)O)c3oc-2c1S(=O)(=O)O,7.13,Ki,pKi,7.13
CCNC(=O)[C@H]1O[C@@H](n2cnc3c(NCCCCCCCCCCNc4ccc([N+](=O)[O-])c5nonc45)ncnc32)[C@H](O)[C@@H]1O,5.21,Ki,pKi,5.21
CCNC(=O)[C@H]1O[C@@H](n2cnc3c(NCCCCCCCCNc4ccc([N+](=O)[O-])c5nonc45)ncnc32)[C@H](O)[C@@H]1O,5.29,Ki,pKi,5.29
CCNC(=O)[C@H]1O[C@@H](n2cnc3c(NCCCCCCNc4ccc([N+](=O)[O-])c5nonc45)ncnc32)[C@H](O)[C@@H]1O,5.21,Ki,pKi,5.21
CCNC(=O)[C@H]1O[C@@H](n2cnc3c(NCCNc4ccc([N+](=O)[O-])c5nonc45)ncnc32)[C@H](O)[C@@H]1O,5.17,Ki,pKi,5.17
Cc1nc2ccc(NC(=O)Nc3ccnc4cccnc34)cc2o1.Cl,6.17,Ki,Ki,0.67
CCn1c(/N=C/c2ccc(F)cc2)c(C#N)sc1=S,7.96,Ki,Ki,10.98
CCCn1c(/N=C/c2ccc(Br)cc2)c(C#N)sc1=S,8.74,Ki,Ki,1.8
CCCCn1c(/N=C/c2ccc(Br)cc2)c(C#N)sc1=S,8.12,Ki,Ki,7.61
N#Cc1sc(=S)n(CCc2ccccc2)c1/N=C/c1ccc(Br)cc1,10.17,Ki,Ki,0.067
CCCn1c(/N=C/c2ccc(Cl)cc2)c(C#N)sc1=S,7.26,Ki,Ki,54.8
CCCCn1c(/N=C/c2ccc(Cl)cc2)c(C#N)sc1=S,8.02,Ki,Ki,9.6
N#Cc1sc(=S)n(-c2ccccc2)c1/N=C/c1ccc(Cl)cc1,9.85,Ki,Ki,0.14
CCn1c(/N=C/c2ccc(Br)cc2)c(C#N)sc1=S,11.0,Ki,Ki,0.01
CCCn1c(/N=C/c2ccc(F)cc2)c(C#N)sc1=S,10.52,Ki,Ki,0.03
CCCCn1c(/N=C/c2ccc(F)cc2)c(C#N)sc1=S,10.57,Ki,Ki,0.027
N#Cc1sc(=S)n(CCc2ccccc2)c1/N=C/c1ccc(F)cc1,8.58,Ki,Ki,2.64
CCn1c(/N=C/c2ccc(Cl)cc2)c(C#N)sc1=S,8.84,Ki,Ki,1.44
CNC(=O)[C@H]1O[C@@H](n2cnc3c(NCc4cccc(I)c4)nc(Cl)nc32)[C@H](O)[C@@H]1O,6.4,Ki,Ki,401.0
CCNC(=O)[C@H]1O[C@@H](n2cnc3c(N)ncnc32)[C@H](O)[C@@H]1O,7.8,Ki,Ki,16.0
CCCn1c(=O)c2[nH]c(C3CCCC3)nc2n(CCC)c1=O,6.47,Ki,Ki,337.0
Cc1ccc(NC(=O)Nc2ncnc3c2nc(-c2ccco2)n3C)cc1,6.97,Ki,Ki,106.0
Cn1c(-c2ccco2)nc2c(NC(=O)Nc3ccccc3)ncnc21,7.24,Ki,Ki,57.0
Cc1ccc(COc2ccc(CC(=O)Nc3ncnc4c3nc(-c3ccco3)n4C)cc2)cc1,7.05,Ki,Ki,89.0
Cn1c(-c2ccco2)nc2c(NC(=O)Cc3ccc(OCc4ccccc4)cc3)ncnc21,7.3,Ki,Ki,50.0
Cn1c(-c2ccco2)nc2c(NC(=O)C(c3ccccc3)c3ccccc3)ncnc21,7.23,Ki,Ki,59.0
Cn1c(-c2ccco2)nc2c(NC(=O)c3ccc(-c4ccccc4)cc3)ncnc21,5.9,Ki,Ki,1270.0
Cn1c(-c2ccco2)nc2c(NC(=O)Cc3ccccc3)ncnc21,6.96,Ki,Ki,110.0
Nc1ncnc2c1nc(-c1ccco1)n2CCCO,7.82,Ki,Ki,15.0
Nc1ncnc2c1nc(Br)n2CCCO,7.07,Ki,Ki,85.0
CCCn1c(-c2ccco2)nc2c(N)ncnc21,7.75,Ki,Ki,18.0
CCCn1c(Br)nc2c(N)ncnc21,6.52,Ki,Ki,300.0
Nc1ncnc2c1nc(-c1ccco1)n2CCO,7.48,Ki,Ki,33.0
Nc1ncnc2c1nc(Br)n2CCO,6.21,Ki,Ki,620.0
Cn1c(-c2ccco2)nc2c(N)ncnc21,8.12,Ki,Ki,7.5
Cn1c(Br)nc2c(N)ncnc21,6.92,Ki,Ki,120.0
CCn1c(-c2ccco2)nc2c(N)ncnc21,8.43,Ki,Ki,3.7
CCn1c(Br)nc2c(N)ncnc21,7.28,Ki,Ki,52.0
Cn1c(=O)c2c(nc3n2CCCN3CCc2ccc(Cl)c(Cl)c2)n(C)c1=O,5.28,Ki,Ki,5.25
Cn1c(=O)c2c(nc3n2CCCN3CCc2ccc(Cl)cc2)n(C)c1=O,5.25,Ki,Ki,5.61
Cn1c(=O)c2c(nc3n2CCCN3CCc2cccc(Cl)c2)n(C)c1=O,5.87,Ki,Ki,1.35
Cn1c(=O)c2c(nc3n2CCCN3Cc2cc(Cl)cc(Cl)c2)n(C)c1=O,5.42,Ki,Ki,3.78
Cn1c(=O)c2c(nc3n2CCCN3Cc2cccc(Cl)c2)n(C)c1=O,5.69,Ki,Ki,2.03
Cn1c(=O)c2c(nc3n2CCCN3c2cc(Cl)cc(Cl)c2)n(C)c1=O,5.34,Ki,Ki,4.61
CCn1c(=O)c2c(nc3n2CCCN3CCc2ccc(OC)cc2)n(CC)c1=O,5.6,Ki,Ki,2.53
C#CCn1c(=O)c2c(nc3n2CCCN3C2CCN(Cc3ccccc3)CC2)n(C)c1=O,6.2,Ki,Ki,0.628
C#CCn1c(=O)c2c(nc3n2CCCN3CC2CCCCC2)n(C)c1=O,6.29,Ki,Ki,0.51
C#CCn1c(=O)c2c(nc3n2CCCN3CC2CCCO2)n(C)c1=O,5.96,Ki,Ki,1.11
C#CCn1c(=O)c2c(nc3n2CCCN3C2CCCCC2)n(C)c1=O,6.51,Ki,Ki,0.311
C#CCn1c(=O)c2c(nc3n2CCCN3C2CCC2)n(C)c1=O,6.64,Ki,Ki,0.231
C#CCn1c(=O)c2c(nc3n2CCCN3CCc2cccs2)n(C)c1=O,6.5,Ki,Ki,0.317
C#CCn1c(=O)c2c(nc3n2CCCN3CCc2ccc(OC)cc2)n(C)c1=O,6.29,Ki,Ki,0.508
C#CCn1c(=O)c2c(nc3n2CCCN3CCc2ccc(O)cc2)n(C)c1=O,6.46,Ki,Ki,0.346
C#CCn1c(=O)c2c(nc3n2CCCN3CCc2ccccc2)n(C)c1=O,5.92,Ki,Ki,1.2
C#CCn1c(=O)c2c(nc3n2CCCN3Cc2cccs2)n(C)c1=O,6.2,Ki,Ki,0.626
C#CCn1c(=O)c2c(nc3n2CCCN3Cc2cccc(OC)c2)n(C)c1=O,6.49,Ki,Ki,0.322
C#CCn1c(=O)c2c(nc3n2CCCN3Cc2ccccc2OC)n(C)c1=O,6.38,Ki,Ki,0.417
C#CCn1c(=O)c2c(nc3n2CCCN3Cc2ccccc2)n(C)c1=O,6.6,Ki,Ki,0.253
C#CCn1c(=O)c2c(nc3n2CCCN3c2cccc(Br)c2)n(C)c1=O,6.55,Ki,Ki,0.284
C#CCn1c(=O)c2c(nc3n2CCCN3c2ccc(F)cc2)n(C)c1=O,5.67,Ki,Ki,2.12
Cn1c(=O)c2c(nc3n2CCCN3c2ccc(F)cc2)n(C)c1=O,5.93,Ki,Ki,1.18
C#CCn1c(=O)c2c(nc(/C=C/c3cccc(OC)c3)n2C)n(CCCO)c1=O,8.27,Ki,Ki,0.00538
Cn1c(=O)c2c(ncn2C)n(C)c1=O,4.63,Ki,Ki,23.4
CCCC1=C(C(=O)OCC)C(c2ccco2)NC(=O)N1,6.22,Ki,Ki,602.4
Cn1c(=O)c2c(nc3n2CCCN3c2ccc(F)cc2)n(C)c1=O,5.73,Ki,Ki,1.88
C#CCn1c(=O)c2c(nc(/C=C/c3cccc(OC)c3)n2C)n(CCCO)c1=O,8.27,Ki,Ki,0.00538
Cn1c(=O)c2[nH]c([C@]34C[C@@H]5C[C@H](C[C@H]3C5)C4)nc2n(C)c1=O,6.01,Ki,Ki,0.98
Cn1c(=O)c2nc[nH]c2n(C)c1=O.O,5.17,Ki,Ki,6.7
Cn1c(=O)c2c(ncn2C)n(C)c1=O,4.63,Ki,Ki,23.4
CCn1c(=O)c2c(nc(/C=C/c3ccc(OC)c(OC)c3)n2C)n(CC)c1=O,7.92,Ki,Ki,0.012
COCCOc1ccc(N2CCN(CCn3ncc4c3nc(N)n3nc(-c5ccco5)nc43)CC2)cc1,9.0,Ki,Ki,1.0
Cc1cc(C)n(-c2nc(Nc3cnccn3)cc(-n3cccn3)n2)n1,7.37,Ki,Ki,43.0
Cc1cc(C)n(-c2nc(Nc3ccccn3)cc(-n3cccn3)n2)n1,8.04,Ki,Ki,9.2
Cc1cc(C)n(-c2nc(NCC(F)(F)F)cc(-n3cccn3)n2)n1,7.28,Ki,Ki,52.0
Cc1cc(C)n(-c2nc(Nc3nccs3)cc(N3CCc4ccccc4C3)n2)n1,7.18,Ki,Ki,66.0
Cc1cc(C)n(-c2nc(Nc3cnccn3)cc(N3CCc4ccccc4C3)n2)n1,8.96,Ki,Ki,1.1
Cc1cc(C)n(-c2nc(Nc3ccccn3)cc(N3CCc4ccccc4C3)n2)n1,7.19,Ki,Ki,65.0
COC[C@H]1CCCN1c1cc(Nc2nccs2)nc(-n2nc(C)cc2C)n1,8.02,Ki,Ki,9.5
COC[C@H]1CCCN1c1cc(Nc2cnccn2)nc(-n2nc(C)cc2C)n1,7.16,Ki,Ki,69.0
COC[C@H]1CCCN1c1cc(Nc2ccccn2)nc(-n2nc(C)cc2C)n1,7.35,Ki,Ki,45.0
COC[C@H]1CCCN1c1cc(NCC(F)(F)F)nc(-n2nc(C)cc2C)n1,7.62,Ki,Ki,24.0
COC[C@H]1CCCN1c1cc(NC(C)=O)nc(-n2nc(C)cc2C)n1,7.82,Ki,Ki,15.0
Cn1cc2c(Cl)nc(NC(=O)Cc3ccccc3)nc2n1,4.52,Ki,Ki,29.9
Cn1cc2c(Cl)nc(NC(=O)c3ccc(C(F)(F)F)cc3)nc2n1,4.59,Ki,Ki,25.6
Cn1cc2c(Cl)nc(NC(=O)c3ccccc3)nc2n1,4.62,Ki,Ki,24.2
CC(C)(C)Cn1cc2c(Cl)nc(NC(=O)Cc3ccccc3)nc2n1,4.63,Ki,Ki,23.6
Cn1cc2c(Cl)nc(NC(=O)c3ccc(F)cc3)nc2n1,4.69,Ki,Ki,20.5
Cn1cc2c(Cl)nc(N(C(=O)c3ccccc3)C(=O)c3ccccc3)nc2n1,4.76,Ki,Ki,17.5
O=C(Nc1nc(Cl)c2cn(CCc3ccccc3)nc2n1)c1ccc(C(F)(F)F)cc1,4.79,Ki,Ki,16.4
Cc1ccc(C(=O)Nc2nc(Cl)c3cn(C)nc3n2)cc1,4.92,Ki,Ki,12.0
Cc1ccc(C(=O)Nc2nc(Cl)c3cn(CCc4ccccc4)nc3n2)cc1,5.0,Ki,Ki,9.9
Cn1cc2c(Cl)nc(N)nc2n1,5.04,Ki,Ki,9.1
O=C(Cc1ccccc1)Nc1nc(Cl)c2cn(CCc3ccccc3)nc2n1,5.07,Ki,Ki,8.6
O=C(c1ccccc1)N(C(=O)c1ccccc1)c1nc(Cl)c2cn(CCc3ccccc3)nc2n1,5.27,Ki,Ki,5.4
CC(C)n1cc2c(Cl)nc(NC(=O)Cc3ccccc3)nc2n1,5.33,Ki,Ki,4.7
CC(C)n1cc2c(Cl)nc(NC(=O)c3ccccc3)nc2n1,5.34,Ki,Ki,4.6
CC(C)(C)Cn1cc2c(Cl)nc(N)nc2n1,5.39,Ki,Ki,4.1
Nc1nc(Cl)c2cn(CCc3ccccc3)nc2n1,5.43,Ki,Ki,3.7
CC(C)(C)Cn1cc2c(Cl)nc(NC(=O)c3ccccc3)nc2n1,5.46,Ki,Ki,3.5
CC(C)n1cc2c(Cl)nc(N)nc2n1,5.48,Ki,Ki,3.3
O=C(Nc1nc(Cl)c2cn(CCc3ccccc3)nc2n1)c1ccccc1,5.51,Ki,Ki,3.1
CC(C)n1cc2c(Cl)nc(NC(=O)c3ccc(C(F)(F)F)cc3)nc2n1,5.57,Ki,Ki,2.7
CC(C)(C)Cn1cc2c(Cl)nc(NC(=O)c3ccc(F)cc3)nc2n1,5.66,Ki,Ki,2.2
Cc1ccc(C(=O)Nc2nc(Cl)c3cn(CC(C)(C)C)nc3n2)cc1,5.68,Ki,Ki,2.1
O=C(Nc1nc(Cl)c2cn(CCc3ccccc3)nc2n1)c1ccc(F)cc1,5.69,Ki,Ki,2.06
CC(C)n1cc2c(Cl)nc(NC(=O)c3ccc(F)cc3)nc2n1,5.8,Ki,Ki,1.6
Cc1ccc(C(=O)Nc2nc(Cl)c3cn(C(C)C)nc3n2)cc1,5.96,Ki,Ki,1.1
CC(C)n1cc2c(Cl)nc(N(C(=O)c3ccccc3)C(=O)c3ccccc3)nc2n1,6.1,Ki,Ki,0.8
Cc1ccncc1-c1nn(C)c2nc(OCc3ccccn3)cnc12,5.21,Ki,Ki,6.1
Cn1c(=O)c2[nH]c(Cc3ccc(OCCCN4CCC5(CC4)OCCO5)cc3)nc2n(C)c1=O,8.09,Ki,Ki,8.09
Cn1c(=O)c2[nH]c(Cc3ccc(OCCCn4ccnc4)cc3)nc2n(C)c1=O,8.5,Ki,Ki,3.17
CN(C)CCOc1ccc(-c2nc3c([nH]2)c(=O)n(C)c(=O)n3C)cc1,9.4,Ki,Ki,0.4
Cn1c(=O)c2[nH]c(-c3ccc(OCCN4CCOCC4)cc3)nc2n(C)c1=O,9.51,Ki,Ki,0.31
Cn1c(=O)c2[nH]c(-c3ccc(OCCC4CCNCC4)cc3)nc2n(C)c1=O,9.54,Ki,Ki,0.29
CCN(CC)CCOc1ccc(-c2nc3c([nH]2)c(=O)n(C)c(=O)n3C)cc1,9.6,Ki,Ki,0.25
Cn1c(=O)c2[nH]c(-c3ccc(OCCN4CCCC4)cc3)nc2n(C)c1=O,9.7,Ki,Ki,0.2
Cn1c(=O)c2[nH]c(-c3ccc(OCCCN4CCN(Cc5ccccc5Cl)CC4)cc3)nc2n(C)c1=O,9.92,Ki,Ki,0.12
Cn1c(=O)c2[nH]c(-c3ccc(OC4CCCC4)cc3)nc2n(C)c1=O,10.14,Ki,Ki,0.072
Cn1c(=O)c2[nH]c(-c3ccc(OCCCCl)cc3)nc2n(C)c1=O,10.35,Ki,Ki,0.045
Cn1c(=O)c2[nH]c(-c3ccc(OCCCn4ccnc4)cc3)nc2n(C)c1=O,10.38,Ki,Ki,0.042
CCCCC#Cc1nc(NCc2cccc(Cl)c2)c2ncn([C@H]3[C@H](O)[C@H](O)[C@@H]4C[C@@H]43)c2n1,5.48,Ki,Ki,3310.0
CCCCC#Cc1nc(NCc2cccc(Br)c2)c2ncn([C@H]3[C@H](O)[C@H](O)[C@@H]4C[C@@H]43)c2n1,5.5,Ki,Ki,3150.0
CCCCC#Cc1nc(NCc2cccc(I)c2)c2ncn([C@H]3[C@H](O)[C@H](O)[C@@H]4C[C@@H]43)c2n1,5.6,Ki,Ki,2530.0
CCCCC#Cc1nc(NC2CCCC2)c2ncn([C@H]3[C@H](O)[C@H](O)[C@@H]4C[C@@H]43)c2n1,5.75,Ki,Ki,1760.0
CCCCC#Cc1nc(NC2CC2)c2ncn([C@H]3[C@H](O)[C@H](O)[C@@H]4C[C@@H]43)c2n1,5.66,Ki,Ki,2200.0
CCCCC#Cc1nc(NCC)c2ncn([C@H]3[C@H](O)[C@H](O)[C@@H]4C[C@@H]43)c2n1,5.54,Ki,Ki,2860.0
CCCCC#Cc1nc(NC)c2ncn([C@H]3[C@H](O)[C@H](O)[C@@H]4C[C@@H]43)c2n1,5.13,Ki,Ki,7490.0
CCCCC#Cc1nc(N)c2ncn([C@H]3[C@H](O)[C@H](O)[C@@H]4C[C@@H]43)c2n1,7.0,Ki,Ki,100.0
CCc1cc2c(=O)c(-c3cscn3)coc2cc1O,5.8,Ki,pKi,5.8
CCc1cc2c(=O)c(-c3csc(C)n3)coc2cc1O,7.3,Ki,pKi,7.3
CCCc1cc2c(=O)c(-c3csc(C)n3)coc2cc1O,7.5,Ki,pKi,7.5
CCCc1cc2c(=O)c(-c3nc(C)cs3)coc2cc1OC(C)=O,8.5,Ki,pKi,8.5
CCOc1cc2occ(-c3nc(C)cs3)c(=O)c2cc1CC,7.4,Ki,pKi,7.4
Cc1csc(-c2c(C)oc3cc(O)ccc3c2=O)n1,5.1,Ki,pKi,5.1
CCCCCc1cc2c(=O)c(-c3nc(C)cs3)coc2cc1O,7.7,Ki,pKi,7.7
CCCc1cc2c(=O)c(-c3nc(C)cs3)coc2cc1O,7.6,Ki,pKi,7.6
CCc1cc2c(=O)c(-c3nc(C)cs3)coc2cc1O,7.1,Ki,pKi,7.1
Cc1csc(-c2coc3cc(O)ccc3c2=O)n1,5.7,Ki,pKi,5.7
Cc1csc(-c2coc3cccc(C)c3c2=O)n1,6.5,Ki,pKi,6.5
CC(=O)Oc1cc(C)c2c(=O)c(-c3nc(C)cs3)coc2c1,7.5,Ki,pKi,7.5
C#CCCCOc1cc(C)c2c(=O)c(-c3nc(C)cs3)coc2c1,7.6,Ki,pKi,7.6
Cc1csc(-c2coc3cc(OCC4CC4)cc(C)c3c2=O)n1,7.1,Ki,pKi,7.1
CCOC(=O)COc1cc(C)c2c(=O)c(-c3nc(C)cs3)coc2c1,7.0,Ki,pKi,7.0
Cc1csc(-c2coc3cc(OCCN(C)C)cc(C)c3c2=O)n1,5.8,Ki,pKi,5.8
Cc1csc(-c2coc3cc(OCC(=O)O)cc(C)c3c2=O)n1,5.7,Ki,pKi,5.7
CCOc1cc2occ(-c3nc(C)cs3)c(=O)c2cc1CC,7.4,Ki,Ki,40.0
C[C@@H]1CCC[C@H](C)N1Cc1cc2c(N)nc(-c3ccco3)nc2s1,8.28,Ki,Ki,5.3
Nc1nc(-c2ccco2)nc2sc(CN3CC=CCC3)cc12,8.19,Ki,Ki,6.5
Nc1nc(-c2ccco2)nc2sc(CN3CCCC(F)(F)C3)cc12,8.18,Ki,Ki,6.6
Nc1nc(-c2ccco2)nc2sc(CN3CC=CC3)cc12,8.14,Ki,Ki,7.2
Nc1nc(-c2ccco2)nc2sc(CN3CCC(F)(F)C3)cc12,8.06,Ki,Ki,8.7
Nc1nc(-c2ccc(Cl)o2)nc2sc(CN3CCCC(F)(F)C3)cc12,8.04,Ki,Ki,9.1
Nc1nc(-c2ccco2)nc2sc(CN3CCSCC3)cc12,8.04,Ki,Ki,9.2
Nc1nc(-c2ccc(Cl)o2)nc2sc(CN3CC=CC3)cc12,8.0,Ki,Ki,10.0
Nc1nc(-c2ccco2)nc2sc(CN3CCC(F)C3)cc12,7.99,Ki,Ki,10.3
Nc1nc(-c2ccc(Cl)o2)nc2sc(CN3CC=CCC3)cc12,7.96,Ki,Ki,11.0
C[C@@H]1CCC[C@H](C)N1Cc1cc2c(N)nc(-c3ccc(Br)o3)nc2s1,7.92,Ki,Ki,12.1
N#Cc1cccc(-c2nc(N)c3cc(CN4CC=CCC4)sc3n2)c1,7.88,Ki,Ki,13.2
Nc1nc(-c2ccc(Cl)o2)nc2sc(CN3CCC(F)(F)C3)cc12,7.8,Ki,Ki,15.9
CC(C)c1ccc(-c2nc(N)c3cc(CN4[C@H](C)CCC[C@@H]4C)sc3n2)o1,7.77,Ki,Ki,17.0
Nc1nc(-c2ccco2)nc2sc(CN3CCC(F)CC3)cc12,7.71,Ki,Ki,19.7
Nc1nc(-c2ccc(Cl)o2)nc2sc(CN3CCCC3)cc12,7.65,Ki,Ki,22.2
Nc1nc(-c2ccc(Br)o2)nc2sc(CN3CCCC3)cc12,7.65,Ki,Ki,22.5
CCc1ccc(-c2nc(N)c3cc(CN4[C@H](C)CCC[C@@H]4C)sc3n2)o1,7.6,Ki,Ki,25.2
Cc1ccc(-c2nc(N)c3cc(CN4CCCC4)sc3n2)o1,7.58,Ki,Ki,26.1
Nc1nc(-c2ccco2)nc2sc(CN3CCCCCC3)cc12,7.56,Ki,Ki,27.6
Nc1nc(-c2ccco2)nc2sc(CN3CCCC3)cc12,7.55,Ki,Ki,28.1
C[C@@H]1CCC[C@H](C)N1Cc1cc2c(N)nc(-c3ccc(C(F)F)o3)nc2s1,7.54,Ki,Ki,28.6
Cc1ccc(-c2nc(N)c3cc(CN4CCCCC4)sc3n2)o1,7.54,Ki,Ki,28.8
Nc1nc(-c2ccco2)nc2sc(CN3CCOCC3)cc12,7.54,Ki,Ki,29.0
Nc1nc(-c2ccc(Br)o2)nc2sc(CN3CCOCC3)cc12,7.52,Ki,Ki,30.0
Nc1nc(-c2ccc(C(F)F)o2)nc2sc(CN3CCOCC3)cc12,7.51,Ki,Ki,30.8
Cc1ccc(-c2nc(N)c3cc(CN4CCOCC4)sc3n2)o1,7.48,Ki,Ki,32.8
Nc1nc(-c2ccc(Cl)o2)nc2sc(CN3CCCCCC3)cc12,7.48,Ki,Ki,33.4
Nc1nc(-c2ccco2)nc2sc(CNC3CC3)cc12,7.44,Ki,Ki,36.0
N#Cc1cccc(-c2nc(N)c3cc(CN4CCOCC4)sc3n2)c1,7.44,Ki,Ki,36.1
N#Cc1cccc(-c2nc(N)c3cc(CN4CCCC(F)(F)C4)sc3n2)c1,7.41,Ki,Ki,39.0
Nc1nc(-c2ccc(C(F)F)o2)nc2sc(CN3CCC(F)CC3)cc12,7.38,Ki,Ki,42.2
Nc1nc(-c2ccc(C(F)F)o2)nc2sc(CN3CCCC(F)(F)C3)cc12,7.37,Ki,Ki,43.2
Nc1nc(-c2ccc(Cl)o2)nc2sc(CN3CCOCC3)cc12,7.34,Ki,Ki,45.4
Nc1nc(-c2ccco2)nc2sc(CN3CCC(F)(F)CC3)cc12,7.3,Ki,Ki,49.6
N#Cc1cccc(-c2nc(N)c3cc(CN4CCSCC4)sc3n2)c1,7.29,Ki,Ki,50.9
N#Cc1cccc(-c2nc(N)c3cc(CN4CCC(F)CC4)sc3n2)c1,7.26,Ki,Ki,54.4
CCN(CC)Cc1cc2c(N)nc(-c3ccco3)nc2s1,7.26,Ki,Ki,55.5
C[C@@H]1CCC[C@H](C)N1Cc1cc2c(N)nc(-c3cccc(C#N)c3)nc2s1,7.19,Ki,Ki,64.6
CCc1ccc(-c2nc(N)c3cc(CN4CCOCC4)sc3n2)o1,7.1,Ki,Ki,78.9
N#Cc1ccc(-c2nc(N)c3cc(CN4CC=CC4)sc3n2)cc1,7.1,Ki,Ki,79.2
N#Cc1cccc(-c2nc(N)c3cc(CN4CC=CC4)sc3n2)c1,7.08,Ki,Ki,83.5
Cc1csc(-c2nc(N)c3cc(CN4[C@H](C)CCC[C@@H]4C)sc3n2)n1,7.05,Ki,Ki,89.1
COc1cccc(-c2nc(N)c3cc(CN4CCCC(F)(F)C4)sc3n2)c1,7.01,Ki,Ki,97.7
C[C@@H]1CCC[C@H](C)N1Cc1cc2c(N)nc(-c3ccc(C4CC4)o3)nc2s1,6.96,Ki,Ki,110.0
Nc1nc(-c2cccs2)nc2sc(CN3CCCC3)cc12,6.96,Ki,Ki,110.0
Nc1nc(-c2cccc(F)c2)nc2sc(CN3CCOCC3)cc12,6.96,Ki,Ki,110.0
Nc1nc(-c2cccc(Cl)c2)nc2sc(CN3CCOCC3)cc12,6.92,Ki,Ki,120.0
Nc1nc(-c2cccs2)nc2sc(CN3CCOCC3)cc12,6.9,Ki,Ki,125.0
C[C@@H]1CCC[C@H](C)N1Cc1cc2c(N)nc(-c3ccon3)nc2s1,6.89,Ki,Ki,130.0
CN(C)Cc1cc2c(N)nc(-c3ccco3)nc2s1,6.85,Ki,Ki,140.0
C[C@@H]1CN(Cc2cc3c(N)nc(-c4cccc(C#N)c4)nc3s2)C[C@H](C)O1,6.82,Ki,Ki,150.0
Nc1nc(-c2ccco2)nc2sc(CNC3CCCCC3)cc12,6.77,Ki,Ki,170.0
N#Cc1ccc(-c2nc(N)c3cc(CN4CC=CCC4)sc3n2)cc1,6.75,Ki,Ki,180.0
Cc1ccc(-c2nc(N)c3cc(CN4CCc5ccccc5C4)sc3n2)o1,6.7,Ki,Ki,200.0
Cc1csc(-c2nc(N)c3cc(CN4CCOCC4)sc3n2)n1,6.68,Ki,Ki,210.0
Nc1nc(-c2ccco2)nc2sc(CN3CCC(=O)CC3)cc12,6.64,Ki,Ki,230.0
Nc1nc(-c2cocn2)nc2sc(CN3CC=CC3)cc12,6.62,Ki,Ki,238.0
Nc1nc(-c2ncco2)nc2sc(CN3CC=CC3)cc12,6.62,Ki,Ki,240.0
Nc1nc(-c2ncco2)nc2sc(CN3CC=CCC3)cc12,6.62,Ki,Ki,240.0
Nc1nc(-c2cocn2)nc2sc(CN3CC=CCC3)cc12,6.62,Ki,Ki,240.0
Nc1nc(-c2nccs2)nc2sc(CN3CCOCC3)cc12,6.6,Ki,Ki,250.0
Nc1nc(-c2ccco2)nc2sc(CN3CCC(O)CC3)cc12,6.52,Ki,Ki,300.0
COc1cccc(-c2nc(N)c3cc(CN4CCC(F)CC4)sc3n2)c1,6.52,Ki,Ki,300.0
Nc1nc(-c2cc3ccccc3o2)nc2sc(CN3CCC(F)CC3)cc12,6.46,Ki,Ki,350.0
Nc1nc(-c2cc(F)cc(F)c2)nc2sc(CN3CCOCC3)cc12,6.46,Ki,Ki,350.0
Nc1nc(-c2ncco2)nc2sc(CN3CCOCC3)cc12,6.44,Ki,Ki,360.0
Nc1nc(-c2ccc(F)c(F)c2)nc2sc(CN3CCOCC3)cc12,6.44,Ki,Ki,360.0
COc1cccc(-c2nc(N)c3cc(CN4CCOCC4)sc3n2)c1,6.43,Ki,Ki,370.0
N#Cc1ccc(-c2nc(N)c3cc(CN4CCC(F)CC4)sc3n2)cc1,6.41,Ki,Ki,390.0
Nc1nc(-c2ccc(C(F)F)o2)nc2sc(CN3CCC(F)(F)CC3)cc12,6.21,Ki,Ki,610.0
Nc1nc(-c2ccc(C3CC3)o2)nc2sc(CN3CCOCC3)cc12,6.02,Ki,Ki,960.0
Nc1nc(-c2ccccc2)nc2sc(CN3CCOCC3)cc12,6.0,Ki,Ki,995.0
Nc1nc(-c2ccon2)nc2sc(CN3CCOCC3)cc12,6.0,Ki,Ki,1010.0
N#Cc1ccccc1-c1nc(N)c2cc(CN3CCC(F)CC3)sc2n1,5.99,Ki,Ki,1030.0
Nc1nc(-c2cccc(C(F)(F)F)c2)nc2sc(CN3CC=CC3)cc12,5.97,Ki,Ki,1070.0
CN(C)C(=O)c1cccc(-c2nc(N)c3cc(CN4CCC(F)CC4)sc3n2)c1,5.65,Ki,Ki,2250.0
Nc1nc(-c2cccc([N+](=O)[O-])c2)nc2sc(CN3CCC(F)CC3)cc12,5.42,Ki,Ki,3760.0
Nc1nc(-c2ccc(Cl)o2)nc2sc(CN3CCC(F)CC3)cc12,7.43,Ki,Ki,36.7
Nc1nc(Cl)nc2c1ncn2[C@@H]1O[C@H](CO)[C@@H](O)[C@H]1O,6.75,Ki,Ki,180.0
CCNC(=O)[C@H]1O[C@@H](n2cnc3c(N)ncnc32)[C@H](O)[C@@H]1O,7.7,Ki,Ki,20.0
CC(C)(C)OC(=O)C1CCCN1C[C@@H](O)[C@H](Cc1ccccc1)NC(=O)[C@H](CC(N)=O)NC(=O)OCc1ccccc1,8.19,Ki,Ki,6.4
CCNC(=O)[C@H]1O[C@@H](n2cnc3c(N)nc(NCCc4ccc(CCC(=O)O)cc4)nc32)[C@H](O)[C@@H]1O,7.57,Ki,Ki,27.0
Nc1nc(N/N=C/C2CCCCC2)nc2c1ncn2[C@@H]1O[C@H](CO)[C@@H](O)[C@H]1O,6.57,Ki,Ki,270.0
CCNC(=O)[C@H]1O[C@@H](n2cnc3c(N)nc(C#CC[C@H]4CC[C@H](C(=O)OC)CC4)nc32)[C@H](O)[C@@H]1O,9.3,Ki,Ki,0.5
CNC(=O)c1cnn(-c2nc(N)c3ncn([C@@H]4O[C@H](CO)[C@@H](O)[C@H]4O)c3n2)c1,6.54,Ki,Ki,290.0
CCn1nnc([C@H]2O[C@@H](n3cnc4c(N)nc(N[C@H](CO)Cc5ccccc5)nc43)[C@H](O)[C@@H]2O)n1,7.34,Ki,Ki,46.0
O=C(NCCNC(=O)c1nc(NCC(c2ccccc2)c2ccccc2)c2ncn([C@@H]3O[C@H](CO)[C@@H](O)[C@H]3O)c2n1)NC1CCN(c2ccccn2)CC1,8.4,Ki,Ki,4.0
Nc1nc(OCCc2ccc(Cl)cc2)nc2c1ncn2[C@@H]1O[C@H](CO)[C@@H](O)[C@H]1O,6.31,Ki,Ki,490.0
O=C(Nc1ccc(F)cc1)Nc1ccc(Nc2nc(-c3ccccc3)nc3c2nnn3Cc2ccccc2)cc1,6.78,Ki,Ki,167.0
Nc1nc(-c2ccco2)c2c(n1)-c1ccccc1C2=O,10.0,Ki,Ki,0.1
Nc1nc(-c2ccccc2)c2c(n1)-c1cc(CN3CCCC3)ccc1C2=O,8.39,Ki,Ki,4.1
Nc1nc(-c2ccccc2)c2c(n1)-c1cc(OCCN3CCOCC3)ccc1C2=O,8.19,Ki,Ki,6.5
Nc1nc(-c2ccccc2)c2c(n1)-c1cc(NCCN3CCOCC3)ccc1C2=O,8.36,Ki,Ki,4.4
Nc1nc(-c2ccco2)nc2sc(CN3CCOCC3)cc12,7.54,Ki,Ki,29.0
Nc1nc(-c2ccco2)nc2sc(CN3CCCC(F)(F)C3)cc12,8.18,Ki,Ki,6.6
C[C@@H]1CCC[C@H](C)N1Cc1cc2c(N)nc(-c3ccco3)nc2s1,8.28,Ki,Ki,5.3
Cn1c(=O)c2c(ncn2C)n(C)c1=O,4.63,Ki,Ki,23400.0
CCn1c(=O)c2c(nc(/C=C/c3ccc(OC)c(OC)c3)n2C)n(CC)c1=O,7.92,Ki,Ki,12.0
Nc1nc2c(cnn2CCc2ccccc2)c2nc(-c3ccco3)nn12,8.96,Ki,Ki,1.1
Nc1nc(NCCc2ccc(O)cc2)nc2nc(-c3ccco3)nn12,9.1,Ki,Ki,0.8
Cc1ccc2cc(CCn3ncc4c3nc(N)n3nc(-c5ccco5)nc43)ccc2n1,8.62,Ki,Ki,2.4
COCCOc1ccc(N2CCN(CCn3ncc4c3nc(N)n3nc(-c5ccco5)nc43)CC2)cc1,9.22,Ki,Ki,0.6
COCCOc1ccc(N2CCN(CCn3ncc4c3nc(N)n3nc(-c5ccco5)nc43)CC2)cc1,8.96,Ki,Ki,1.1
COCCOc1ccc(N2CCN(CCn3cnc4c3nc(N)n3nc(-c5ccco5)nc43)CC2)cc1,9.05,Ki,Ki,0.9
COCCOc1ccc(N2CCN(CCn3cnc4c3nc(N)n3nc(-c5ccccn5)nc43)CC2)cc1,7.9,Ki,Ki,12.6
Cc1cnc2c(c1)CN(CCn1ncc3c1nc(N)n1nc(-c4ccco4)nc31)CC2,8.7,Ki,Ki,2.0
CN(CCN1CCN(c2ccc(F)cc2F)CC1)c1cc2nc(-c3cccc(C#N)c3)nn2c(N)n1,8.74,Ki,Ki,1.8
CN(C)CCn1ncc2c1nc(N)n1c(=O)n(Cc3cccc(Cl)c3)nc21,8.28,Ki,Ki,5.2
Nc1nc2c(cnn2CCN2CCOCC2)c2nn(Cc3cccc(Cl)c3)c(=O)n12,7.85,Ki,Ki,14.2
COc1ccc(C2CCOCC2)c2oc(NC(=O)c3ccnc(N4CCOCC4)c3)nc12,7.6,Ki,Ki,25.0
COc1cnc(N2CCOCC2)c2sc(NC(=O)c3ccc(F)cc3)nc12,8.3,Ki,Ki,5.0
COc1ccc(N2CCOCC2)c2sc(NC(=O)N3CCC(C)(O)CC3)nc12,8.3,Ki,Ki,5.0
O[C@H](c1cc(C(F)(F)F)nc2c(C(F)(F)F)cccc12)[C@@H]1CCCCN1,7.21,Ki,Ki,61.0
CC(C)c1nc(-c2nccs2)c2sccc2n1,8.85,Ki,Ki,1.4
Nc1nc(-c2ccco2)c2ncn(C(=O)NCc3ccccc3)c2n1,8.96,Ki,Ki,1.1
Nc1nc(-c2ccco2)c2ncn(C(=O)NCc3ccco3)c2n1,8.77,Ki,Ki,1.7
Cc1cc(Cn2nnc3c(-c4ccco4)nc(N)nc32)ccc1N,8.89,Ki,Ki,1.3
COCc1cccc(CNC(=O)c2cc(-c3ccco3)nc(N)n2)n1,8.77,Ki,Ki,1.7
Cc1cccc(CNC(=O)c2cc(-c3ccc(C)o3)nc(N)n2)n1,8.6,Ki,Ki,2.5
Nc1nnc(-c2ccccc2)c(-c2ccccc2)n1,6.94,Ki,Ki,115.0
Cc1cc(-c2nnc(N)nc2-c2ccccc2)cc(C(F)(F)F)n1,8.46,Ki,Ki,3.5
CC1(C)CCCN(c2nnc(N)nc2-c2ccccc2)C1,7.39,Ki,Ki,41.0
CC1CN(c2nnc(N)nc2-c2ccccc2)CC(C)O1,7.8,Ki,Ki,16.0
O=C(c1ccc(C(=O)N2CCCCCC2)cc1)c1cnc2ccc(F)cn12,7.92,Ki,Ki,12.0
COC[C@H]1CCCN1C(=O)c1ccc2c(-c3cnc4ccc(C#N)cn34)nn(C)c2c1,8.52,Ki,Ki,3.0
O=C(c1ccc2c(-c3cnc4ccc(F)cn34)noc2c1)N1CCCCCC1,8.4,Ki,Ki,4.0
CCCCc1nc(N)c2nc(-n3nccn3)n(C)c2n1,8.18,Ki,Ki,6.6
CC(O)CCc1nc(N)c2nc(-n3nccn3)n(C)c2n1,8.1,Ki,Ki,8.0
CC(=O)CCc1nc(N)c2nc(-n3nccn3)n(C)c2n1,7.92,Ki,Ki,12.0
CC(C)n1cc(-c2ncc(N)nc2-c2ccc(F)cc2)ccc1=O,8.74,Ki,Ki,1.8
CC(=O)Nc1cc(-n2cccn2)nc(-c2ccco2)n1,9.22,Ki,Ki,0.6
Cc1cc(C)n(-c2cc(NC(=O)CN3CCN(C)CC3)nc(-c3nccs3)n2)n1,8.05,Ki,Ki,9.0
Cc1cc(C)n(-c2cc(NC(=O)COc3cccc(CN(C)C)c3)nc(-c3ccc(C)o3)n2)n1,9.4,Ki,Ki,0.4
COC1CCN(c2cccc(-c3cc(NC(C)=O)nc(-n4nc(C)cc4C)n3)n2)CC1,9.4,Ki,Ki,0.4
C#CCn1c(Br)nc2c(N)nc(C#CCCCCCC)nc21,9.25,Ki,Ki,0.56
Cc1ccc2ncc3nc(-c4ccccc4)nn3c2c1,5.62,Ki,Ki,2401.0
CCCn1c(=O)c2[nH]c(C3CCCC3)nc2n(CCC)c1=O,6.58,Ki,Ki,260.3
O=c1c2ncn3nc(-c4ccccc4)cc3c2c(-c2cccnc2)nn1Cc1ccccc1,6.09,Ki,Ki,805.1
CCc1nc2c(=O)n(Cc3ccccc3)nc(C3CCCC3)c2c2cc(-c3ccccc3)nn12,6.18,Ki,Ki,662.4
O=c1c2ncn3nc(-c4ccccc4)cc3c2c(C2CCCC2)nn1Cc1ccccc1,7.12,Ki,Ki,75.5
O=c1c2ncn3nc(-c4ccccc4)cc3c2c(-c2ccsc2)nn1Cc1ccccc1,7.16,Ki,Ki,69.2
Cc1nc2c(=O)n(Cc3ccccc3)nc(-c3cccs3)c2c2cc(-c3ccccc3)nn12,5.59,Ki,Ki,2595.4
O=c1c2ncn3nc(-c4ccccc4)cc3c2c(-c2cccs2)nn1Cc1ccccc1,7.29,Ki,Ki,51.0
Cc1nc(N)c2nn(-c3ccccc3)cc2n1,6.61,Ki,Ki,246.0
Nc1nc(-c2ccccc2)nc2cn(-c3ccccc3)nc12,6.49,Ki,Ki,325.0
Nc1nc(Cc2ccccc2)nc2cn(-c3ccccc3)nc12,6.96,Ki,Ki,110.0
Nc1ncnc2cn(-c3ccccc3)nc12,6.39,Ki,Ki,410.0
COc1ccccc1Cc1nc(N)c2nn(-c3ccccc3)cc2n1,6.67,Ki,Ki,213.0
Nc1nc(Cc2ccccc2F)nc2cn(-c3ccccc3)nc12,6.81,Ki,Ki,154.0
Nc1nc(Cc2ccccc2O)nc2cn(-c3ccccc3)nc12,7.05,Ki,Ki,89.0
Nc1nc(Cc2cccc(O)c2)nc2cn(-c3ccccc3)nc12,6.28,Ki,Ki,521.0
Nc1nc(CCCc2ccccc2)nc2cn(-c3ccccc3)nc12,7.26,Ki,Ki,55.0
COc1ccccc1CCCc1nc(N)c2nn(-c3ccccc3)cc2n1,6.82,Ki,Ki,153.0
COc1cccc(CCCc2nc(N)c3nn(-c4ccccc4)cc3n2)c1,6.83,Ki,Ki,147.0
COc1ccc(CCCc2nc(N)c3nn(-c4ccccc4)cc3n2)cc1,6.1,Ki,Ki,790.0
Nc1nc(CCCc2ccccc2O)nc2cn(-c3ccccc3)nc12,6.99,Ki,Ki,102.0
Nc1nc(CCCc2cccc(O)c2)nc2cn(-c3ccccc3)nc12,6.84,Ki,Ki,146.0
Nc1nc(CCCc2ccc(O)cc2)nc2cn(-c3ccccc3)nc12,6.14,Ki,Ki,722.0
Nc1nc(CCCc2ccccc2)nc2cn(-c3ccccc3)nc12,6.37,IC50,IC50,423.0
OC[C@H]1O[C@@H](n2cnc3c(NC4CC4c4ccccc4)nc(C#Cc4ccccc4)nc32)[C@H](O)[C@@H]1O,5.6,Ki,Ki,2530.0
CNC(=O)[C@@]12C[C@@H]1[C@@H](n1cnc3c(N)nc(C#Cc4ccccc4)nc31)[C@H](O)[C@@H]2O,5.92,Ki,Ki,1200.0
COc1ccc(CCCn2ncc3c2nc(N)n2nc(-c4ccco4)nc32)cc1,10.32,Ki,Ki,0.048
Cn1cc2c(nc(NC(=O)Nc3ccccc3)n3nc(-c4ccco4)nc23)n1,6.42,Ki,Ki,381.0
CCOC(=O)c1cnc(SC)n2nc(-c3ccco3)nc12,5.02,Ki,Ki,9500.0
CCOC(=O)c1cnc(NCc2ccc(OC)c(OC)c2)n2nc(-c3ccco3)nc12,6.94,Ki,Ki,116.0
COc1ccc(CNc2ncc(C(=O)O)c3nc(-c4ccco4)nn23)cc1OC,5.27,Ki,Ki,5320.0
CNC(=O)c1cnc(NCc2ccc(OC)c(OC)c2)n2nc(-c3ccco3)nc12,7.59,Ki,Ki,25.8
COc1ccc(CNc2ncc(C(=O)NCCc3ccccc3)c3nc(-c4ccco4)nn23)cc1OC,7.19,Ki,Ki,65.2
CNC(=O)c1cnc(N)n2nc(-c3ccco3)nc12,7.82,Ki,Ki,15.0
Nc1ncc(C(=O)NCCc2ccccc2)c2nc(-c3ccco3)nn12,7.96,Ki,Ki,11.1
CCOC(=O)c1cnc(N)n2nc(-c3ccco3)nc12,8.48,Ki,Ki,3.32
CNC(=O)c1cnc(NC(=O)Nc2ccccc2)n2nc(-c3ccco3)nc12,8.24,Ki,Ki,5.76
CNC(=O)c1cnc(NC(=O)NC2CCCCC2)n2nc(-c3ccco3)nc12,5.82,Ki,Ki,1520.0
CNC(=O)c1cnc(NC(=O)Cc2ccccc2)n2nc(-c3ccco3)nc12,7.91,Ki,Ki,12.4
O=C(Nc1ccccc1)Nc1ncc(C(=O)NCCc2ccccc2)c2nc(-c3ccco3)nn12,7.29,Ki,Ki,51.4
O=C(Nc1ncc(C(=O)NCCc2ccccc2)c2nc(-c3ccco3)nn12)NC1CCCCC1,6.11,Ki,Ki,773.0
O=C(Cc1ccccc1)Nc1ncc(C(=O)NCCc2ccccc2)c2nc(-c3ccco3)nn12,7.55,Ki,Ki,28.1
CCOC(=O)c1cnc(NC(=O)Nc2ccccc2)n2nc(-c3ccco3)nc12,8.32,Ki,Ki,4.82
C=C(OCC)c1cnc(NC(=O)NC2CCCCC2)n2nc(-c3ccco3)nc12,6.74,Ki,Ki,183.0
CCOC(=O)c1cnc(NC(=O)Cc2ccccc2)n2nc(-c3ccco3)nc12,4.37,Ki,Ki,42700.0
O=C(Nc1ncc(C(=O)O)c2nc(-c3ccco3)nn12)NC1CCCCC1,4.61,Ki,Ki,24700.0
CCOC(=O)c1cnc(NC)n2nc(-c3ccco3)nc12,6.98,Ki,Ki,104.0
CCNc1ncc(C(=O)OCC)c2nc(-c3ccco3)nn12,7.3,Ki,Ki,50.3
CCCCCNc1ncc(C(=O)OCC)c2nc(-c3ccco3)nn12,7.3,Ki,Ki,50.1
CCOC(=O)c1cnc(NC(C)C)n2nc(-c3ccco3)nc12,6.99,Ki,Ki,103.0
CCCCC(CC)CNc1ncc(C(=O)OCC)c2nc(-c3ccco3)nn12,6.67,Ki,Ki,215.0
CCOC(=O)c1cnc(NC2CC2)n2nc(-c3ccco3)nc12,7.43,Ki,Ki,37.4
CCOC(=O)c1cnc(NC2CCCC2)n2nc(-c3ccco3)nc12,7.36,Ki,Ki,43.4
CCOC(=O)c1cnc(NCC2CCCCC2)n2nc(-c3ccco3)nc12,6.92,Ki,Ki,121.0
CCOC(=O)c1cnc(NCc2ccccc2)n2nc(-c3ccco3)nc12,7.5,Ki,Ki,32.0
CCOC(=O)c1cnc(NCc2ccc(C)cc2)n2nc(-c3ccco3)nc12,6.91,Ki,Ki,122.0
CCOC(=O)c1cnc(NCc2ccc(OC)cc2)n2nc(-c3ccco3)nc12,6.85,Ki,Ki,142.0
CCOC(=O)c1cnc(NCc2ccc(F)cc2)n2nc(-c3ccco3)nc12,7.41,Ki,Ki,39.3
CCOC(=O)c1cnc(NCc2ccc(Cl)cc2)n2nc(-c3ccco3)nc12,7.13,Ki,Ki,73.2
CCOC(=O)c1cnc(NCc2ccc(C(F)(F)F)cc2)n2nc(-c3ccco3)nc12,6.68,Ki,Ki,209.0
CCOC(=O)c1cnc(NCc2ccc(-c3ccccc3)cc2)n2nc(-c3ccco3)nc12,6.73,Ki,Ki,187.0
CCOC(=O)c1cnc(NC(c2ccccc2)c2ccccc2)n2nc(-c3ccco3)nc12,6.42,Ki,Ki,385.0
CCOC(=O)c1cnc(NC2CCC2)n2nc(-c3ccco3)nc12,7.54,Ki,Ki,28.9
CCOC(=O)c1cnc(NC2CCCCCC2)n2nc(-c3ccco3)nc12,6.63,Ki,Ki,235.0
C=C(CCC)C1=CC=C(CC2CCCCCCC2)C2C=C(C3=CC=CC3)C=C12,6.46,Ki,Ki,351.0
CCOC(=O)c1cnc(N2CCCC2)n2nc(-c3ccco3)nc12,4.99,Ki,Ki,10200.0
CCOC(=O)c1cnc(N2CCCCC2)n2nc(-c3ccco3)nc12,5.09,Ki,Ki,8180.0
CCOC(=O)c1cnc(NCCOC)n2nc(-c3ccco3)nc12,6.54,Ki,Ki,292.0
CCOC(=O)c1cnc(N(C)C)n2nc(-c3ccco3)nc12,5.19,Ki,Ki,6480.0
CCOC(=O)c1cnc(N2CCOCC2)n2nc(-c3ccco3)nc12,4.75,Ki,Ki,17600.0
CCOC(=O)c1cnc(NC2CCCCC2)n2nc(-c3ccco3)nc12,7.23,Ki,Ki,58.9
CCOC(=O)c1cnc(NCC(C)C)n2nc(-c3ccco3)nc12,7.35,Ki,Ki,44.4
CCOC(=O)c1cnc(NOC)n2nc(-c3ccco3)nc12,6.68,Ki,Ki,210.0
CCNc1ncc(C(=O)O)c2nc(-c3ccco3)nn12,5.43,Ki,Ki,3680.0
CCCCCNc1ncc(C(=O)O)c2nc(-c3ccco3)nn12,4.57,Ki,Ki,26900.0
CC(C)Nc1ncc(C(=O)O)c2nc(-c3ccco3)nn12,5.12,Ki,Ki,7660.0
CCCCC(CC)CNc1ncc(C(=O)O)c2nc(-c3ccco3)nn12,4.47,Ki,Ki,33800.0
O=C(O)c1cnc(NC2CC2)n2nc(-c3ccco3)nc12,6.22,Ki,Ki,596.0
O=C(O)c1cnc(NC2CCCC2)n2nc(-c3ccco3)nc12,4.43,Ki,Ki,37300.0
O=C(O)c1cnc(NCC2CCCCC2)n2nc(-c3ccco3)nc12,4.47,Ki,Ki,33900.0
O=C(O)c1cnc(NCc2ccccc2)n2nc(-c3ccco3)nc12,5.44,Ki,Ki,3660.0
Cc1ccc(CNc2ncc(C(=O)O)c3nc(-c4ccco4)nn23)cc1,5.92,Ki,Ki,1190.0
COc1ccc(CNc2ncc(C(=O)O)c3nc(-c4ccco4)nn23)cc1,4.91,Ki,Ki,12400.0
O=C(O)c1cnc(NCc2ccc(F)cc2)n2nc(-c3ccco3)nc12,5.19,Ki,Ki,6390.0
O=C(O)c1cnc(NCc2ccc(C(F)(F)F)cc2)n2nc(-c3ccco3)nc12,4.75,Ki,Ki,18000.0
O=C(O)[C@H]1CC[C@H](OC2CCN(c3ccc(-c4nc5cc(Cl)ccc5[nH]4)cn3)CC2)CC1,5.46,Ki,Ki,3.5
O=C(O)[C@H]1CC[C@@H](OC2CCN(c3ccc(-c4nc5cc(C(F)(F)F)ccc5[nH]4)cn3)CC2)CC1,5.1,Ki,Ki,8.0
O=C(O)[C@H]1CC[C@H](OC2CCN(c3ccc(-c4nc5cc(C(F)(F)F)ccc5[nH]4)cn3)CC2)CC1,5.34,Ki,Ki,4.6
O=C(O)[C@H]1CC[C@H](OC2CCN(c3ccc(-c4nc5cc(F)ccc5[nH]4)cn3)CC2)CC1,5.01,Ki,Ki,9.7
CCNC(=O)[C@H]1O[C@@H](n2cnc3c(N)nc(NCCc4ccc(CCC(=O)O)cc4)nc32)[C@H](O)[C@@H]1O,7.16,Ki,Ki,70.0
CCNC(=O)[C@H]1O[C@@H](n2cnc3c(N)nc(NCCc4ccc(CCC(=O)Nc5ccc(OC(C)=O)c([N+](=O)[O-])c5)cc4)nc32)[C@H](O)[C@@H]1O,7.64,Ki,Ki,23.0
CCNC(=O)[C@H]1O[C@@H](n2cnc3c(N)nc(NCCc4ccc(CCC(=O)Nc5ccc(OC(=O)CCCCN=[N+]=[N-])c([N+](=O)[O-])c5)cc4)nc32)[C@H](O)[C@@H]1O,5.36,Ki,Ki,4360.0
CCNC(=O)[C@H]1O[C@@H](n2cnc3c(N)nc(NCCc4ccc(CCC(=O)Nc5ccc(OC(=O)CCCC[C@@H]6SC[C@@H]7NC(=O)N[C@@H]76)c([N+](=O)[O-])c5)cc4)nc32)[C@H](O)[C@@H]1O,5.48,Ki,Ki,3280.0
CCNC(=O)[C@H]1O[C@@H](n2cnc3c(N)nc(NCCc4ccc(CCC(=O)Nc5ccc(O)c([N+](=O)[O-])c5)cc4)nc32)[C@H](O)[C@@H]1O,6.57,Ki,Ki,267.0
CCNC(=O)[C@H]1O[C@@H](n2cnc3c(N)nc(NCCc4ccc(CCC(=O)O)cc4)nc32)[C@H](O)[C@@H]1O,8.36,Kd,Kd,4.36
CCNC(=O)[C@H]1O[C@@H](n2cnc3c(N)nc(NCCc4ccc(CCC(=O)Nc5ccc(OC(C)=O)c([N+](=O)[O-])c5)cc4)nc32)[C@H](O)[C@@H]1O,8.3,Kd,Kd,5.04
CCNC(=O)[C@H]1O[C@@H](n2cnc3c(N)nc(NCCc4ccc(CCC(=O)Nc5ccc(OC(=O)CCCCN=[N+]=[N-])c([N+](=O)[O-])c5)cc4)nc32)[C@H](O)[C@@H]1O,8.5,Kd,Kd,3.15
CCNC(=O)[C@H]1O[C@@H](n2cnc3c(N)nc(NCCc4ccc(CCC(=O)Nc5ccc(OC(C)=O)c([N+](=O)[O-])c5)cc4)nc32)[C@H](O)[C@@H]1O,8.65,Kd,Kd,2.24
CCNC(=O)[C@H]1O[C@@H](n2cnc3c(N)nc(NCCc4ccc(CCC(=O)Nc5ccc(OC(C)=O)c([N+](=O)[O-])c5)cc4)nc32)[C@H](O)[C@@H]1O,8.5,Kd,Kd,3.17
Nc1nc(N2CCCN(CCc3cccc4c3CC(=O)N4)CC2)nc2nc(-c3ccco3)nn12.O=C(O)C(F)(F)F,5.83,IC50,IC50,1479.0
Nc1nc(N2CCN(CCc3cccc4c3CC(=O)N4)CC2)nc2nc(-c3ccco3)nn12,7.23,IC50,IC50,59.0
Nc1nc(NC2CCN(CCc3cccc4c3CC(=O)N4)CC2)nc2nc(-c3ccco3)nn12,5.82,IC50,IC50,1514.0
Nc1nc(NC2CCNCC2)nc2nc(-c3ccco3)nn12,5.07,IC50,IC50,8511.0
CC(C)(C)OC(=O)N1CCC(Nc2nc(N)n3nc(-c4ccco4)nc3n2)CC1,5.76,IC50,IC50,1738.0
CCCN(CCCCCCNc1nc(N)n2nc(-c3ccco3)nc2n1)CCc1cccc2c1CC(=O)N2,5.75,IC50,IC50,1778.0
CCCN(CCCNc1nc(N)n2nc(-c3ccco3)nc2n1)CCc1cccc2c1CC(=O)N2,6.04,IC50,IC50,912.0
CN(CCCNc1nc(N)n2nc(-c3ccco3)nc2n1)CCc1cccc2c1CC(=O)N2,5.95,IC50,IC50,1122.0
CCCN(CCc1cccc2c1CC(=O)N2)c1nc(N)n2nc(-c3ccco3)nc2n1,7.5,IC50,IC50,32.0
CCCN(CCCNc1nc(Oc2ccc(CCNc3nc(N)n4nc(-c5ccco5)nc4n3)cc2)nc(N2CCOCC2)n1)CCc1cccc2c1CC(=O)N2.O=CO,6.92,IC50,IC50,120.0
Nc1nc(NCCc2ccc(Oc3nc(Cl)nc(N4CCOCC4)n3)cc2)nc2nc(-c3ccco3)nn12,6.87,IC50,IC50,135.0
COC(=O)CCCCCCCCCCCNC(=O)CCCOc1ccc(CCNc2nc(N)n3nc(-c4ccco4)nc3n2)cc1,6.36,IC50,IC50,437.0
CCCN(CCCNC(=O)CCCCCCCCCCCNC(=O)CCCOc1ccc(CCNc2nc(N)n3nc(-c4ccco4)nc3n2)cc1)CCc1cccc2c1CC(=O)N2.O=C(O)C(F)(F)F,5.97,IC50,IC50,1072.0
CCCN(CCCNC(=O)CCCCCCCNC(=O)CCCOc1ccc(CCNc2nc(N)n3nc(-c4ccco4)nc3n2)cc1)CCc1cccc2c1CC(=O)N2,7.39,IC50,IC50,41.0
CCCN(CCCNC(=O)CCCNC(=O)CCCOc1ccc(CCNc2nc(N)n3nc(-c4ccco4)nc3n2)cc1)CCc1cccc2c1CC(=O)N2,6.96,IC50,IC50,110.0
CCCN(CCCNC(=O)CCCOc1ccc(CCNc2nc(N)n3nc(-c4ccco4)nc3n2)cc1)CCc1cccc2c1CC(=O)N2.O=C(O)C(F)(F)F,7.75,IC50,IC50,18.0
CCCN(CCCNC(=O)COc1ccc(CCNc2nc(N)n3nc(-c4ccco4)nc3n2)cc1)CCc1cccc2c1CC(=O)N2,7.2,IC50,IC50,63.0
CCCN(CCCNC(=O)CCCC(=O)Oc1ccc(CCNc2nc(N)n3nc(-c4ccco4)nc3n2)cc1)CCc1cccc2c1CC(=O)N2,7.46,IC50,IC50,35.0
Nc1nc(NCCc2ccc(O)cc2)nc2nc(-c3ccco3)nn12,7.48,IC50,IC50,33.0
Nc1nc(N2CCCN(CCc3cccc4c3CC(=O)N4)CC2)nc2nc(-c3ccco3)nn12.O=C(O)C(F)(F)F,5.83,IC50,pIC50,5.83
Nc1nc(N2CCN(CCc3cccc4c3CC(=O)N4)CC2)nc2nc(-c3ccco3)nn12,7.23,IC50,pIC50,7.23
Nc1nc(NC2CCN(CCc3cccc4c3CC(=O)N4)CC2)nc2nc(-c3ccco3)nn12,5.82,IC50,pIC50,5.82
Nc1nc(NC2CCNCC2)nc2nc(-c3ccco3)nn12,5.07,IC50,pIC50,5.07
CC(C)(C)OC(=O)N1CCC(Nc2nc(N)n3nc(-c4ccco4)nc3n2)CC1,5.76,IC50,pIC50,5.76
CCCN(CCCCCCNc1nc(N)n2nc(-c3ccco3)nc2n1)CCc1cccc2c1CC(=O)N2,5.75,IC50,pIC50,5.75
CCCN(CCCNc1nc(N)n2nc(-c3ccco3)nc2n1)CCc1cccc2c1CC(=O)N2,6.04,IC50,pIC50,6.04
CN(CCCNc1nc(N)n2nc(-c3ccco3)nc2n1)CCc1cccc2c1CC(=O)N2,5.95,IC50,pIC50,5.95
CCCN(CCc1cccc2c1CC(=O)N2)c1nc(N)n2nc(-c3ccco3)nc2n1,7.49,IC50,pIC50,7.49
CCCN(CCCNc1nc(Oc2ccc(CCNc3nc(N)n4nc(-c5ccco5)nc4n3)cc2)nc(N2CCOCC2)n1)CCc1cccc2c1CC(=O)N2.O=CO,6.92,IC50,pIC50,6.92
Nc1nc(NCCc2ccc(Oc3nc(Cl)nc(N4CCOCC4)n3)cc2)nc2nc(-c3ccco3)nn12,6.87,IC50,pIC50,6.87
COC(=O)CCCCCCCCCCCNC(=O)CCCOc1ccc(CCNc2nc(N)n3nc(-c4ccco4)nc3n2)cc1,6.36,IC50,pIC50,6.36
CCCN(CCCNC(=O)CCCCCCCCCCCNC(=O)CCCOc1ccc(CCNc2nc(N)n3nc(-c4ccco4)nc3n2)cc1)CCc1cccc2c1CC(=O)N2.O=C(O)C(F)(F)F,5.97,IC50,pIC50,5.97
CCCN(CCCNC(=O)CCCCCCCNC(=O)CCCOc1ccc(CCNc2nc(N)n3nc(-c4ccco4)nc3n2)cc1)CCc1cccc2c1CC(=O)N2,7.39,IC50,pIC50,7.39
CCCN(CCCNC(=O)CCCNC(=O)CCCOc1ccc(CCNc2nc(N)n3nc(-c4ccco4)nc3n2)cc1)CCc1cccc2c1CC(=O)N2,6.96,IC50,pIC50,6.96
CCCN(CCCNC(=O)CCCOc1ccc(CCNc2nc(N)n3nc(-c4ccco4)nc3n2)cc1)CCc1cccc2c1CC(=O)N2.O=C(O)C(F)(F)F,7.74,IC50,pIC50,7.74
CCCN(CCCNC(=O)COc1ccc(CCNc2nc(N)n3nc(-c4ccco4)nc3n2)cc1)CCc1cccc2c1CC(=O)N2,7.2,IC50,pIC50,7.2
CCCN(CCCNC(=O)CCCC(=O)Oc1ccc(CCNc2nc(N)n3nc(-c4ccco4)nc3n2)cc1)CCc1cccc2c1CC(=O)N2,7.45,IC50,pIC50,7.45
Nc1nc(NCCc2ccc(O)cc2)nc2nc(-c3ccco3)nn12,7.48,IC50,pIC50,7.48
CCOC(=O)c1c(NC(=O)c2sc(Nc3ccccc3)nc2N(C)C)sc2c1CCCC2,5.19,Ki,Ki,6.45
CCOC(=O)c1c(NC(=O)c2sc(Nc3ccccc3)nc2-c2ccc(C)cc2)sc2c1CCCC2,4.55,Ki,Ki,28.4
CCOC(=O)c1c(NC(=O)c2sc(Nc3ccc(C)cc3)nc2N(C)C)sc2c1CCCC2,4.75,Ki,Ki,18.0
Cc1ccc(Nc2nc(N(C)C)c(C(=O)Nc3sc4c(c3C(N)=O)CCCC4)s2)cc1,4.65,Ki,Ki,22.3
Cc1ccc(-c2nc(Nc3ccccc3)sc2C(=O)Nc2sc3c(c2C(N)=O)CCCC3)cc1,5.46,Ki,Ki,3.44
Cc1ccc(Nc2nc(C)c(C(=O)Nc3sc4c(c3C#N)CCCC4)s2)cc1,5.25,Ki,Ki,5.67
CCOC(=O)c1c(NC(=O)c2sc(Nc3ccc(OC)cc3)nc2N(C)C)sc(C(=O)OC)c1C,5.01,Ki,Ki,9.66
CCOC(=O)c1c(NC(=O)c2sc(Nc3ccc(C)cc3)nc2N(C)C)sc(C(=O)OC)c1C,4.58,Ki,Ki,26.6
CC(C)(O)CC(=O)Nc1ccc(C(=O)Nc2nccs2)cc1,5.96,Ki,Ki,1100.0
CC(C)(C)CC(=O)Nc1ccc(C(=O)Nc2nccs2)nc1,6.52,Ki,Ki,300.0
CC(C)CCNc1ccc(C(=O)Nc2nccs2)cc1,6.14,Ki,Ki,730.0
CC(C)CC(=O)Nc1ccc(C(=O)Nc2nccs2)cc1,7.23,Ki,Ki,59.0
CC(CCN1CCOCC1)CC(=O)Nc1ccc(C(=O)Nc2nccs2)cc1,6.96,Ki,Ki,110.0
CCN(CC)CCC(C)CC(=O)Nc1ccc(C(=O)Nc2nccs2)cc1,6.96,Ki,Ki,110.0
CCN(CC)CCCCCCCC(=O)Nc1ccc(C(=O)Nc2nccs2)cc1,6.89,Ki,Ki,130.0
CCN(CC)CCCCCC(=O)Nc1ccc(C(=O)Nc2nccs2)cc1,6.62,Ki,Ki,240.0
CCN(CC)CCCCC(=O)Nc1ccc(C(=O)Nc2nccs2)cc1,6.08,Ki,Ki,830.0
CCCCC(=O)Nc1ccc(C(=O)Nc2nccs2)cc1,6.72,Ki,Ki,190.0
O=C(CC1CCCN1)Nc1ccc(C(=O)Nc2nccs2)cc1,5.18,Ki,Ki,6600.0
O=C(CC1CCCC1)Nc1ccc(C(=O)Nc2nccs2)cc1,7.17,Ki,Ki,67.0
Cc1cc(C(=O)Nc2nccs2)ccc1NC(=O)CC(C)(C)C,7.17,Ki,Ki,67.0
CC(C)(C)CC(=O)Nc1ccc(C(=O)Nc2nccs2)cc1,7.44,Ki,Ki,36.0
CCn1c(=O)c2c(nc(/C=C/c3ccc(OC)c(OC)c3)n2C)n(CC)c1=O,7.14,Ki,Ki,72.0
CCOC(=O)c1nc(NC(=O)c2ccc(F)cc2)nc2nn(CCc3ccccc3)cc12,5.21,Ki,Ki,6.1
CCOC(=O)c1nc(NC(=O)c2ccccc2)nc2nn(CCc3ccccc3)cc12,5.43,Ki,Ki,3.7
CCOC(=O)c1nc(NC(=O)c2ccc(F)cc2)nc2nn(CC(C)(C)C)cc12,5.24,Ki,Ki,5.7
CCOC(=O)c1nc(NC(=O)c2ccc(C)cc2)nc2nn(C(C)C)cc12,5.64,Ki,Ki,2.3
CCOC(=O)c1nc(NC(=O)c2ccc(F)cc2)nc2nn(C(C)C)cc12,5.55,Ki,Ki,2.8
CCOC(=O)c1nc(NC(=O)c2ccccc2)nc2nn(C(C)C)cc12,5.48,Ki,Ki,3.3
CCOC(=O)c1nc(NC(=O)c2ccc(C)cc2)nc2nn(C)cc12,4.93,Ki,Ki,11.8
CCOC(=O)c1nc(NC(=O)c2ccc(F)cc2)nc2nn(C)cc12,4.94,Ki,Ki,11.5
CCOC(=O)c1nc(NC(=O)c2ccccc2)nc2nn(C)cc12,4.79,Ki,Ki,16.1
CCOC(=O)c1nc(N)nc2nn(CCc3ccccc3)cc12,5.32,Ki,Ki,4.8
CCOC(=O)c1nc(N)nc2nn(CC(C)(C)C)cc12,5.3,Ki,Ki,5.0
CCOC(=O)c1nc(N)nc2nn(C(C)C)cc12,5.58,Ki,Ki,2.6
CCOC(=O)c1nc(N)nc2nn(C)cc12,5.7,Ki,Ki,2.0
NC(=O)c1nc(N)nc2nn(CCc3ccccc3)cc12,4.8,Ki,Ki,15.7
CC(C)n1cc2c(C(N)=O)nc(N)nc2n1,5.04,Ki,Ki,9.2
Cn1cc2c(C(N)=O)nc(N)nc2n1,5.52,Ki,Ki,3.0
CCOC(=O)c1nc(NC(=O)Cc2ccccc2)nc2nn(CCc3ccccc3)cc12,5.62,Ki,Ki,2.4
CCOC(=O)c1nc(NC(=O)Cc2ccccc2)nc2nn(CC(C)(C)C)cc12,5.24,Ki,Ki,5.7
CCOC(=O)c1nc(NC(=O)Cc2ccccc2)nc2nn(C(C)C)cc12,5.06,Ki,Ki,8.8
CCOC(=O)c1nc(NC(=O)Cc2ccccc2)nc2nn(C)cc12,5.14,Ki,Ki,7.3
CCOC(=O)c1nc(NC(=O)c2ccc(Br)cc2)nc2nn(CCc3ccccc3)cc12,5.38,Ki,Ki,4.2
CCOC(=O)c1nc(NC(=O)c2ccc(C)cc2)nc2nn(CCc3ccccc3)cc12,5.22,Ki,Ki,6.0
CCOC(=O)c1nc(NC(=O)c2ccc(C(F)(F)F)cc2)nc2nn(CCc3ccccc3)cc12,5.12,Ki,Ki,7.5
CCn1nnc([C@H]2O[C@@H](n3cnc4c(N)ncnc43)[C@H](O)[C@@H]2O)n1,8.09,Ki,Ki,8.12
CCn1nnc([C@H]2O[C@@H](n3cnc4c(N)nc(Cl)nc43)[C@H](O)[C@@H]2O)n1,7.68,Ki,Ki,20.7
CCn1nnc([C@H]2O[C@@H](n3cnc4c(NC)ncnc43)[C@H](O)[C@@H]2O)n1,6.11,Ki,Ki,778.0
CCn1nnc([C@H]2O[C@@H](n3cnc4c(NC)nc(Cl)nc43)[C@H](O)[C@@H]2O)n1,5.47,Ki,Ki,3350.0
CCn1nnc([C@H]2O[C@@H](n3cnc4c(NC5CC5)ncnc43)[C@H](O)[C@@H]2O)n1,7.03,Ki,Ki,93.0
CCn1nnc([C@H]2O[C@@H](n3cnc4c(NC5CC5)nc(Cl)nc43)[C@H](O)[C@@H]2O)n1,7.21,Ki,Ki,62.2
CCn1nnc([C@H]2O[C@@H](n3cnc4c(N[C@H]5C[C@@H]6CC[C@@H]5C6)ncnc43)[C@H](O)[C@@H]2O)n1,7.19,Ki,Ki,64.5
CCn1nnc([C@H]2O[C@@H](n3cnc4c(N[C@H]5C[C@@H]6CC[C@@H]5C6)nc(Cl)nc43)[C@H](O)[C@@H]2O)n1,6.79,Ki,Ki,164.0
CCn1nnc([C@H]2O[C@@H](n3cnc4c(NC5CCCO5)ncnc43)[C@H](O)[C@@H]2O)n1,6.26,Ki,Ki,554.0
CCn1nnc([C@H]2O[C@@H](n3cnc4c(NC5CCCO5)nc(Cl)nc43)[C@H](O)[C@@H]2O)n1,6.06,Ki,Ki,870.0
CCn1nnc([C@H]2O[C@@H](n3cnc4c(Nc5ccc(Cl)cc5F)ncnc43)[C@H](O)[C@@H]2O)n1,7.11,Ki,Ki,77.5
CCn1nnc([C@H]2O[C@@H](n3cnc4c(Nc5ccc(Cl)cc5F)nc(Cl)nc43)[C@H](O)[C@@H]2O)n1,6.65,Ki,Ki,223.0
CCn1nnc([C@H]2O[C@@H](n3cnc4c(NCc5ccccc5I)nc(Cl)nc43)[C@H](O)[C@@H]2O)n1,6.97,Ki,Ki,108.0
CCNC(=O)[C@H]1O[C@@H](n2cnc3c(N)nc(NCCN4CCN(c5ccc(I)cc5)CC4)nc32)[C@H](O)[C@@H]1O,7.04,Ki,Ki,92.0
CCNC(=O)[C@H]1O[C@@H](n2cnc3c(N)nc(NCCN4CCN(c5ccc(Br)cc5)CC4)nc32)[C@H](O)[C@@H]1O,7.54,Ki,Ki,29.0
CCNC(=O)[C@H]1O[C@@H](n2cnc3c(N)nc(NCCN4CCN(c5ccc(Cl)cc5)CC4)nc32)[C@H](O)[C@@H]1O,7.6,Ki,Ki,25.0
CCNC(=O)[C@H]1O[C@@H](n2cnc3c(N)nc(NCCN4CCN(c5ccc(F)cc5)CC4)nc32)[C@H](O)[C@@H]1O,7.01,Ki,Ki,98.0
CCNC(=O)[C@H]1O[C@@H](n2cnc3c(N)nc(NCCc4ccc(CCC(=O)O)cc4)nc32)[C@H](O)[C@@H]1O,7.9,Ki,Ki,12.48
CCNC(=O)[C@H]1O[C@@H](n2cnc3c(N)ncnc32)[C@H](O)[C@@H]1O,8.07,Ki,Ki,8.41
CCNC(=O)[C@H]1O[C@@H](n2cnc3c(N)nc(NCCN4CCN(CCc5ccccc5)CC4)nc32)[C@H](O)[C@@H]1O,6.01,Ki,Ki,967.0
CCNC(=O)[C@H]1O[C@@H](n2cnc3c(N)nc(NCCN4CCN(Cc5ccccc5)CC4)nc32)[C@H](O)[C@@H]1O,6.18,Ki,Ki,659.0
CCNC(=O)[C@H]1O[C@@H](n2cnc3c(N)nc(NCCCN4CCN(c5ccccc5)CC4)nc32)[C@H](O)[C@@H]1O,6.62,Ki,Ki,237.0
CCNC(=O)[C@H]1O[C@@H](n2cnc3c(N)nc(NCCN4CCN(c5ccccc5)CC4)nc32)[C@H](O)[C@@H]1O,7.26,Ki,Ki,55.0
CCNC(=O)[C@H]1O[C@@H](n2cnc3c(NCC(c4ccccc4)c4ccccc4)nc(C(=O)NCCNC(=O)NC4CCN(c5ccccn5)CC4)nc32)[C@H](O)[C@@H]1O,8.4,Ki,Ki,4.0
CCNC(=O)[C@H]1O[C@@H](n2cnc3c(N)nc(C#CC[C@H]4CC[C@H](C(=O)OC)CC4)nc32)[C@H](O)[C@@H]1O,9.3,Ki,Ki,0.5
CNC(=O)c1cnn(-c2nc(N)c3ncn([C@@H]4O[C@H](CO)[C@@H](O)[C@H]4O)c3n2)c1,6.54,Ki,Ki,290.0
Nc1nc(N/N=C/C2CCCCC2)nc2c1ncn2[C@@H]1O[C@H](CO)[C@@H](O)[C@H]1O,6.57,Ki,Ki,270.0
Nc1nc(OCCc2ccc(Cl)cc2)nc2c1ncn2[C@@H]1O[C@H](CO)[C@@H](O)[C@H]1O,6.31,Ki,Ki,490.0
CCNC(=O)[C@H]1O[C@@H](n2cnc3c(N)nc(NCCN4CCN(c5ccc(C(F)(F)F)cc5)CC4)nc32)[C@H](O)[C@@H]1O,7.44,Ki,Ki,36.0
CCNC(=O)[C@H]1O[C@@H](n2cnc3c(N)nc(NCCN4CCN(c5ccc([N+](=O)[O-])cc5)CC4)nc32)[C@H](O)[C@@H]1O,7.62,Ki,Ki,24.0
CCNC(=O)[C@H]1O[C@@H](n2cnc3c(N)nc(NCCN4CCN(c5ccc(C)cc5)CC4)nc32)[C@H](O)[C@@H]1O,7.06,Ki,Ki,88.0
CCNC(=O)[C@H]1O[C@@H](n2cnc3c(N)nc(NCCN4CCN(c5ccc(OC)cc5)CC4)nc32)[C@H](O)[C@@H]1O,7.37,Ki,Ki,43.0
CCNC(=O)[C@H]1O[C@@H](n2cnc3c(N)nc(NCCN4CCN(c5ccc(OCCOC)cc5)CC4)nc32)[C@H](O)[C@@H]1O,7.25,Ki,Ki,56.0
CCNC(=O)[C@H]1O[C@@H](n2cnc3c(N)nc(NCCN4CCN(c5ccc(C(=O)O)cc5)CC4)nc32)[C@H](O)[C@@H]1O,7.52,Ki,Ki,30.0
CCNC(=O)[C@H]1O[C@@H](n2cnc3c(N)nc(NCCN4CCN(c5ccc(CC(=O)O)cc5)CC4)nc32)[C@H](O)[C@@H]1O,7.08,Ki,Ki,84.0
CCNC(=O)[C@H]1O[C@@H](n2cnc3c(N)nc(NCCN4CCN(c5cccc(Cl)c5)CC4)nc32)[C@H](O)[C@@H]1O,7.64,Ki,Ki,23.0
CCNC(=O)[C@H]1O[C@@H](n2cnc3c(N)nc(NCCN4CCN(c5cccc(C(=O)O)c5)CC4)nc32)[C@H](O)[C@@H]1O,7.14,Ki,Ki,72.0
CCNC(=O)[C@H]1O[C@@H](n2cnc3c(N)nc(NCCN4CCN(c5ccccc5F)CC4)nc32)[C@H](O)[C@@H]1O,8.11,Ki,Ki,7.76
CCNC(=O)[C@H]1O[C@@H](n2cnc3c(N)nc(NCCN4CCN(c5ccccc5Cl)CC4)nc32)[C@H](O)[C@@H]1O,7.74,Ki,Ki,18.21
CCNC(=O)[C@H]1O[C@@H](n2cnc3c(N)nc(NCCN4CCN(c5ccccc5C(F)(F)F)CC4)nc32)[C@H](O)[C@@H]1O,7.02,Ki,Ki,95.0
CCNC(=O)[C@H]1O[C@@H](n2cnc3c(N)nc(NCCN4CCN(c5ccccc5OC)CC4)nc32)[C@H](O)[C@@H]1O,6.56,Ki,Ki,277.0
CCNC(=O)[C@H]1O[C@@H](n2cnc3c(N)nc(NCCN4CCN(c5ccc(F)c(Cl)c5)CC4)nc32)[C@H](O)[C@@H]1O,7.47,Ki,Ki,34.0
CCNC(=O)[C@H]1O[C@@H](n2cnc3c(N)nc(NCCN4CCN(c5ccc(Cl)c(Cl)c5)CC4)nc32)[C@H](O)[C@@H]1O,7.58,Ki,Ki,26.0
CCNC(=O)[C@H]1O[C@@H](n2cnc3c(N)nc(NCCN4CCN(c5cc(Cl)cc(Cl)c5)CC4)nc32)[C@H](O)[C@@H]1O,7.48,Ki,Ki,33.0
CCNC(=O)[C@H]1O[C@@H](n2cnc3c(N)nc(NCCN4CCN(c5cccc(F)c5F)CC4)nc32)[C@H](O)[C@@H]1O,8.26,Ki,Ki,5.48
CCNC(=O)[C@H]1O[C@@H](n2cnc3c(N)nc(NCCN4CCN(c5ccc(Cl)cc5F)CC4)nc32)[C@H](O)[C@@H]1O,8.32,Ki,Ki,4.78
CCNC(=O)[C@H]1O[C@@H](n2cnc3c(N)nc(NCCN4CCN(c5ccc(CC(=O)O)cc5Br)CC4)nc32)[C@H](O)[C@@H]1O,7.62,Ki,Ki,24.0
CCNC(=O)[C@H]1O[C@@H](n2cnc3c(N)nc(N4CCN(c5ccc(OCCOC)cc5)CC4)nc32)[C@H](O)[C@@H]1O,6.17,Ki,Ki,682.0
CCNC(=O)[C@H]1O[C@@H](n2cnc3c(N)nc(N4CCN(c5ccc(OCc6ccccc6)cc5)CC4)nc32)[C@H](O)[C@@H]1O,6.13,Ki,Ki,745.0
CCNC(=O)[C@H]1O[C@@H](n2cnc3c(N)nc(N4CCN(c5ccc(OCc6ccc(Cl)cc6)cc5)CC4)nc32)[C@H](O)[C@@H]1O,7.48,Ki,Ki,33.0
CCNC(=O)[C@H]1O[C@@H](n2cnc3c(N)nc(N4CCN(c5ccc(OCc6ccc(F)cc6)cc5)CC4)nc32)[C@H](O)[C@@H]1O,6.63,Ki,Ki,235.0
CCNC(=O)[C@H]1O[C@@H](n2cnc3c(N)nc(N4CCN(c5ccc(OCc6ccc(C(F)(F)F)cc6)cc5)CC4)nc32)[C@H](O)[C@@H]1O,7.62,Ki,Ki,24.0
CCNC(=O)[C@H]1O[C@@H](n2cnc3c(N)nc(N4CCN(c5ccc(OCCCc6ccccc6)cc5)CC4)nc32)[C@H](O)[C@@H]1O,7.79,Ki,Ki,16.32
CCNC(=O)[C@H]1O[C@@H](n2cnc3c(N)nc(N4CCN(c5ccc(OCC(=O)OCC)cc5)CC4)nc32)[C@H](O)[C@@H]1O,7.28,Ki,Ki,52.0
CCCC[C@H](NC(=O)[C@H]1CC[C@H]2c3[nH]c4ccccc4c3CCN2C1)C(=O)N[C@@H](Cc1ccc(F)cc1)C(=O)N1C[C@@H](N)C[C@H]1C(N)=O,4.85,Kd,Kd,14.0
CCCC[C@H](NC(=O)CCCCCNC(=O)[C@H]1CC[C@H]2c3[nH]c4ccccc4c3CCN2C1)C(=O)N[C@@H](Cc1ccc(O)cc1)C(=O)N[C@@H](CCCCN)C(N)=O,4.8,Kd,Kd,16.0
NCCCC[C@H](NC(=O)[C@H](Cc1c[nH]c2ccccc12)NC(=O)[C@@H]1CCCN1C(=O)CCCCCNC(=O)[C@H]1CC[C@@H]2c3[nH]c4ccccc4c3CCN2C1)C(N)=O,4.36,Kd,Kd,44.0
NCCCC[C@H](NC(=O)[C@H](Cc1ccc(F)c(F)c1)NC(=O)[C@@H]1CCCN1C(=O)CCCCCNC(=O)[C@H]1CC[C@@H]2c3[nH]c4ccccc4c3CCN2C1)C(N)=O,4.43,Kd,Kd,37.0
CCCC[C@H](NC(=O)[C@H]1CC[C@@H]2c3[nH]c4ccccc4c3CCN2C1)C(=O)N[C@@H](Cc1ccc(O)cc1)C(=O)N[C@@H](CCCCN)C(N)=O,4.22,Kd,Kd,60.0
CCCC[C@H](NC(=O)CCCCCNC(=O)[C@H]1CC[C@@H]2c3[nH]c4ccccc4c3CCN2C1)C(=O)N[C@@H](Cc1c[nH]c2ccccc12)C(=O)N1C[C@@H](N)C[C@H]1C(N)=O,4.75,Kd,Kd,18.0
CCCC[C@H](NC(=O)[C@H]1CC[C@@H]2c3[nH]c4ccccc4c3CCN2C1)C(=O)N[C@@H](Cc1c[nH]c2ccccc12)C(=O)N[C@@H](CCCCN)C(N)=O,5.0,Kd,Kd,10.0
CCCC[C@H](NC(=O)[C@H]1CC[C@@H]2c3[nH]c4ccccc4c3CCN2C1)C(=O)N[C@@H](Cc1ccc(F)c(F)c1)C(=O)N[C@@H](CCCCN)C(N)=O,4.58,Kd,Kd,26.0
CCCC[C@H](NC(=O)CCCCCNC(=O)[C@H]1CC[C@@H]2c3[nH]c4ccccc4c3CCN2C1)C(=O)N[C@@H](Cc1ccc(F)cc1)C(=O)N1C[C@@H](N)C[C@H]1C(N)=O,4.57,Kd,Kd,27.0
CCCC[C@H](NC(=O)CCCCCNC(=O)[C@H]1CC[C@@H]2c3[nH]c4ccccc4c3CCN2C1)C(=O)N[C@@H](Cc1ccc(F)cc1)C(=O)N[C@@H](CCCCN)C(N)=O,4.96,Kd,Kd,11.0
Cn1cc2c(nc(NC(=O)Nc3ccccc3)n3nc(-c4ccco4)nc23)n1,6.42,Ki,Ki,381.0
COc1cccc2c1nc(N)n1nc(CN3CCN(c4ccccn4)C[C@H]3C)nc21,7.43,Ki,Ki,37.5
COc1cccc2c1nc(N)n1nc(CN3CCN(c4ccccc4)C[C@H]3C)nc21,8.0,Ki,Ki,10.1
COc1cccc2c1nc(N)n1nc(CN3CCN(c4ccc(F)cn4)C[C@H]3C)nc21,7.88,Ki,Ki,13.3
COc1cccc2c1nc(N)n1nc(CN3CCN(c4cccc(F)c4)C[C@H]3C)nc21,8.28,Ki,Ki,5.3
COc1cccc2c1nc(N)n1nc(CN3CCN(c4ccccc4F)C[C@H]3C)nc21,8.07,Ki,Ki,8.6
COc1cccc2c1nc(N)n1nc(CN3CCN(c4ccc(F)cc4)C[C@H]3C)nc21,8.26,Ki,Ki,5.5
COc1cccc2c1nc(N)n1nc(CN3CCN(c4cccnc4)C[C@H]3C)nc21,7.4,Ki,Ki,39.9
COc1cccc2c1nc(N)n1nc(CN3CCN(c4ccncc4)C[C@H]3C)nc21,7.03,Ki,Ki,92.9
COc1cccc2c1nc(N)n1nc(CN3CCN(c4ncccn4)C[C@H]3C)nc21,7.58,Ki,Ki,26.5
COc1ccccc1N1CCN(Cc2nc3c4cccc(OC)c4nc(N)n3n2)[C@H](C)C1,8.05,Ki,Ki,8.9
COc1cccc(N2CCN(Cc3nc4c5cccc(OC)c5nc(N)n4n3)[C@H](C)C2)c1,8.11,Ki,Ki,7.7
COc1ccc(N2CCN(Cc3nc4c5cccc(OC)c5nc(N)n4n3)[C@H](C)C2)cc1,8.32,Ki,Ki,4.8
COc1cccc2c1nc(N)n1nc(CN3CCN(c4cnn(C)c4)C[C@H]3C)nc21,7.61,Ki,Ki,24.6
COc1cccc2c1nc(N)n1nc(CN3CCN(c4ncc(C)s4)C[C@H]3C)nc21,7.64,Ki,Ki,22.8
COc1cccc2c1nc(N)n1nc(CN3CCN(c4cnc(C)s4)C[C@H]3C)nc21,8.17,Ki,Ki,6.7
COc1cccc2c1nc(N)n1nc(CN3CCN(c4sc(C)nc4C)C[C@H]3C)nc21,8.85,Ki,Ki,1.4
COc1cccc2c1nc(N)n1nc(CN3CCN(c4nsnc4Cl)C[C@H]3C)nc21,8.28,Ki,Ki,5.2
CCn1cc(N2CCN(Cc3nc4c5cccc(OC)c5nc(N)n4n3)[C@H](C)C2)cn1,7.7,Ki,Ki,20.0
COc1cccc2c1nc(N)n1nc(CN3CCN(c4cnn(C(C)(C)C)c4)C[C@H]3C)nc21,8.03,Ki,Ki,9.4
OC[C@H]1O[C@@H](n2cnc3c(NC4CCC[C@H]4OCc4ccc(F)cc4)ncnc32)[C@H](O)[C@@H]1O,5.59,Ki,Ki,2550.0
OC1CS[C@@H](n2cnc3c(NCc4cccc5ccccc45)nc(Cl)nc32)[C@H]1O,7.61,Ki,Ki,24.8
OC[C@H]1OC(n2cnc3c(NC4CCC[C@@H]4OCc4cccc(F)c4)ncnc32)[C@H](O)[C@@H]1O,5.13,Ki,Ki,7330.0
CC(C)c1ccc(CO[C@H]2CCCC2Nc2ncnc3c2ncn3C2O[C@H](CO)[C@@H](O)[C@H]2O)cc1,4.94,Ki,Ki,11400.0
OC[C@H]1OC(n2cnc3c(NC4CCC[C@H]4OCc4ccccc4)ncnc32)[C@H](O)[C@@H]1O,6.32,Ki,Ki,476.0
Cc1ccc(CO[C@H]2CCCC2Nc2ncnc3c2ncn3C2O[C@H](CO)[C@@H](O)[C@H]2O)cc1,5.6,Ki,Ki,2530.0
COc1ccccc1CNc1nc(Cl)nc2c1ncn2[C@@H]1SCC(O)[C@@H]1O,7.7,Ki,Ki,19.9
CNc1nc(Cl)nc2c1ncn2[C@@H]1SCC(O)[C@@H]1O,8.43,Ki,Ki,3.69
OC[C@H]1OC(n2cnc3c(NC4CCC[C@@H]4OCc4ccc(F)cc4)ncnc32)[C@H](O)[C@@H]1O,5.26,Ki,Ki,5540.0
OC[C@H]1O[C@@H](n2cnc3c(NC4CCC[C@H]4OCc4cccc(F)c4)ncnc32)[C@H](O)[C@@H]1O,6.38,Ki,Ki,422.0
OC1CS[C@@H](n2cnc3c(NCc4cccc(Br)c4)ncnc32)[C@H]1O,6.38,Ki,Ki,420.0
OC1CO[C@@H](n2cnc3c(NCc4cccc(I)c4)nc(Cl)nc32)[C@H]1O,7.37,Ki,Ki,42.9
CC(C)c1ccc(CO[C@@H]2CCCC2Nc2ncnc3c2ncn3[C@@H]2O[C@H](CO)[C@@H](O)[C@H]2O)cc1,5.42,Ki,Ki,3780.0
OC1CS[C@@H](n2cnc3c(NCc4cccc(I)c4)ncnc32)[C@H]1O,6.64,Ki,Ki,230.0
OC1CS[C@@H](n2cnc3c(NCc4cccc(Cl)c4)nc(Cl)nc32)[C@H]1O,8.78,Ki,Ki,1.66
OC1CS[C@@H](n2cnc3c(NCc4cccc(F)c4)nc(Cl)nc32)[C@H]1O,8.13,Ki,Ki,7.4
COc1cccc(CO[C@H]2CCCC2Nc2ncnc3c2ncn3C2O[C@H](CO)[C@@H](O)[C@H]2O)c1,5.53,Ki,Ki,2980.0
Cc1ccccc1CO[C@@H]1CCCC1Nc1ncnc2c1ncn2[C@@H]1O[C@H](CO)[C@@H](O)[C@H]1O,5.47,Ki,Ki,3370.0
OC1CS[C@@H](n2cnc3c(NCc4cccc(F)c4)ncnc32)[C@H]1O,5.9,Ki,Ki,1260.0
OC1CS[C@@H](n2cnc3c(NCc4cccc(I)c4)ncnc32)[C@H]1O,8.6,Ki,Ki,2.5
OC1CS[C@@H](n2cnc3c(NCc4cccc(Br)c4)ncnc32)[C@H]1O,8.17,Ki,Ki,6.8
OC[C@H]1O[C@@H](n2cnc3c(NC4CCC[C@H]4OCc4cccc(I)c4)ncnc32)[C@H](O)[C@@H]1O,4.81,Ki,Ki,15600.0
OC[C@H]1OC(n2cnc3c(NC4CCC[C@@H]4OCc4cccc(I)c4)ncnc32)[C@H](O)[C@@H]1O,5.17,Ki,Ki,6830.0
Cc1cccc(CO[C@H]2CCCC2Nc2nc(Cl)nc3c2ncn3C2O[C@H](CO)[C@@H](O)[C@H]2O)c1,5.03,Ki,Ki,9370.0
COc1ccc(Cl)cc1CNc1nc(Cl)nc2c1ncn2[C@@H]1SCC(O)[C@@H]1O,5.4,Ki,Ki,4020.0
OC1CO[C@@H](n2cnc3c(NCc4cccc(Br)c4)nc(Cl)nc32)[C@H]1O,7.89,Ki,Ki,13.0
Cc1cccc(C)c1CO[C@@H]1CCCC1Nc1ncnc2c1ncn2[C@@H]1O[C@H](CO)[C@@H](O)[C@H]1O,5.64,Ki,Ki,2270.0
Cc1ccccc1CO[C@H]1CCCC1Nc1ncnc2c1ncn2C1O[C@H](CO)[C@@H](O)[C@H]1O,5.27,Ki,Ki,5320.0
OC[C@H]1OC(n2cnc3c(NC4CCCCC4OCc4ccccc4)ncnc32)[C@H](O)[C@@H]1O,5.43,Ki,Ki,3740.0
OC[C@H]1OC(n2cnc3c(NC4CCCCC4OCc4ccccc4)ncnc32)[C@H](O)[C@@H]1O,4.59,Ki,Ki,25400.0
OC1CS[C@@H](n2cnc3c(NCc4cccc(Cl)c4)ncnc32)[C@H]1O,6.36,Ki,Ki,440.0
OC1CS[C@@H](n2cnc3c(NCc4cccc(Br)c4)nc(Cl)nc32)[C@H]1O,8.05,Ki,Ki,8.99
OC1CS[C@@H](n2cnc3c(NCc4ccccc4Cl)nc(Cl)nc32)[C@H]1O,5.8,Ki,Ki,1600.0
OC1CS[C@@H](n2cnc3c(NCc4cccc(Cl)c4)ncnc32)[C@H]1O,8.82,Ki,Ki,1.5
OC1CS[C@@H](n2cnc3c(NCc4cccc(I)c4)nc(Cl)nc32)[C@H]1O,6.47,Ki,Ki,341.0
OC1CS[C@@H](n2cnc3c(NCc4cccc(I)c4)nc(Cl)nc32)[C@H]1O,8.38,Ki,Ki,4.16
COc1ccc(Cl)cc1CNc1nc(Cl)nc2c1ncn2[C@@H]1SCC(O)[C@@H]1O,7.9,Ki,Ki,12.7
COc1cccc(CO[C@@H]2CCCC2Nc2ncnc3c2ncn3[C@@H]2O[C@H](CO)[C@@H](O)[C@H]2O)c1,5.56,Ki,Ki,2770.0
OC1CS[C@@H](n2cnc3c(NCc4ccccc4Cl)nc(Cl)nc32)[C@H]1O,7.59,Ki,Ki,25.8
OC1CS[C@@H](n2cnc3c(NCc4cccc(F)c4)ncnc32)[C@H]1O,8.14,Ki,Ki,7.3
Cl.N=C1N(CCCCc2ccccc2)C[C@@H]2Cc3ccccc3CN12,4.46,Ki,Ki,35.0
Cl.N=C1N(Cc2ccccc2)C[C@@H]2Cc3ccccc3CN12,4.19,Ki,Ki,64.0
O=C1[C@@H]2Cc3ccccc3CN2C(=O)N1Cc1ccccc1,4.36,Ki,Ki,44.0
CCNC(=O)[C@H]1O[C@@H](n2cnc3c(N)nc(NCCc4ccc(CCC(=O)O)cc4)nc32)[C@H](O)[C@@H]1O,6.3,Ki,Ki,0.503
CCn1cnc2c(NCCc3ccccc3)ncnc21,5.87,Ki,Ki,1340.0
CCn1cnc2c(N)nc(NCCc3ccccc3)nc21,6.82,Ki,Ki,150.0
CCn1c(-c2ccco2)nc2c(N)ncnc21,8.43,Ki,Ki,3.7
CCn1cnc2c(N)ncnc21,5.66,Ki,Ki,2200.0
CCCn1cnc2c(N)ncnc21,5.02,Ki,Ki,9600.0
CCCn1c(Br)nc2c(N)ncnc21,6.52,Ki,Ki,300.0
CCCn1c(-c2ccco2)nc2c(N)ncnc21,7.75,Ki,Ki,18.0
CCCn1cnc2c(N)nc(NCc3ccccc3)nc21,5.85,Ki,Ki,1400.0
CCCn1c(Br)nc2c(N)nc(NCc3ccccc3)nc21,7.44,Ki,Ki,36.0
CCCn1c(-c2ccco2)nc2c(N)nc(NCc3ccccc3)nc21,8.18,Ki,Ki,6.6
CCCn1cnc2c(N)nc(NCCc3ccccc3)nc21,6.13,Ki,Ki,738.0
CCCn1c(Br)nc2c(N)nc(NCCc3ccccc3)nc21,7.57,Ki,Ki,27.0
CCCn1c(-c2ccco2)nc2c(N)nc(NCCc3ccccc3)nc21,7.85,Ki,Ki,14.0
CCCn1cnc2c(N)nc(NCCCc3ccccc3)nc21,5.04,Ki,Ki,9110.0
CCCn1c(Br)nc2c(N)nc(NCCCc3ccccc3)nc21,6.55,Ki,Ki,284.0
CCCn1c(-c2ccco2)nc2c(N)nc(NCCCc3ccccc3)nc21,6.95,Ki,Ki,113.0
CCCn1cnc2c(NCc3ccccc3)ncnc21,4.65,Ki,Ki,22600.0
CCCn1c(Br)nc2c(NCc3ccccc3)ncnc21,5.93,Ki,Ki,1180.0
CCCn1c(-c2ccco2)nc2c(NCc3ccccc3)ncnc21,7.1,Ki,Ki,80.0
CCCn1cnc2c(NCCc3ccccc3)ncnc21,4.92,Ki,Ki,12000.0
CCCn1c(Br)nc2c(NCCc3ccccc3)ncnc21,6.3,Ki,Ki,503.0
CCCn1c(-c2ccco2)nc2c(NCCc3ccccc3)ncnc21,6.26,Ki,Ki,547.0
CCCn1cnc2c(NCCCc3ccccc3)ncnc21,4.89,Ki,Ki,13000.0
CCCn1c(Br)nc2c(NCCCc3ccccc3)ncnc21,5.99,Ki,Ki,1020.0
CCCn1c(-c2ccco2)nc2c(NCCCc3ccccc3)ncnc21,6.74,Ki,Ki,181.0
CC(Cc1ccccc1)Nc1nc(N)c2ncn([C@@H]3O[C@H](CO)[C@@H](O)[C@H]3O)c2n1,7.07,Ki,Ki,85.0
CCn1nnc([C@H]2O[C@@H](n3cnc4c(N)nc(N(C)C)nc43)[C@H](O)[C@@H]2O)n1,5.43,Ki,Ki,3708.0
CCn1nnc([C@H]2O[C@@H](n3cnc4c(N)nc(Cl)nc43)[C@H](O)[C@@H]2O)n1,6.59,Ki,Ki,255.0
CCn1nnc([C@H]2O[C@@H](n3cnc4c(N)nc(NC(C)Cc5cccc(OC)c5)nc43)[C@H](O)[C@@H]2O)n1,7.68,Ki,Ki,20.9
CCn1nnc([C@H]2O[C@@H](n3cnc4c(N)nc(N[C@@H](C)Cc5ccc(OC)cc5)nc43)[C@H](O)[C@@H]2O)n1,7.25,Ki,Ki,56.3
CCn1nnc([C@H]2O[C@@H](n3cnc4c(N)nc(N[C@H](C)Cc5ccc(OC)cc5)nc43)[C@H](O)[C@@H]2O)n1,8.28,Ki,Ki,5.3
CCn1nnc([C@H]2O[C@@H](n3cnc4c(N)nc(NC(C)Cc5ccc(OC)cc5)nc43)[C@H](O)[C@@H]2O)n1,8.19,Ki,Ki,6.5
CCn1nnc([C@H]2O[C@@H](n3cnc4c(N)nc(NC(C)Cc5ccc(C(F)(F)F)cc5)nc43)[C@H](O)[C@@H]2O)n1,7.79,Ki,Ki,16.4
CCn1nnc([C@H]2O[C@@H](n3cnc4c(N)nc(N[C@H](C)Cc5ccc(Br)cc5)nc43)[C@H](O)[C@@H]2O)n1,7.99,Ki,Ki,10.3
CCn1nnc([C@H]2O[C@@H](n3cnc4c(N)nc(NC(C)Cc5ccc(Br)cc5)nc43)[C@H](O)[C@@H]2O)n1,8.16,Ki,Ki,6.9
CCn1nnc([C@H]2O[C@@H](n3cnc4c(N)nc(NC(C)Cc5ccc(Cl)cc5)nc43)[C@H](O)[C@@H]2O)n1,7.79,Ki,Ki,16.1
CCn1nnc([C@H]2O[C@@H](n3cnc4c(N)nc(NC(C)Cc5ccc(F)cc5)nc43)[C@H](O)[C@@H]2O)n1,7.93,Ki,Ki,11.7
CCn1nnc([C@H]2O[C@@H](n3cnc4c(N)nc(N[C@H](C)Cc5ccccc5)nc43)[C@H](O)[C@@H]2O)n1,7.88,Ki,Ki,13.2
CCn1nnc([C@H]2O[C@@H](n3cnc4c(N)nc(NC(C)Cc5ccccc5)nc43)[C@H](O)[C@@H]2O)n1,8.04,Ki,Ki,9.1
CNC(=O)[C@@]12C[C@@H]1[C@@H](n1cnc3c(NCc4cccc(Cl)c4)nc(N=[N+]=[N-])nc31)[C@H](O)[C@@H]2O,5.56,Ki,Ki,2770.0
CNC(=O)[C@@]12C[C@@H]1[C@@H](n1cnc3c(NCCc4ccccc4)nc(N=[N+]=[N-])nc31)[C@H](O)[C@@H]2O,5.96,Ki,Ki,1110.0
O=C(Nc1nc(C2CC2)cs1)c1cc2ccccc2s1,5.54,Ki,Ki,2.9
CC(C)Nc1nc(NC(=O)Cc2ccccc2)n2nc(-c3ccco3)nc2n1,6.41,Ki,Ki,393.0
CNc1nc(NC(=O)Cc2ccccc2)n2nc(-c3ccco3)nc2n1,6.52,Ki,Ki,300.0
O=C(Nc1nc(NCc2ccccc2)nc2nc(-c3ccco3)nn12)c1ccccc1,7.02,Ki,Ki,95.2
O=C(Nc1nc(NC2CCCCC2)nc2nc(-c3ccco3)nn12)c1ccccc1,5.99,Ki,Ki,1020.0
CC(C)Nc1nc(NC(=O)c2ccccc2)n2nc(-c3ccco3)nc2n1,5.67,Ki,Ki,2150.0
CNc1nc(NC(=O)c2ccccc2)n2nc(-c3ccco3)nc2n1,6.71,Ki,Ki,194.0
O=C(Nc1ccccc1)Nc1nc(NCc2ccccc2)nc2nc(-c3ccco3)nn12,8.84,Ki,Ki,1.44
O=C(Nc1ccccc1)Nc1nc(NC2CCCCC2)nc2nc(-c3ccco3)nn12,8.1,Ki,Ki,7.87
CC(C)Nc1nc(NC(=O)Nc2ccccc2)n2nc(-c3ccco3)nc2n1,7.06,Ki,Ki,86.9
CNc1nc(NC(=O)Nc2ccccc2)n2nc(-c3ccco3)nc2n1,7.0,Ki,Ki,99.6
Nc1nc(NCc2ccccc2)nc2nc(-c3ccco3)nn12,8.96,Ki,Ki,1.11
Nc1nc(NC2CCCCC2)nc2nc(-c3ccco3)nn12,8.45,Ki,Ki,3.56
CC(C)Nc1nc(N)n2nc(-c3ccco3)nc2n1,7.19,Ki,Ki,64.8
CNc1nc(N)n2nc(-c3ccco3)nc2n1,7.31,Ki,Ki,49.3
O=C(Cc1ccccc1)Nc1nc(NC2CCCCC2)nc2nc(-c3ccco3)nn12,7.63,Ki,Ki,23.6
O=C(Cc1ccccc1)Nc1nc(NCc2ccccc2)nc2nc(-c3ccco3)nn12,8.27,Ki,Ki,5.39
c1ccc(Oc2nc(NC3CCCCC3)n3nc(-c4ccco4)nc3n2)cc1,6.95,Ki,Ki,113.0
c1ccc(CNc2nc(Oc3ccccc3)nc3nc(-c4ccco4)nn23)cc1,6.25,Ki,Ki,560.0
Fc1ccc(CNc2nc(Oc3ccccc3)nc3nc(-c4ccco4)nn23)cc1,6.04,Ki,Ki,905.0
CNc1nc(NC2CCCCC2)n2nc(-c3ccco3)nc2n1,6.84,Ki,Ki,143.0
CC(C)Nc1nc(NC2CCCCC2)n2nc(-c3ccco3)nc2n1,6.4,Ki,Ki,397.0
c1coc(-c2nc3nc(NC4CCCCC4)nc(NC4CCCCC4)n3n2)c1,6.75,Ki,Ki,177.0
c1ccc(CNc2nc(NC3CCCCC3)n3nc(-c4ccco4)nc3n2)cc1,7.82,Ki,Ki,15.2
CNc1nc(NCc2ccccc2)n2nc(-c3ccco3)nc2n1,6.76,Ki,Ki,173.0
CC(C)Nc1nc(NCc2ccccc2)n2nc(-c3ccco3)nc2n1,6.41,Ki,Ki,394.0
c1ccc(CNc2nc(NCc3ccccc3)n3nc(-c4ccco4)nc3n2)cc1,7.69,Ki,Ki,20.4
CNc1nc(NCc2ccc(F)cc2)n2nc(-c3ccco3)nc2n1,6.63,Ki,Ki,235.0
Fc1ccc(CNc2nc(NC3CCCCC3)nc3nc(-c4ccco4)nn23)cc1,6.95,Ki,Ki,112.0
Fc1ccc(CNc2nc(NCc3ccccc3)nc3nc(-c4ccco4)nn23)cc1,7.66,Ki,Ki,21.8
Fc1ccc(CNc2nc(NCc3ccc(F)cc3)n3nc(-c4ccco4)nc3n2)cc1,7.36,Ki,Ki,43.6
Cn1cc2c(nc(N)n3nc(-c4ccco4)nc23)n1,8.55,Ki,Ki,2.8
Cn1cc2c(nc(NC(=O)Nc3ccccc3)n3nc(-c4ccco4)nc23)n1,6.42,Ki,Ki,381.0
Nc1nc(Cc2ccccc2)nc2cn(-c3ccccc3)nc12,6.96,Ki,Ki,110.0
Nc1nc(-c2ccccc2)nc2cn(-c3ccccc3)nc12,6.49,Ki,Ki,325.0
Cc1nc(N)c2nn(-c3ccccc3)cc2n1,6.61,Ki,Ki,246.0
Nc1nc(-c2cccs2)nc2cn(-c3ccccc3)nc12,6.94,Ki,Ki,115.0
Nc1nc(-c2ccccc2)nc2cn(Cc3ccccc3)nc12,6.52,Ki,Ki,300.0
Nc1cc(C(=O)NCc2cccc3cccnc23)c2ccccc2n1,6.08,Ki,Ki,836.0
Nc1nc(C(=O)NCc2cccc3cccnc23)c2ccccc2n1,8.96,Ki,Ki,1.1
Nc1nc(C(=O)NCc2cccc3cccnc23)c2cccc(F)c2n1,9.3,Ki,Ki,0.5
Nc1nc(C(=O)NCc2cccc3cccnc23)c2ccc(F)cc2n1,9.52,Ki,Ki,0.3
Nc1nc(C(=O)NCc2cccc3cccnc23)c2cc(F)ccc2n1,8.36,Ki,Ki,4.4
Nc1nc(C(=O)NCc2cccc3cccnc23)c2cccc(Cl)c2n1,8.52,Ki,Ki,3.0
Nc1nc(C(=O)NCc2cccc3cccnc23)c2cccc(Br)c2n1,9.15,Ki,Ki,0.7
Nc1nc(C(=O)NCc2cccc3cccnc23)c2cccc(I)c2n1,8.51,Ki,Ki,3.1
Nc1nc(C(=O)NCc2cccc3cccnc23)c2cccc(C(F)(F)F)c2n1,8.64,Ki,Ki,2.3
CSc1cccc2c(C(=O)NCc3cccc4cccnc34)nc(N)nc12,8.11,Ki,Ki,7.7
CS(=O)(=O)c1cccc2c(C(=O)NCc3cccc4cccnc34)nc(N)nc12,7.07,Ki,Ki,86.0
N#Cc1cccc2c(C(=O)NCc3cccc4cccnc34)nc(N)nc12,7.62,Ki,Ki,24.0
COc1cccc2c(C(=O)NCc3cccc4cccnc34)nc(N)nc12,9.7,Ki,Ki,0.2
Nc1nc(C(=O)NCc2cccc3cccnc23)c2cccc(OC(F)(F)F)c2n1,9.7,Ki,Ki,0.2
Cn1nccc1-c1cccc2c(C(=O)NCc3cccc4cccnc34)nc(N)nc12,5.99,Ki,Ki,1035.0
Nc1nc(C(=O)NCc2cccc3cccnc23)c2cccc(-c3cncnc3)c2n1,6.8,Ki,Ki,160.0
Nc1nc(C(=O)NCc2cccc3cccnc23)c2cc(Cl)cc(Cl)c2n1,8.18,Ki,Ki,6.6
Nc1nc(C(=O)NCc2cccc3cccnc23)c2cc(F)c(F)cc2n1,8.44,Ki,Ki,3.6
Nc1nc(C(=O)NCc2ccccc2)c2cccc(F)c2n1,8.27,Ki,Ki,5.4
Nc1nc(C(=O)NCC2CCCCC2)c2cccc(F)c2n1,7.35,Ki,Ki,45.0
Cc1cccc(CNC(=O)c2nc(N)nc3c(F)cccc23)c1,8.08,Ki,Ki,8.4
Cc1ccccc1CNC(=O)c1nc(N)nc2c(F)cccc12,7.87,Ki,Ki,13.6
Nc1nc(C(=O)NCCc2ccccn2)c2cccc(F)c2n1,7.85,Ki,Ki,14.0
Nc1nc(C(=O)NCCc2ccccc2)c2cccc(F)c2n1,6.8,Ki,Ki,160.0
C[C@@H](NC(=O)c1nc(N)nc2c(F)cccc12)c1cccc2cccnc12,8.17,Ki,Ki,6.7
C[C@H](NC(=O)c1nc(N)nc2c(F)cccc12)c1cccc2cccnc12,6.9,Ki,Ki,126.0
Nc1nc(C(=O)NCc2cccc3ccccc23)c2cccc(F)c2n1,8.0,Ki,Ki,10.1
Nc1nc(C(=O)NCc2cccc3c2NCCC3)c2cccc(F)c2n1,8.12,Ki,Ki,7.6
Nc1nc(C(=O)NCc2cccc3c2OCCO3)c2cccc(F)c2n1,7.7,Ki,Ki,20.0
Nc1nc(C(=O)NCc2cccc3c2OCCN3)c2cccc(F)c2n1,7.67,Ki,Ki,21.5
Nc1nc(C(=O)NCc2cccc3[nH]cnc23)c2cccc(F)c2n1,7.6,Ki,Ki,25.0
CCn1cnc2c(CNC(=O)c3nc(N)nc4c(F)cccc34)cccc21,8.51,Ki,Ki,3.1
Nc1nc(C(=O)NCc2cccc3cc[nH]c23)c2cccc(F)c2n1,8.09,Ki,Ki,8.2
Nc1nc(C(=O)NCc2cccc3c2C(=O)NC3)c2cccc(F)c2n1,8.74,Ki,Ki,1.8
Nc1nc(C(=O)NCc2ccnc3ccccc23)c2cccc(F)c2n1,6.03,Ki,Ki,927.0
Nc1nc(C(=O)NCc2cncc3ccccc23)c2cccc(F)c2n1,7.57,Ki,Ki,26.7
Nc1nc(C(=O)NCc2nccc3ccccc23)c2cccc(F)c2n1,8.17,Ki,Ki,6.7
Nc1nc(C(=O)NCc2ccc3ccccc3n2)c2cccc(F)c2n1,7.82,Ki,Ki,15.0
COc1ccnc2c(CNC(=O)c3nc(N)nc4c(F)cccc34)cccc12,7.82,Ki,Ki,15.2
CCOc1ccnc2c(CNC(=O)c3nc(N)nc4c(F)cccc34)cccc12,7.13,Ki,Ki,73.2
CCCCOc1ccnc2c(CNC(=O)c3nc(N)nc4c(F)cccc34)cccc12,6.61,Ki,Ki,245.0
Nc1nc(C(=O)NCc2cccc3c(C(=O)N4CCN(c5ccccc5)CC4)ccnc23)c2cccc(F)c2n1,5.81,Ki,Ki,1536.0
CN(CCCc1ccccn1)C(=O)c1cnc2c(CNC(=O)c3nc(N)nc4c(F)cccc34)cccc2c1,7.92,Ki,Ki,12.0
Nc1nc(C(=O)NCc2cccc3cc(C(=O)NCCCCCc4ccccc4)cnc23)c2cccc(F)c2n1,8.16,Ki,Ki,6.9
Nc1nc(C(=O)NCc2cccc3cc(C(=O)N4CCCc5ccccc54)cnc23)c2cccc(F)c2n1,8.36,Ki,Ki,4.4
COCCOc1ccc(N2CCN(C(=O)c3cnc4c(CNC(=O)c5nc(N)nc6c(F)cccc56)cccc4c3)CC2)cc1,8.32,Ki,Ki,4.8
Nc1nc(C(=O)NCc2cccc3cc(C(=O)N4CCN(c5ccccn5)CC4)cnc23)c2cccc(F)c2n1,8.57,Ki,Ki,2.7
CCNC[C@H]1O[C@@H](n2cnc3c(N)ncnc32)[C@H](O)[C@@H]1O,7.7,Ki,Ki,20.0
CCNC(=O)[C@H]1O[C@@H](n2cnc3c(N)nc(NCCc4ccc(CCC(=O)O)cc4)nc32)[C@H](O)[C@@H]1O,7.57,Ki,Ki,27.0
COC(=O)N1CCC(CC#Cc2nc(N)c3ncn([C@@H]4O[C@H](C(=O)NC5CC5)[C@@H](O)[C@H]4O)c3n2)CC1,9.15,Kd,Kd,0.7
CCCCCCC#Cc1nc(N)c2ncn([C@@H]3O[C@H](CO)[C@@H](O)[C@H]3O)c2n1,7.5,Ki,Ki,31.8
N#CCCCCC#Cc1nc(N)c2ncn([C@@H]3O[C@H](CO)[C@@H](O)[C@H]3O)c2n1,7.31,Ki,Ki,49.3
Nc1nc(NCCc2ccc(O)cc2)nc2nc(-c3ccco3)nn12,8.8,Ki,Ki,1.6
CCNC(=O)[C@H]1O[C@@H](n2cnc3c(N)ncnc32)[C@H](O)[C@@H]1O,7.43,IC50,IC50,3.7
Nc1nc(NCCc2ccc(O)cc2)nc2nc(-c3ccco3)nn12,8.72,Ki,Ki,1.9
CCCn1c(=O)c2[nH]c(C3CCCC3)nc2n(CCC)c1=O,6.8,Ki,Ki,157.0
Cc1nc(N)c2nn(-c3ccccc3)cc2n1,6.61,Ki,Ki,246.0
Nc1nc(-c2ccccc2)nc2cn(-c3ccccc3)nc12,6.49,Ki,Ki,325.0
Nc1nc(Cc2ccccc2)nc2cn(-c3ccccc3)nc12,6.96,Ki,Ki,110.0
Nc1nc(CCCc2ccccc2)nc2cn(-c3ccccc3)nc12,7.26,Ki,Ki,55.0
COc1ccccc1-n1cc2nc(CCCc3ccccc3)nc(N)c2n1,6.19,Ki,Ki,647.0
Nc1nc(CCCc2ccccc2)nc2cn(-c3ccccc3O)nc12,6.62,Ki,Ki,240.0
Nc1nc(-c2ccco2)nc2cn(-c3ccccc3)nc12,6.71,Ki,Ki,195.0
Cc1ccc(-c2nc(N)c3nn(Cc4cccc(O)c4)cc3n2)o1,7.85,Ki,Ki,14.0
Cc1ccc(-c2nc(N)c3nn(Cc4ccccc4O)cc3n2)o1,7.42,Ki,Ki,38.0
Cc1ccc(-c2nc(N)c3nn(Cc4ccccc4Cl)cc3n2)o1,8.21,Ki,Ki,6.21
Cc1ccc(-c2nc(N)c3nn(Cc4cccc(F)c4)cc3n2)o1,7.29,Ki,Ki,51.0
Cc1ccc(-c2nc(N)c3nn(Cc4ccccc4F)cc3n2)o1,7.24,Ki,Ki,57.0
COc1cccc(Cn2cc3nc(-c4ccc(C)o4)nc(N)c3n2)c1,8.28,Ki,Ki,5.26
COc1ccccc1Cn1cc2nc(-c3ccc(C)o3)nc(N)c2n1,8.44,Ki,Ki,3.62
Cc1ccc(-c2nc(N)c3nn(Cc4ccccc4)cc3n2)o1,8.04,Ki,Ki,9.23
Nc1nc(-c2ccco2)nc2cn(Cc3ccccc3O)nc12,7.77,Ki,Ki,17.0
COc1ccccc1Cn1cc2nc(-c3ccco3)nc(N)c2n1,8.27,Ki,Ki,5.37
Nc1nc(-c2ccco2)nc2cn(Cc3ccccc3)nc12,6.5,Ki,Ki,320.0
Nc1nc(-c2cccs2)nc2cn(-c3ccccc3O)nc12,6.38,Ki,Ki,412.0
Cc1ccc(-c2nc(N)c3nn(-c4ccccc4O)cc3n2)o1,6.83,Ki,Ki,147.0
COc1ccccc1-n1cc2nc(-c3ccc(C)o3)nc(N)c2n1,6.29,Ki,Ki,518.0
Cc1ccc(-c2nc(N)c3nn(-c4ccccc4)cc3n2)o1,7.0,Ki,Ki,99.0
Nc1nc(-c2ccco2)nc2cn(-c3ccccc3O)nc12,7.05,Ki,Ki,89.0
COc1ccccc1-n1cc2nc(-c3ccco3)nc(N)c2n1,6.44,Ki,Ki,362.0
COc1ccccc1Cn1cc2nc(-c3ccco3)nc(N)c2n1,8.21,IC50,IC50,6.21
Cc1ccc(-c2nc(N)c3nn(Cc4ccccc4)cc3n2)o1,7.96,IC50,IC50,10.91
COc1ccccc1Cn1cc2nc(-c3ccc(C)o3)nc(N)c2n1,8.36,IC50,IC50,4.35
COc1cccc(Cn2cc3nc(-c4ccc(C)o4)nc(N)c3n2)c1,8.19,IC50,IC50,6.42
CC(=O)Oc1cccc2cc(-c3cccs3)c(=O)oc12,4.73,Ki,Ki,18.8
CC(=O)Oc1cccc2cc(-c3ccsc3)c(=O)oc12,4.83,Ki,Ki,14.7
CC(=O)Oc1ccc2cc(-c3ccsc3)c(=O)oc2c1OC(C)=O,4.69,Ki,Ki,20.6
O=c1oc2c(O)cccc2cc1-c1cccs1,5.13,Ki,Ki,7.48
O=c1oc2c(O)c(O)ccc2cc1-c1cccs1,5.0,Ki,Ki,9.98
O=c1oc2c(O)cccc2cc1-c1ccsc1,5.01,Ki,Ki,9.87
O=c1oc2c(O)c(O)ccc2cc1-c1ccsc1,4.83,Ki,Ki,14.7
O=c1oc2c(O)c(O)ccc2cc1-c1cc(Br)cs1,4.91,Ki,Ki,12.2
Cn1c(=O)c2nc[nH]c2n(C)c1=O.O,5.77,Ki,Ki,1.71
Cl.NC(N)=NC(=O)c1nc(Cl)c(NCCc2ccc3c(c2)OCO3)nc1N,5.25,IC50,IC50,5.6
CCOc1ccc(CCNc2nc(N)c(C(=O)N=C(N)N)nc2Cl)cc1.O=C(O)C(F)(F)F,5.47,IC50,IC50,3.4
N=C(N)NC(=O)c1nc(Cl)c(N2CCCCCC2)nc1N,5.29,IC50,IC50,5.1
COc1ccc(CCNc2nc(N)c(C(=O)N=C(N)N)nc2Cl)cc1.Cl,5.36,IC50,IC50,4.4
COc1cccc(CCNc2nc(N)c(C(=O)N=C(N)N)nc2Cl)c1.Cl,5.09,IC50,IC50,8.1
Clc1ncnc2sc(Nc3ccccc3)nc12,5.82,Ki,Ki,1520.0
Clc1ccc(Nc2nc3c(Cl)ncnc3s2)cc1,5.57,Ki,Ki,2690.0
COc1ccc(Nc2nc3c(Cl)ncnc3s2)cc1,5.45,Ki,Ki,3570.0
Cc1ccc(Nc2nc3c(Cl)ncnc3s2)cc1,5.31,Ki,Ki,4930.0
Fc1cccc(F)c1Nc1nc2c(Cl)ncnc2s1,5.09,Ki,Ki,8110.0
Clc1ncnc2sc(Nc3cccc(Br)c3)nc12,5.53,Ki,Ki,2960.0
COc1cc(Nc2nc3c(Cl)ncnc3s2)cc(OC)c1OC,5.98,Ki,Ki,1050.0
O=C(Nc1nc2c(Cl)ncnc2s1)c1ccccc1,5.82,Ki,Ki,1500.0
S=C(NCc1ccccc1)N(Cc1ccccc1)c1nc2c(Cl)ncnc2s1,5.73,Ki,Ki,1870.0
CCN(CC)c1ncnc2sc(Nc3ccccc3)nc12,5.66,Ki,Ki,2210.0
CN(C)c1ncnc2sc(Nc3ccccc3)nc12,5.9,Ki,Ki,1270.0
CCN(CC)c1ncnc2sc(Nc3ccc(Cl)cc3)nc12,4.95,Ki,Ki,11200.0
c1ccc(Nc2nc3c(N4CCOCC4)ncnc3s2)cc1,6.48,Ki,Ki,333.0
c1ccc(Nc2nc3c(N4CCCCC4)ncnc3s2)cc1,6.01,Ki,Ki,980.0
CN1CCN(c2ncnc3sc(Nc4ccccc4)nc23)CC1,5.55,Ki,Ki,2840.0
c1ccc(Nc2nc3c(N4CCNCC4)ncnc3s2)cc1,5.04,Ki,Ki,9090.0
CCN1CCN(c2ncnc3sc(Nc4ccccc4)nc23)CC1,5.08,Ki,Ki,8390.0
Clc1ccc(Nc2nc3c(N4CCOCC4)ncnc3s2)cc1,5.85,Ki,Ki,1400.0
Clc1ccc(Nc2nc3c(N4CCCCC4)ncnc3s2)cc1,4.88,Ki,Ki,13200.0
c1ccc(Nc2nc3c(N4CCCC4)ncnc3s2)cc1,6.46,Ki,Ki,351.0
OC[C@@H]1CCCN1c1ncnc2sc(Nc3ccccc3)nc12,6.7,Ki,Ki,200.0
Clc1ccc(Nc2nc3c(N4CCCC4)ncnc3s2)cc1,5.69,Ki,Ki,2060.0
OC[C@@H]1CCCN1c1ncnc2sc(Nc3ccc(Cl)cc3)nc12,6.33,Ki,Ki,466.0
COc1ccc(Nc2nc3c(N4CCC[C@H]4CO)ncnc3s2)cc1,5.96,Ki,Ki,1110.0
Cc1ccc(Nc2nc3c(N4CCCC4)ncnc3s2)cc1,6.01,Ki,Ki,974.0
Cc1ccc(Nc2nc3c(N4CCC[C@H]4CO)ncnc3s2)cc1,6.5,Ki,Ki,313.0
O=[N+]([O-])c1ccc(Nc2nc3c(N4CCCC4)ncnc3s2)cc1,5.5,Ki,Ki,3180.0
Fc1cccc(F)c1Nc1nc2c(N3CCCC3)ncnc2s1,5.65,Ki,Ki,2260.0
OC[C@@H]1CCCN1c1ncnc2sc(Nc3c(F)cccc3F)nc12,5.49,Ki,Ki,3260.0
Brc1cccc(Nc2nc3c(N4CCCC4)ncnc3s2)c1,6.61,Ki,Ki,245.0
OC[C@@H]1CCCN1c1ncnc2sc(Nc3cccc(Br)c3)nc12,6.82,Ki,Ki,153.0
COc1cc(Nc2nc3c(N4CCCC4)ncnc3s2)cc(OC)c1OC,6.99,Ki,Ki,102.0
COc1cc(Nc2nc3c(N4CCC[C@H]4CO)ncnc3s2)cc(OC)c1OC,6.48,Ki,Ki,330.0
N#Cc1c(N)nc(SCc2ncc[nH]2)c(C#N)c1-c1cccc(O)c1,7.68,Ki,Ki,21.0
CCCn1c(=O)c2c(nc3n2CCCN3c2ccc(OCCN3CCCC3)cc2)n(CCC)c1=O,5.62,Ki,Ki,2380.0
CCCCn1c(=O)c2c(nc3n2CCCN3c2ccc(OCCN(C)C)cc2)n(CCCC)c1=O,5.99,Ki,Ki,1030.0
CCCCn1c(=O)c2c(nc3n2CCCN3c2ccc(OCCN(CC)CC)cc2)n(CCCC)c1=O,6.0,Ki,Ki,1010.0
CCCCn1c(=O)c2c(nc3n2CCCN3c2ccc(OCCN3CCCC3)cc2)n(CCCC)c1=O,6.18,Ki,Ki,666.0
CCCCn1c(=O)c2c(nc3n2CCCN3c2ccc(OCCN3CCCCC3)cc2)n(CCCC)c1=O,6.04,Ki,Ki,921.0
CCN(CC)CCOc1ccc(CCN2CCCn3c2nc2c3c(=O)n(C)c(=O)n2C)cc1,6.25,Ki,Ki,559.0
CCn1c(=O)c2c(nc3n2CCCN3CCc2ccc(O)cc2)n(CC)c1=O,5.66,Ki,Ki,2180.0
CCCCn1c(=O)c2c(nc3n2CCCN3CCc2ccc(OCCN(CC)CC)cc2)n(CCCC)c1=O,6.26,Ki,Ki,546.0
O[C@@H]1[C@H](O)[C@@H]2C[C@@H]2[C@H]1n1cnc2c(NCc3cccc(Cl)c3)nc(Cl)nc21,5.34,Ki,Ki,4.52
O[C@@H]1[C@H](O)[C@@H]2C[C@@H]2[C@H]1n1cnc2c(NC(C3CC3)C3CC3)nc(Cl)nc21,5.4,Ki,Ki,3.95
CNC(=O)[C@H]1O[C@@H](n2cnc3c(NCc4cccc(I)c4)ncnc32)[C@H](O)[C@@H]1O,5.21,Ki,Ki,6.2
CNC(=O)[C@H]1O[C@@H](n2cnc3c(NCc4cccc(I)c4)nc(Cl)nc32)[C@H](O)[C@@H]1O,5.27,Ki,Ki,5.4
OC[C@@]12C[C@@H]1[C@@H](n1cnc3c(NC(C4CC4)C4CC4)nc(Cl)nc31)[C@H](O)[C@@H]2O,5.66,Ki,Ki,2.2
CCC(CC)Nc1nc(Cl)nc2c1ncn2[C@H]1[C@H](O)[C@H](O)[C@]2(CO)C[C@H]12,5.76,Ki,Ki,1.75
CC[C@@H](Nc1nc(Cl)nc2c1ncn2[C@H]1[C@H](O)[C@H](O)[C@]2(CO)C[C@H]12)C1CC1,5.73,Ki,Ki,1.88
CC[C@H](Nc1nc(Cl)nc2c1ncn2[C@H]1[C@H](O)[C@H](O)[C@]2(CO)C[C@H]12)C1CC1,5.53,Ki,Ki,2.95
CC(C)[C@@H](Nc1nc(Cl)nc2c1ncn2[C@H]1[C@H](O)[C@H](O)[C@]2(CO)C[C@H]12)C1CC1,5.66,Ki,Ki,2.2
CC(C)[C@H](Nc1nc(Cl)nc2c1ncn2[C@H]1[C@H](O)[C@H](O)[C@]2(CO)C[C@H]12)C1CC1,5.82,Ki,Ki,1.52
OC[C@@]12C[C@@H]1[C@@H](n1cnc3c(N[C@H](C4CCC4)C4CC4)nc(Cl)nc31)[C@H](O)[C@@H]2O,5.57,Ki,Ki,2.69
OC[C@@]12C[C@@H]1[C@@H](n1cnc3c(N[C@@H](C4CCC4)C4CC4)nc(Cl)nc31)[C@H](O)[C@@H]2O,5.41,Ki,Ki,3.94
CNC(=O)[C@@]12C[C@@H]1[C@@H](n1cnc3c(NC(C4CC4)C4CC4)nc(Cl)nc31)[C@H](O)[C@@H]2O,5.37,Ki,Ki,4.32
CCOC(=O)[C@@]12C[C@@H]1[C@@H](n1cnc3c(NC(C4CC4)C4CC4)nc(Cl)nc31)[C@H](O)[C@@H]2O,5.8,Ki,Ki,1.57
CCn1nc(-c2cccc(-c3ccc(CC(=O)NCCCCCCCN(C)CCO)cc3)c2)cc(NC(=O)Nc2c(Cl)cncc2Cl)c1=O,7.07,IC50,IC50,86.0
CCn1nc(-c2cccc(-c3cccc(CC(=O)NCCCCCCCN(C)CCO)c3)c2)cc(NC(=O)Nc2c(Cl)cncc2Cl)c1=O,7.23,IC50,IC50,59.0
CCn1nc(-c2cccc(-c3cccc(C(=O)NCCCCCCCN(C)CCO)c3)c2)cc(NC(=O)Nc2c(Cl)cncc2Cl)c1=O,7.39,IC50,IC50,41.0
CCn1nc(-c2cccc(-c3ccc(CC(=O)NCCN4CCCCC4)cc3)c2)cc(NC(=O)Nc2c(Cl)cncc2Cl)c1=O,6.98,IC50,IC50,105.0
CCn1nc(-c2cccc(-c3cccc(C(=O)NCCC4CCCN4C)c3)c2)cc(NC(=O)Nc2c(Cl)cncc2Cl)c1=O,8.3,IC50,IC50,5.0
CCn1nc(-c2cccc(-c3cccc(C(=O)NCCN4CCOCC4)c3)c2)cc(NC(=O)Nc2c(Cl)cncc2Cl)c1=O,7.48,IC50,IC50,33.0
CCn1nc(-c2cccc(-c3cccc(C(=O)NCCN4CCNCC4)c3)c2)cc(NC(=O)Nc2c(Cl)cncc2Cl)c1=O,8.05,IC50,IC50,9.0
CCn1nc(-c2cccc(-c3cccc(C(=O)NCCN4CCCCC4)c3)c2)cc(NC(=O)Nc2c(Cl)cncc2Cl)c1=O,7.66,IC50,IC50,22.0
CCn1nc(-c2cccc(-c3cccc(C(=O)NCCN(C)C)c3)c2)cc(NC(=O)Nc2c(Cl)cncc2Cl)c1=O,7.55,IC50,IC50,28.0
CCn1nc(-c2cccc(-c3cccc(C(=O)NC4CC4)c3)c2)cc(NC(=O)Nc2c(Cl)cncc2Cl)c1=O,7.48,IC50,IC50,33.0
CCn1nc(-c2cccc(-c3cccc(CC(=O)O)c3)c2)cc(NC(=O)Nc2c(Cl)cncc2Cl)c1=O,6.36,IC50,IC50,434.0
CCn1nc(-c2cccc(-c3cccc(C(=O)O)c3)c2)cc(NC(=O)Nc2c(Cl)cncc2Cl)c1=O,6.57,IC50,IC50,270.0
CCn1nc(-c2cccc(-c3cncc(O)c3)c2)cc(NC(=O)Nc2c(Cl)cncc2Cl)c1=O,6.48,IC50,IC50,333.0
CCn1nc(-c2cccc(-c3cccc(O)c3)c2)cc(NC(=O)Nc2c(Cl)cncc2Cl)c1=O,6.78,IC50,IC50,168.0
[2H]C([2H])(NC(=O)c1nc(N)nc2c(OC)cccc12)c1cccc(C([2H])([2H])c2cncc(OCCOC)c2)n1,8.7,Ki,Ki,2.0
COc1cccc2c(C(=O)NCc3cccc(Cc4cccnc4)n3)nc(N)nc12,8.3,Ki,Ki,5.0
CC(C)OCc1cccc(CNC(=O)c2nc(N)nc3c(F)cccc23)n1,9.0,Ki,Ki,1.0
Nc1nc(C(=O)NCc2cccc(CO)n2)c2cccc(F)c2n1,8.02,Ki,Ki,9.6
COc1cccc2c(C(=O)NCc3cccc(COC4CCCC4)n3)nc(N)nc12,9.3,Ki,Ki,0.5
COc1cccc2c(C(=O)NCc3cccc(COc4ccccc4F)n3)nc(N)nc12,9.7,Ki,Ki,0.2
COc1cccc2c(C(=O)N[C@H]3CCCc4cccnc43)nc(N)nc12,6.75,Ki,Ki,180.0
COc1cccc2c(C(=O)NCc3cccc(F)n3)nc(N)nc12,8.82,Ki,Ki,1.5
COc1cccnc1CNC(=O)c1nc(N)nc2c(OC)cccc12,8.52,Ki,Ki,3.0
COc1ccc(CNC(=O)c2nc(N)nc3c(OC)cccc23)nc1,8.11,Ki,Ki,7.8
COc1cccc(CNC(=O)c2nc(N)nc3c(OC)cccc23)n1,9.1,Ki,Ki,0.8
COc1cccc2c(C(=O)NCc3cccc(C(F)(F)F)n3)nc(N)nc12,9.4,Ki,Ki,0.4
COc1cccc2c(C(=O)NCc3cccc(C)n3)nc(N)nc12,9.3,Ki,Ki,0.5
COc1cccc2c(C(=O)NCc3cccc(CO)n3)nc(N)nc12,8.34,Ki,Ki,4.6
COc1cccc2c(C(=O)NCc3cccc(C(C)(C)O)n3)nc(N)nc12,9.4,Ki,Ki,0.4
COc1cccc2c(C(=O)NCc3cccc(C4CCC4)n3)nc(N)nc12,9.7,Ki,Ki,0.2
COc1cccc2c(C(=O)NCc3cccc(C(C)C)n3)nc(N)nc12,9.7,Ki,Ki,0.2
COc1cccc2c(C(=O)NCc3nc(C(C)(C)O)ccc3C)nc(N)nc12,9.22,Ki,Ki,0.6
COc1ccc(C(C)(C)O)nc1CNC(=O)c1nc(N)nc2c(OC)cccc12,8.0,Ki,Ki,10.0
CCNC(=O)[C@H]1O[C@@H](n2cnc3c(N)ncnc32)[C@H](O)[C@@H]1O,7.43,IC50,IC50,3.7
Nc1ncc(-c2ccc(O)c(Cl)c2)c(-c2ccccc2)n1,8.89,Ki,Ki,1.3
Nc1ncc(-c2ccc(O)c(O)c2)c(-c2ccccc2)n1,8.33,Ki,Ki,4.7
Nc1ncc(-c2ccc(O)cc2)c(-c2ccccc2)n1,8.89,Ki,Ki,1.3
Nc1ncc(-c2ccc3ccccc3c2)c(-c2ccccc2)n1,6.89,Ki,Ki,129.0
Nc1ncc(-c2ccnc(C3CC3)c2)c(-c2ccccc2)n1,7.44,Ki,Ki,36.0
Nc1ncc(-c2ccncc2)c(-c2ccccc2)n1,6.97,Ki,Ki,108.0
Nc1ncc(-c2cccc(C(F)(F)F)c2)c(-c2ccccc2)n1,7.01,Ki,Ki,98.0
COc1ccc(-c2cnc(N)nc2-c2ccccc2)cc1Cl,6.6,Ki,Ki,251.0
COc1cccc(-c2cnc(N)nc2-c2ccccc2)c1,6.81,Ki,Ki,154.0
Nc1ncc(-c2cccc(Cl)c2)c(-c2ccccc2)n1,6.92,Ki,Ki,120.0
Oc1ccc(-c2cnc(N[C@H]3CC[C@H](O)CC3)nc2-c2ccccc2)cc1Cl,8.14,Ki,Ki,7.2
O[C@H]1CC[C@H](Nc2ncc(-c3ccnc(C4CC4)c3)c(-c3ccccc3)n2)CC1,7.19,Ki,Ki,65.0
O[C@H]1CC[C@H](Nc2ncc(-c3ccc4ccccc4c3)c(-c3ccccc3)n2)CC1,5.86,Ki,Ki,1389.0
Nc1nc(NCCc2ccc(O)cc2)nc2sc(-c3ccco3)nc12,7.75,Ki,Ki,18.0
COc1ccc(CCNc2nc(N)c3nc(-c4ccco4)sc3n2)cc1,7.5,Ki,Ki,32.0
Nc1nc(NCCc2ccccc2)nc2sc(-c3ccco3)nc12,7.52,Ki,Ki,30.0
COc1cccc(CCNc2nc(N)c3nc(-c4ccco4)sc3n2)c1,7.77,Ki,Ki,17.0
Nc1nc(NCCc2cccc(O)c2)nc2sc(-c3ccco3)nc12,7.8,Ki,Ki,16.0
COc1ccc(CCNc2nc(N)c3nc(-c4ccco4)sc3n2)cc1OC,7.04,Ki,Ki,91.0
Nc1nc(NCCc2ccc(O)c(O)c2)nc2sc(-c3ccco3)nc12,7.4,Ki,Ki,40.0
Nc1nc(NCCCc2ccccc2)nc2sc(-c3ccco3)nc12,7.24,Ki,Ki,58.0
Nc1nc(Nc2ccccc2)nc2sc(-c3ccco3)nc12,6.11,Ki,Ki,782.0
Nc1nc(NCc2ccccc2)nc2sc(-c3ccco3)nc12,7.66,Ki,Ki,22.0
COc1ccc(CNc2nc(N)c3nc(-c4ccco4)sc3n2)cc1,6.77,Ki,Ki,171.0
Nc1nc(NCc2cccc(O)c2)nc2sc(-c3ccco3)nc12,7.7,Ki,Ki,20.0
Nc1nc(NCc2cccc(F)c2)nc2sc(-c3ccco3)nc12,9.09,Ki,Ki,0.82
CCCNc1nc(N)c2nc(-c3ccco3)sc2n1,7.77,Ki,Ki,17.0
CCCCNc1nc(N)c2nc(-c3ccco3)sc2n1,8.09,Ki,Ki,8.21
Nc1nc(NCCc2ccc(O)cc2)nc2nc(-c3ccco3)nn12,9.04,Ki,Ki,0.91
Nc1nc(NCCc2ccc(O)cc2)nc2nc(-c3ccco3)nn12,9.03,Ki,Ki,0.93
Nc1nc(NCCc2ccc(O)cc2)nc2sc(-c3ccco3)nc12,7.6,IC50,IC50,25.0
COc1ccc(CCNc2nc(N)c3nc(-c4ccco4)sc3n2)cc1,7.38,IC50,IC50,42.0
Nc1nc(NCCc2ccccc2)nc2sc(-c3ccco3)nc12,7.46,IC50,IC50,35.0
Nc1nc(NCc2ccccc2)nc2sc(-c3ccco3)nc12,7.54,IC50,IC50,29.0
COc1ccc(CNc2nc(N)c3nc(-c4ccco4)sc3n2)cc1,6.73,IC50,IC50,187.0
Nc1nc(NCc2cccc(O)c2)nc2sc(-c3ccco3)nc12,7.57,IC50,IC50,27.0
Nc1nc(NCCc2ccc(O)cc2)nc2nc(-c3ccco3)nn12,8.84,IC50,IC50,1.45
Nc1nc(NCCc2ccc(O)cc2)nc2sc(-c3ccco3)nc12,7.68,IC50,IC50,21.0
COc1ccc(CCNc2nc(N)c3nc(-c4ccco4)sc3n2)cc1,7.51,IC50,IC50,31.0
Nc1nc(NCCc2ccccc2)nc2sc(-c3ccco3)nc12,7.8,IC50,IC50,16.0
Nc1nc(NCc2ccccc2)nc2sc(-c3ccco3)nc12,7.75,IC50,IC50,18.0
COc1ccc(CNc2nc(N)c3nc(-c4ccco4)sc3n2)cc1,6.91,IC50,IC50,123.0
COc1ccccc1CNc1nc(N)c2nc(-c3ccco3)sc2n1,10.29,IC50,IC50,0.051
COc1cccc(CNc2nc(N)c3nc(-c4ccco4)sc3n2)c1,10.02,IC50,IC50,0.095
Nc1nc(NCc2cccc(O)c2)nc2sc(-c3ccco3)nc12,7.66,IC50,IC50,22.0
Nc1nc(NCCc2ccc(O)cc2)nc2nc(-c3ccco3)nn12,9.17,IC50,IC50,0.678
Nc1nc(NCCN2CCC(c3ccccc3)CC2)nc2nc(-c3ccco3)nn12,7.35,Kd,KD,4.51E-8
Nc1nc(NCCN2CCN(c3ccc(F)cc3F)CC2)nc2nc(-c3ccco3)nn12,8.43,Kd,KD,3.69E-9
Nc1nc(NCCCN2CCN(c3ccccc3)CC2)nc2nc(-c3ccco3)nn12,7.28,Kd,KD,5.25E-8
CN1CCN(CCNc2nc(N)n3nc(-c4ccco4)nc3n2)CC1,6.41,Kd,KD,3.89E-7
Nc1nc(NCCc2ccc(O)cc2)nc2nc(-c3ccco3)nn12,7.99,Kd,KD,1.028E-8
Nc1nc(NCCN2CCC(c3ccccc3)CC2)nc2nc(-c3ccco3)nn12,7.55,Kd,KD,2.82E-8
CN1CCN(CCNc2nc(N)n3nc(-c4ccco4)nc3n2)CC1,6.63,Kd,KD,2.36E-7
Nc1nc(NCCCN2CCN(c3ccccc3)CC2)nc2nc(-c3ccco3)nn12,7.46,Kd,KD,3.49E-8
Nc1nc(NCCN2CCN(c3ccc(F)cc3F)CC2)nc2nc(-c3ccco3)nn12,8.79,Kd,KD,1.64E-9
Nc1nc(NCCc2ccc(O)cc2)nc2nc(-c3ccco3)nn12,8.4,Kd,KD,3.994E-9
Nc1nc(NCCCN2CCN(c3ccccc3)CC2)nc2nc(-c3ccco3)nn12,7.66,Kd,KD,2.17E-8
Nc1nc(NCCN2CCN(c3ccc(F)cc3F)CC2)nc2nc(-c3ccco3)nn12,9.41,Kd,KD,3.91E-10
Nc1nc(NCCc2ccc(O)cc2)nc2nc(-c3ccco3)nn12,8.58,Kd,KD,2.633E-9
Nc1nc(NCCN2CCC(c3ccccc3)CC2)nc2nc(-c3ccco3)nn12,7.66,Kd,KD,2.19E-8
CN1CCN(CCNc2nc(N)n3nc(-c4ccco4)nc3n2)CC1,6.9,Kd,KD,1.27E-7
Nc1nc(NCCCN2CCN(c3ccccc3)CC2)nc2nc(-c3ccco3)nn12,7.89,Kd,KD,1.3E-8
CN1CCN(CCNc2nc(N)n3nc(-c4ccco4)nc3n2)CC1,7.0,Kd,KD,9.94E-8
Nc1nc(NCCN2CCC(c3ccccc3)CC2)nc2nc(-c3ccco3)nn12,7.94,Kd,KD,1.15E-8
Nc1nc(NCCc2ccc(O)cc2)nc2nc(-c3ccco3)nn12,8.91,Kd,KD,1.228E-9
Nc1nc(NCCN2CCN(c3ccc(F)cc3F)CC2)nc2nc(-c3ccco3)nn12,9.17,Kd,KD,6.79E-10
Nc1nc(NCCN2CCC(c3ccccc3)CC2)nc2nc(-c3ccco3)nn12,8.09,Kd,KD,8.22E-9
Nc1nc(NCCN2CCN(c3ccc(F)cc3F)CC2)nc2nc(-c3ccco3)nn12,9.42,Kd,KD,3.81E-10
Nc1nc(NCCCN2CCN(c3ccccc3)CC2)nc2nc(-c3ccco3)nn12,8.09,Kd,KD,8.22E-9
Nc1nc(NCCc2ccc(O)cc2)nc2nc(-c3ccco3)nn12,9.22,Kd,KD,6.019E-10
CN1CCN(CCNc2nc(N)n3nc(-c4ccco4)nc3n2)CC1,7.28,Kd,KD,5.2E-8
Nc1nc(NCCc2ccc(O)cc2)nc2nc(-c3ccco3)nn12,9.46,Kd,KD,3.465E-10
Nc1nc(NCCCN2CCN(c3ccccc3)CC2)nc2nc(-c3ccco3)nn12,8.24,Kd,KD,5.78E-9
Nc1nc(NCCN2CCC(c3ccccc3)CC2)nc2nc(-c3ccco3)nn12,8.12,Kd,KD,7.63E-9
Nc1nc(NCCN2CCN(c3ccc(F)cc3F)CC2)nc2nc(-c3ccco3)nn12,9.28,Kd,KD,5.28E-10
CN1CCN(CCNc2nc(N)n3nc(-c4ccco4)nc3n2)CC1,7.74,Kd,KD,1.825E-8
CCCn1c(=O)n(CC)c(=O)c2[nH]c(-c3ccc(OCC(=O)NCCN)cc3)nc21,7.93,Kd,KD,1.165666666667E-8
Nc1nc2c(cnn2CCc2ccccc2)c2nc(-c3ccco3)nn12,8.71,Kd,KD,1.97333333333E-9
Nc1nc(NCCc2ccc(O)cc2)nc2nc(-c3ccco3)nn12,9.69,Kd,KD,2.06E-10
CCCn1c(=O)n(CC)c(=O)c2[nH]c(-c3ccc(OCC(=O)NCCN)cc3)nc21,8.12,Kd,KD,7.51E-9
Nc1nc2c(cnn2CCc2ccccc2)c2nc(-c3ccco3)nn12,8.48,Kd,KD,3.34E-9
Nc1nc(NCCc2ccc(O)cc2)nc2nc(-c3ccco3)nn12,9.63,Kd,KD,2.3633333333E-10
CCCn1c(=O)n(CC)c(=O)c2[nH]c(-c3ccc(OCC(=O)NCCN)cc3)nc21,7.78,Kd,KD,1.68E-8
Nc1nc(NCCc2ccc(O)cc2)nc2nc(-c3ccco3)nn12,8.9,Kd,KD,1.26E-9
Nc1nc2c(cnn2CCc2ccccc2)c2nc(-c3ccco3)nn12,7.78,Kd,KD,1.68E-8
Nc1nc2c(cnn2CCc2ccccc2)c2nc(-c3ccco3)nn12,8.4,Kd,KD,4.02166666667E-9
CCCn1c(=O)c2[nH]c(C3CCCC3)nc2n(CCC)c1=O,6.97,Kd,KD,1.0644E-7
Nc1nnc(-c2ccc(O)c(Cl)c2)c(-c2ccccc2)n1,10.39,Kd,KD,4.058E-11
COc1ccc(CCCn2ncc3c2nc(N)n2nc(-c4ccco4)nc32)cc1,8.71,Kd,KD,1.95633333333E-9
Cn1c(=O)c2nc[nH]c2n(C)c1=O.O,5.79,Kd,KD,0.00000164233333333333
Nc1nc(NCCc2ccc(O)cc2)nc2nc(-c3ccco3)nn12,9.49,Kd,KD,3.2436666667E-10
CCCn1c(=O)c2nc(C34CC5CC(CC3C5)C4)[nH]c2n(CCC)c1=O,6.88,Kd,KD,1.3114666666667E-7
CCCn1c(=O)c2[nH]c(-c3ccc(OCC(=O)NCCN)cc3)nc2n(CCC)c1=O,7.73,Kd,KD,1.846E-8
CCCn1c(=O)c2[nH]c(C3CCCC3)nc2n(CCC)c1=O,7.12,Kd,KD,7.629E-8
CCCn1c(=O)c2nc(C34CC5CC(CC3C5)C4)[nH]c2n(CCC)c1=O,7.46,Kd,KD,3.4815E-8
Nc1nc(NCCc2ccc(O)cc2)nc2nc(-c3ccco3)nn12,9.4,Kd,KD,3.985E-10
Nc1nnc(-c2ccc(O)c(Cl)c2)c(-c2ccccc2)n1,9.74,Kd,KD,1.80375E-10
Nc1nc2ccc(Cl)cc2c2nc(-c3ccco3)nn12,8.49,Kd,KD,3.242E-9
Nc1nc(NCCCN2CCN(c3ccccc3)CC2)nc2nc(-c3ccco3)nn12,8.01,Kd,KD,9.74E-9
CCCCn1c(=O)c2[nH]c(C34CC5CC(CC3C5)C4)nc2n(CCCO)c1=O,8.61,Kd,KD,2.447E-9
Nc1nc2c(cnn2CCc2ccccc2)c2nc(-c3ccco3)nn12,8.19,Kd,KD,6.516E-9
Nc1nc(NCCN2CCN(c3ccc(F)cc3F)CC2)nc2nc(-c3ccco3)nn12,9.57,Kd,KD,2.71E-10
N#Cc1c(N)nc(SCc2ncc[nH]2)c(C#N)c1-c1ccccc1,7.97,Kd,KD,1.0715E-8
Nc1nc(NCCN2CCC(c3ccccc3)CC2)nc2nc(-c3ccco3)nn12,8.34,Kd,KD,4.53E-9
Nc1nc(NCCc2ccc(O)cc2)nc2nc(-c3ccco3)nn12,9.54,Kd,KD,2.897E-10
CCCn1c(=O)c2[nH]c(-c3ccc(OCC(=O)Nc4ccc(C#N)cc4)cc3)nc2n(CCC)c1=O,7.25,Kd,KD,5.563E-8
CCCn1c(=O)c2[nH]c(-c3ccc(OCC(=O)NCCN)cc3)nc2n(CCC)c1=O,7.12,Kd,KD,7.629E-8
CN1CCN(CCNc2nc(N)n3nc(-c4ccco4)nc3n2)CC1,7.46,Kd,KD,3.43E-8
COc1ccc(CCCn2ncc3c2nc(N)n2nc(-c4ccco4)nc32)cc1,8.33,Kd,KD,4.65966666667E-9
Nc1nc(-n2cccn2)nc(-n2cccn2)c1Br,7.92,Ki,Ki,12.0
Nc1nc(-n2cccn2)nc(N2CCCC2)c1Br,7.96,Ki,Ki,11.0
Nc1nc(-n2cccn2)nc(NC2CCCC2)c1Br,8.22,Ki,Ki,6.0
Nc1nc(-n2cccn2)nc(N2CCCCC2)c1Br,7.85,Ki,Ki,14.0
Nc1nc(-n2cccn2)nc(NC2CC2)c1Br,7.75,Ki,Ki,18.0
Nc1nc(-n2cccn2)nc(N2CCC2)c1Br,7.48,Ki,Ki,33.0
Nc1nc(-n2cccn2)nc(NC2CCC2)c1Br,7.68,Ki,Ki,21.0
CN(C)c1nc(-n2cccn2)nc(N)c1Br,7.46,Ki,Ki,35.0
COC[C@H]1CCCN1c1nc(-n2cccn2)nc(N)c1Br,7.85,Ki,Ki,14.0
CNc1nc(-n2cccn2)nc(N)c1Br,7.8,Ki,Ki,16.0
Nc1nc(-n2cccn2)nc(NCC2CC2)c1Br,8.0,Ki,Ki,10.0
CCSc1nc(-n2cccn2)nc(N)c1Br,8.1,Ki,Ki,8.0
CC(C)Sc1nc(-n2cccn2)nc(N)c1Br,8.15,Ki,Ki,7.0
Nc1nc(-n2cccn2)nc(OCC(F)(F)F)c1Br,7.85,Ki,Ki,14.0
Nc1nc(-n2cccn2)nc(-n2cccn2)c1Cl,7.77,Ki,Ki,17.0
N#Cc1c(N)nc(-n2cccn2)nc1-n1cccn1,8.15,Ki,Ki,7.0
Nc1nc(-c2nccs2)nc(-c2nccs2)c1Br,9.0,Ki,Ki,1.0
Nc1nc(-n2cccn2)nc(-n2cccn2)c1Br,7.6,Ki,Ki,25.0
Nc1nc(-n2cccn2)nc(NC2CC2)c1Br,7.22,Ki,Ki,60.0
CN(C)c1nc(-n2cccn2)nc(N)c1Br,7.3,Ki,Ki,50.0
Nc1nc(-c2nccs2)nc(-c2nccs2)c1Br,7.92,Ki,Ki,12.0
[C-]#[N+]c1ccc2ncc(C(=O)c3ccc(C(=O)N(CC)C4CCCCC4)cc3)n2c1,6.77,Ki,Ki,171.0
CCN(C(=O)c1ccc(C(=O)c2cnc3ccc(Br)cn23)cc1)C1CCCCC1,6.97,Ki,Ki,108.0
O=C(c1ccc(C(=O)N2CCCCCC2)cc1)c1cnc2ccc(F)cn12,7.92,Ki,Ki,12.0
CCN(C(=O)c1ccc(C(=O)c2cnc3ccccn23)nc1)C1CCCCC1,6.58,Ki,Ki,264.0
CCN(C(=O)c1ccc(C(=O)c2cnc3ccc(F)cn23)cc1Cl)C1CCCCC1,7.47,Ki,Ki,34.0
Nc1cc(C(=O)N2CCCCCC2)ccc1C(=O)c1cnc2ccc(F)cn12,6.99,Ki,Ki,103.0
O=C(c1ccc(C(=O)N(C2CCCCC2)C2CCCCC2)cc1)c1cnc2ccccn12,6.86,Ki,Ki,138.0
CCN(C(=O)c1ccc(C(=O)c2cnc3ccccn23)cc1)c1ccccc1,6.73,Ki,Ki,188.0
O=C(c1ccc(C(=O)N2CCCc3ccccc32)cc1)c1cnc2ccccn12,6.77,Ki,Ki,171.0
Cn1nc(-c2cnc3ccc(F)cn23)c2ccc(C(=O)N3CCCCCC3)cc21,8.4,Ki,Ki,4.0
Cn1nc(-c2cnc3ccc(C(F)(F)F)cn23)c2ccc(C(=O)N3CCCCCC3)cc21,6.75,Ki,Ki,177.0
Cn1nc(-c2cnc3ccc(F)cn23)c2ccc(C(=O)N3CCCCCCC3)cc21,8.52,Ki,Ki,3.0
COC[C@H]1CCCN1C(=O)c1ccc2c(-c3cnc4ccc(C#N)cn34)nn(C)c2c1,8.52,Ki,Ki,3.0
O=C(c1ccc2c(-c3cnc4ccc(F)cn34)nn(Cc3ccccc3)c2c1)N1CCCCCC1,7.47,Ki,Ki,34.0
CN1CCN(C(=O)n2nc(-c3cnc4ccc(F)cn34)c3ccc(C(=O)N4CCCCCC4)cc32)CC1,6.54,Ki,Ki,291.0
O=C(c1ccc2c(-c3cnc4ccc(F)cn34)noc2c1)N1CCCCCC1,8.4,Ki,Ki,4.0
[C-]#[N+]c1ccc2ncc(-c3noc4cc(C(=O)N5CCOCC5)ccc34)n2c1,6.83,Ki,Ki,147.0
CCN(C(=O)c1ccc2nc(-c3cnc4ccccn34)oc2c1)C1CCCCC1,6.59,Ki,Ki,256.0
O=C(c1ccc2c(c1)nnn2-c1cnc2ccc(F)cn12)N1CCCCCC1,7.14,Ki,Ki,72.0
O=C(c1ccc2c(-c3cnc4ccc(F)cn34)c[nH]c2c1)N1CCCCCC1,6.46,Ki,Ki,348.0
Nc1nc(-c2cnc3ccc(F)cn23)c2ccc(C(=O)N3CCCCCC3)cc2n1,7.08,Ki,Ki,84.0
CCN(C(=O)c1ccc(C(=O)c2cnc3ccc(Cl)nn23)cc1)C1CCCCC1,6.34,Ki,Ki,459.0
Cn1cc2c(nc(NC(=O)CCCc3cn(CCCCCCNC(=O)c4ccc(-c5c6ccc(=N)c(S(=O)(=O)O)c-6oc6c(S(=O)(=O)O)c(N)ccc56)c(C(=O)O)c4)nn3)n3nc(-c4ccco4)nc23)n1,7.05,Ki,Ki,90.0
CNc1cc2nc(NCc3cccnc3)nc(C(=O)c3cccs3)c2s1,6.56,IC50,IC50,276.8
CN(C)c1cc2nc(NCc3cccnc3)nc(C(=O)c3cccs3)c2s1,6.5,IC50,IC50,318.3
CCNc1cc2nc(NCc3cccnc3)nc(C(=O)c3cccs3)c2s1,6.14,IC50,IC50,726.3
Nc1cc2nc(NCc3cccnc3)nc(C(=O)c3cccs3)c2s1,5.85,IC50,IC50,1400.0
C=Cc1cc2nc(NCc3cccnc3)nc(C(=O)c3cccs3)c2s1,5.43,IC50,IC50,3750.0
CCc1cc2nc(NCc3cccnc3)nc(C(=O)c3cccs3)c2s1,5.43,IC50,IC50,3750.0
O=C(c1cccs1)c1nc(NCc2cccnc2)nc2cc(NCc3cccnc3)sc12,6.08,IC50,IC50,828.3
Cn1c(-n2nccn2)nc2c(N)nc(CCCCO)nc21,7.28,Ki,Ki,53.0
CC(O)CCc1nc(N)c2nc(-n3nccn3)n(C)c2n1,8.1,Ki,Ki,8.0
C[C@H](O)CCc1nc(N)c2nc(-n3nccn3)n(C)c2n1,7.72,Ki,Ki,19.0
C[C@@H](O)CCc1nc(N)c2nc(-n3nccn3)n(C)c2n1,8.1,Ki,Ki,8.0
CCCC(O)c1nc(N)c2nc(-n3nccn3)n(C)c2n1,7.66,Ki,Ki,22.0
CCCC(=O)c1nc(N)c2nc(-n3nccn3)n(C)c2n1,7.72,Ki,Ki,19.0
CC(=O)CCc1nc(N)c2nc(-n3nccn3)n(C)c2n1,7.92,Ki,Ki,12.0
Nc1nc(Cl)nc2c1ncn2[C@@]12C[C@H](O)[C@H](O)[C@@H]1C2,5.5,Ki,Ki,3140.0
O[C@H]1[C@@H](O)C[C@@]2(n3cnc4c(NC5CC5)nc(Cl)nc43)C[C@@H]12,5.43,Ki,Ki,3700.0
O[C@H]1[C@@H](O)C[C@@]2(n3cnc4c(NC5CCC5)nc(Cl)nc43)C[C@@H]12,5.52,Ki,Ki,3020.0
O[C@H]1[C@@H](O)C[C@@]2(n3cnc4c(NC5CCCCC5)nc(Cl)nc43)C[C@@H]12,5.57,Ki,Ki,2720.0
O[C@H]1[C@@H](O)C[C@@]2(n3cnc4c(NC5CCCCCC5)nc(Cl)nc43)C[C@@H]12,5.41,Ki,Ki,3930.0
O[C@H]1[C@@H](O)C[C@@]2(n3cnc4c(NC5CC6CCC5C6)nc(Cl)nc43)C[C@@H]12,5.61,Ki,Ki,2450.0
O[C@H]1[C@@H](O)C[C@@]2(n3cnc4c(NC5CC6CCC5C6)nc(Cl)nc43)C[C@@H]12,5.39,Ki,Ki,4080.0
CCC(CC)Nc1nc(Cl)nc2c1ncn2[C@@]12C[C@H](O)[C@H](O)[C@@H]1C2,5.43,Ki,Ki,3700.0
O[C@H]1[C@@H](O)C[C@@]2(n3cnc4c(NCC5CC5)nc(Cl)nc43)C[C@@H]12,5.36,Ki,Ki,4410.0
O[C@H]1[C@@H](O)C[C@@]2(n3cnc4c(NC(C5CC5)C5CC5)nc(Cl)nc43)C[C@@H]12,5.4,Ki,Ki,3950.0
OCc1cc(F)c(F)cc1CNc1nc(Cl)nc2c1ncn2[C@@]12C[C@H](O)[C@H](O)[C@@H]1C2,5.12,Ki,Ki,7510.0
Cn1cc2c(nc(NNC(=S)Nc3ccc(-c4c5ccc(=O)cc-5oc5cc(O)ccc45)c(C(=O)O)c3)n3nc(-c4ccco4)nc23)n1,6.04,Ki,Ki,920.0
Cn1cc2c(nc(NCCCNC(=S)Nc3ccc(-c4c5ccc(=O)cc-5oc5cc(O)ccc45)c(C(=O)O)c3)n3nc(-c4ccco4)nc23)n1,5.61,Ki,Ki,2480.0
Cn1cc2c(nc(NCCCCNC(=S)Nc3ccc(-c4c5ccc(=O)cc-5oc5cc(O)ccc45)c(C(=O)O)c3)n3nc(-c4ccco4)nc23)n1,6.34,Ki,Ki,460.0
Cn1cc2c(nc(NCCCCCNC(=S)Nc3ccc(-c4c5ccc(=O)cc-5oc5cc(O)ccc45)c(C(=O)O)c3)n3nc(-c4ccco4)nc23)n1,5.76,Ki,Ki,1750.0
Cn1cc2c(nc(NCCCOCCOOCCCCCNC(=S)Nc3ccc(-c4c5ccc(=O)cc-5oc5cc(O)ccc45)c(C(=O)O)c3)n3nc(-c4ccco4)nc23)n1,5.22,Ki,Ki,6010.0
Nc1nc2cccc(Cl)c2c2nc(-c3ccco3)nn12,8.92,Ki,Ki,1.2
C#CCCCC(=O)Nc1nc2cccc(Cl)c2c2nc(-c3ccco3)nn12,7.29,Ki,Ki,51.0
N=c1ccc2c(-c3ccc(C(=O)NCCCCCCn4cc(CCCC(=O)Nc5nc6ccc(Cl)cc6c6nc(-c7ccco7)nn56)nn4)cc3C(=O)O)c3ccc(N)c(S(=O)(=O)O)c3oc-2c1S(=O)(=O)O,7.14,Ki,Ki,73.0
Cn1cc2c(nc(NC(=O)Nc3ccc(CC(=O)O)cc3)n3nc(-c4ccco4)nc23)n1,6.0,Ki,Ki,1010.0
Cn1cc2c(nc(NC(=O)Nc3ccc(CC(=O)NCCCC(=O)OC(C)(C)C)cc3)n3nc(-c4ccco4)nc23)n1,6.82,Ki,Ki,150.0
Cn1cc2c(nc(NC(=O)Nc3ccc(CC(=O)NCCCCC(=O)OC(C)(C)C)cc3)n3nc(-c4ccco4)nc23)n1,6.52,Ki,Ki,304.0
Cn1cc2c(nc(NC(=O)Nc3ccc(CC(=O)NCCCCCC(=O)OC(C)(C)C)cc3)n3nc(-c4ccco4)nc23)n1,6.42,Ki,Ki,376.0
Cn1cc2c(nc(NC(=O)Nc3ccc(CC(=O)NCCOOCCCCC(=O)OC(C)(C)C)cc3)n3nc(-c4ccco4)nc23)n1,6.34,Ki,Ki,456.0
Cn1cc2c(nc(NC(=O)Nc3ccc(CC(=O)NCCCOCCOOCCCCCNC(=O)OC(C)(C)C)cc3)n3nc(-c4ccco4)nc23)n1,6.49,Ki,Ki,327.0
Cn1cc2c(nc(NC(=O)Nc3ccc(CC(=O)NCCCN)cc3)n3nc(-c4ccco4)nc23)n1,6.76,Ki,Ki,175.0
Cn1cc2c(nc(NC(=O)Nc3ccc(CC(=O)NCCCCN)cc3)n3nc(-c4ccco4)nc23)n1,6.76,Ki,Ki,172.0
Cn1cc2c(nc(NC(=O)Nc3ccc(CC(=O)NCCCCCN)cc3)n3nc(-c4ccco4)nc23)n1,6.69,Ki,Ki,203.0
Cn1cc2c(nc(NC(=O)Nc3ccc(CC(=O)NCCOOCCCCN)cc3)n3nc(-c4ccco4)nc23)n1,6.57,Ki,Ki,267.0
Cn1cc2c(nc(NC(=O)Nc3ccc(CC(=O)NCCCOCCOOCCCCCN)cc3)n3nc(-c4ccco4)nc23)n1,6.48,Ki,Ki,328.0
Cn1cc2c(nc(NC(=O)Nc3ccc(CC(=O)NCCCNC(=S)Nc4ccc(-c5c6ccc(=O)cc-6oc6cc(O)ccc56)c(C(=O)O)c4)cc3)n3nc(-c4ccco4)nc23)n1,6.96,Ki,Ki,110.0
Cn1cc2c(nc(NC(=O)Nc3ccc(CC(=O)NCCCCNC(=S)Nc4ccc(-c5c6ccc(=O)cc-6oc6cc(O)ccc56)c(C(=O)O)c4)cc3)n3nc(-c4ccco4)nc23)n1,7.22,Ki,Ki,60.4
Cn1cc2c(nc(NC(=O)Nc3ccc(CC(=O)NCCCCCNC(=S)Nc4ccc(-c5c6ccc(=O)cc-6oc6cc(O)ccc56)c(C(=O)O)c4)cc3)n3nc(-c4ccco4)nc23)n1,6.97,Ki,Ki,106.0
Cn1cc2c(nc(NC(=O)Nc3ccc(CC(=O)NCCOOCCCCNC(=S)Nc4ccc(-c5c6ccc(=O)cc-6oc6cc(O)ccc56)c(C(=O)O)c4)cc3)n3nc(-c4ccco4)nc23)n1,7.02,Ki,Ki,95.7
Cn1cc2c(nc(NC(=O)Nc3ccc(CC(=O)NCCCOCCOOCCCCCNC(=S)Nc4ccc(-c5c6ccc(=O)cc-6oc6cc(O)ccc56)c(C(=O)O)c4)cc3)n3nc(-c4ccco4)nc23)n1,7.04,Ki,Ki,91.5
C#CCCC(=O)Nc1nc2nn(C)cc2c2nc(-c3ccco3)nn12,6.88,Ki,Ki,133.0
C#CCCCC(=O)Nc1nc2nn(C)cc2c2nc(-c3ccco3)nn12,6.7,Ki,Ki,199.0
C#CCCCCC(=O)Nc1nc2nn(C)cc2c2nc(-c3ccco3)nn12,6.82,Ki,Ki,151.0
C#CCCCCCC(=O)Nc1nc2nn(C)cc2c2nc(-c3ccco3)nn12,6.32,Ki,Ki,482.0
c1ccc(Nc2nc3ccccc3c3[nH]c(C4CCCC4)nc23)cc1,5.5,Ki,Ki,3150.0
Cc1ccc(Nc2nc3ccccc3c3[nH]c(C4CCCC4)nc23)cc1,5.28,Ki,Ki,5220.0
CCCn1c(Oc2cccnc2C)nc2nc(C3CCCC3)[nH]c2c1=O,5.7,Ki,Ki,2000.0
CCCn1c(=O)c2[nH]c(-c3cnn(CC4CC(=O)N(c5ccc(C(F)(F)F)cc5)C4)c3)nc2n(CCC)c1=O,6.91,Ki,Ki,124.0
CCCn1c(=O)c2[nH]c(-c3cnn(CC4CC(=O)N(c5ccc(F)cc5)C4)c3)nc2n(CC)c1=O,6.72,Ki,Ki,192.0
CCCn1c(=O)c2[nH]c(-c3cnn(CC4CC(=O)N(c5ccc(C(F)(F)F)cc5)C4)c3)nc2n(CC)c1=O,6.34,Ki,Ki,460.0
CCCn1c(=O)c2[nH]c(-c3cnn(CC4CC(=O)N(c5ccc(OC)cc5)C4)c3)nc2n(CC)c1=O,6.31,Ki,Ki,486.0
CCCn1c(=O)c2[nH]c(-c3cnn(CC4CCN(c5ccc(OC(F)(F)F)cc5)C4=O)c3)nc2n(CCC)c1=O,7.44,Ki,Ki,36.0
CCCn1c(=O)c2[nH]c(-c3cnn(CC(=O)N4CCN(c5cccc(C(F)(F)F)c5)CC4)c3)nc2n(CCC)c1=O,7.24,Ki,Ki,57.0
CCCn1c(=O)c2[nH]c(-c3ccc(OCC4CC(=O)N(c5ccc(C(F)(F)F)cc5)C4)nc3)nc2n(CCC)c1=O,7.28,Ki,Ki,53.0
CCCn1c(=O)c2[nH]c(-c3cc(OCC4CC(=O)N(c5ccc(C(F)(F)F)cc5)C4)no3)nc2n(CCC)c1=O,5.54,Ki,Ki,2900.0
COc1ccc(N2CCOCC2)c2sc(NC(=O)C(C)(C)Oc3ccc(F)cc3)nc12,7.89,Ki,Ki,13.0
COc1ccc(N2CCOCC2)c2sc(NC(=O)C(C)(C)Oc3cccc(F)c3)nc12,8.55,Ki,Ki,2.8
COc1ccc(N2CCOCC2)c2sc(NC(=O)C(C)(C)Oc3ccc(C)cc3)nc12,8.27,Ki,Ki,5.4
COc1ccc(N2CCOCC2)c2sc(NC(=O)C(C)(C)Oc3ccc(F)cc3F)nc12,8.15,Ki,Ki,7.0
COc1ccc(N2CCOCC2)c2sc(NC(=O)C(C)(C)Oc3c(F)cccc3F)nc12,8.1,Ki,Ki,8.0
COc1ccc(N2CCOCC2)c2sc(NC(=O)C(C)(C)Oc3ccc(F)c(F)c3)nc12,8.19,Ki,Ki,6.4
COc1ccc(OC(C)(C)C(=O)Nc2nc3c(OC)ccc(N4CCOCC4)c3s2)cc1OC,7.72,Ki,Ki,19.0
COCCOc1cccc(OC(C)(C)C(=O)Nc2nc3c(OC)ccc(N4CCOCC4)c3s2)c1,7.66,Ki,Ki,22.0
COc1ccc(N2CCOCC2)c2sc(NC(=O)C(C)(C)Oc3ccc4c(c3)OCO4)nc12,7.77,Ki,Ki,17.0
COc1ccc(N2CCOCC2)c2sc(NC(=O)C(C)(C)Oc3ccc(Cl)cc3)nc12,7.29,Ki,Ki,51.0
COc1ccc(N2CCOCC2)c2sc(NC(=O)C(C)(C)Oc3ccc(C(F)(F)F)cc3)nc12,7.12,Ki,Ki,76.0
COc1ccc(N2CCOCC2)c2sc(NC(=O)C(C)(C)Oc3ccc(C#N)cc3)nc12,7.24,Ki,Ki,58.0
COc1ccc(N2CCOCC2)c2sc(NC(=O)C(C)(C)Oc3ccc(C(C)(C)C)cc3)nc12,6.3,Ki,Ki,500.0
COc1cnc(N2CCOCC2)c2sc(NC(=O)C(C)(C)Oc3ccc(F)cc3)nc12,8.47,Ki,Ki,3.4
COc1cnc(N2CCOCC2)c2sc(NC(=O)C(C)(C)Oc3cccc(F)c3)nc12,7.85,Ki,Ki,14.0
COc1cnc(N2CCOCC2)c2sc(NC(=O)C(C)(C)Oc3ccccc3F)nc12,7.68,Ki,Ki,21.0
COc1cnc(N2CCOCC2)c2sc(NC(=O)C(C)(C)Oc3ccc(Cl)cc3)nc12,7.54,Ki,Ki,29.0
COc1cnc(N2CCOCC2)c2sc(NC(=O)C(C)(C)Oc3cccc(C(F)(F)F)c3)nc12,7.62,Ki,Ki,24.0
COc1cnc(N2CCOCC2)c2sc(NC(=O)C(C)(C)Oc3ccc(F)cc3F)nc12,7.89,Ki,Ki,13.0
COc1cnc(N2CCOCC2)c2sc(NC(=O)C(C)(C)Oc3c(F)cccc3F)nc12,7.82,Ki,Ki,15.0
COc1cnc(N2CCOCC2)c2sc(NC(=O)C(C)(C)Oc3ccc(F)c(F)c3)nc12,7.92,Ki,Ki,12.0
COCCOc1cccc(OC(C)(C)C(=O)Nc2nc3c(OC)cnc(N4CCOCC4)c3s2)c1,7.85,Ki,Ki,14.0
COc1cnc(N2CCOCC2)c2sc(NC(=O)C(C)(C)Oc3ccc4c(c3)OCO4)nc12,7.38,Ki,Ki,42.0
COc1cnc(N2CCOCC2)c2sc(NC(=O)C(C)(C)Oc3ccc(C)cc3)nc12,7.26,Ki,Ki,55.0
COc1cccc(OC(C)(C)C(=O)Nc2nc3c(OC)cnc(N4CCOCC4)c3s2)c1,7.38,Ki,Ki,42.0
COc1ccc(N2CCOCC2)c2sc(NC(=O)C3(C)CCC(O)CC3)nc12,8.23,Ki,Ki,5.9
COc1ccc(N2CCOCC2)c2sc(NC(=O)C3(C)CCC(C)(O)CC3)nc12,8.07,Ki,Ki,8.6
CCC1(O)CCC(C)(C(=O)Nc2nc3c(OC)ccc(N4CCOCC4)c3s2)CC1,7.6,Ki,Ki,25.0
COc1ccc(N2CCOCC2)c2sc(NC(=O)C3(C)CCC(O)(C(C)C)CC3)nc12,7.77,Ki,Ki,17.0
CCN(CC)C1CCC(C)(C(=O)Nc2nc3c(OC)ccc(N4CCOCC4)c3s2)CC1,8.68,Ki,Ki,2.1
COc1ccc(N2CCOCC2)c2sc(NC(=O)N3CCC(C)(O)CC3)nc12,7.96,Ki,Ki,11.0
COc1ccc(N2CCOCC2)c2sc(NC(=O)C(C)(C)Oc3ccc(F)cc3)nc12,8.38,Ki,Ki,4.2
COc1ccc(N2CCOCC2)c2sc(NC(=O)C(C)(C)Oc3cccc(F)c3)nc12,9.02,Ki,Ki,0.95
COc1ccc(N2CCOCC2)c2sc(NC(=O)C(C)(C)Oc3ccc(C)cc3)nc12,8.08,Ki,Ki,8.3
COc1ccc(N2CCOCC2)c2sc(NC(=O)C(C)(C)Oc3ccc(F)cc3F)nc12,8.59,Ki,Ki,2.6
COc1ccc(N2CCOCC2)c2sc(NC(=O)C(C)(C)Oc3c(F)cccc3F)nc12,9.0,Ki,Ki,1.0
COc1ccc(N2CCOCC2)c2sc(NC(=O)C(C)(C)Oc3ccc(F)c(F)c3)nc12,8.62,Ki,Ki,2.4
COc1ccc(OC(C)(C)C(=O)Nc2nc3c(OC)ccc(N4CCOCC4)c3s2)cc1OC,8.74,Ki,Ki,1.8
COc1ccc(N2CCOCC2)c2sc(NC(=O)C(C)(C)Oc3ccc4c(c3)OCO4)nc12,8.68,Ki,Ki,2.1
COc1cnc(N2CCOCC2)c2sc(NC(=O)C(C)(C)Oc3ccc(F)cc3)nc12,8.19,Ki,Ki,6.5
COc1cnc(N2CCOCC2)c2sc(NC(=O)C(C)(C)Oc3cccc(F)c3)nc12,8.33,Ki,Ki,4.7
COc1cnc(N2CCOCC2)c2sc(NC(=O)C(C)(C)Oc3ccc(F)cc3F)nc12,7.87,Ki,Ki,13.5
COc1cnc(N2CCOCC2)c2sc(NC(=O)C(C)(C)Oc3c(F)cccc3F)nc12,7.58,Ki,Ki,26.5
COc1cnc(N2CCOCC2)c2sc(NC(=O)C(C)(C)Oc3ccc(F)c(F)c3)nc12,7.62,Ki,Ki,24.0
COCCOc1cccc(OC(C)(C)C(=O)Nc2nc3c(OC)cnc(N4CCOCC4)c3s2)c1,7.55,Ki,Ki,28.0
COc1ccc(N2CCOCC2)c2sc(NC(=O)C3(C)CCC(O)CC3)nc12,8.96,Ki,Ki,1.1
COc1ccc(N2CCOCC2)c2sc(NC(=O)C3(C)CCC(C)(O)CC3)nc12,9.6,Ki,Ki,0.25
COc1ccc(N2CCOCC2)c2sc(NC(=O)C3(C)CCC(O)(C(C)C)CC3)nc12,8.68,Ki,Ki,2.1
CCN(CC)C1CCC(C)(C(=O)Nc2nc3c(OC)ccc(N4CCOCC4)c3s2)CC1,9.7,Ki,Ki,0.2
COc1ccc(N2CCOCC2)c2sc(NC(=O)N3CCC(C)(O)CC3)nc12,9.52,Ki,Ki,0.3
CNC(=O)[C@H]1[Se][C@@H](n2cnc3c(NC4CCCC4)nc(Cl)nc32)[C@H](O)[C@@H]1O,5.95,Ki,Ki,1120.0
CNC(=O)[C@H]1[Se][C@@H](n2cnc3c(NC4CCC4)nc(Cl)nc32)[C@H](O)[C@@H]1O,6.05,Ki,Ki,899.0
CNC(=O)[C@H]1[Se][C@@H](n2cnc3c(NCc4cccc(I)c4)nc(Cl)nc32)[C@H](O)[C@@H]1O,5.92,Ki,Ki,1200.0
CNC(=O)[C@H]1[Se][C@@H](n2cnc3c(NCc4cccc(Br)c4)nc(Cl)nc32)[C@H](O)[C@@H]1O,5.91,Ki,Ki,1230.0
CNC(=O)[C@H]1[Se][C@@H](n2cnc3c(NCc4cccc(Cl)c4)nc(Cl)nc32)[C@H](O)[C@@H]1O,6.62,Ki,Ki,238.0
CNC(=O)[C@H]1[Se][C@@H](n2cnc3c(NC4CCCC4)ncnc32)[C@H](O)[C@@H]1O,5.96,Ki,Ki,1090.0
CNC(=O)[C@H]1[Se][C@@H](n2cnc3c(NC4CCC4)ncnc32)[C@H](O)[C@@H]1O,5.97,Ki,Ki,1080.0
CNC(=O)[C@H]1[Se][C@@H](n2cnc3c(N[C@@H]4C[C@H]4c4ccccc4)ncnc32)[C@H](O)[C@@H]1O,5.61,Ki,Ki,2480.0
CNC(=O)[C@H]1[Se][C@@H](n2cnc3c(NCc4ccc5ccccc5c4)ncnc32)[C@H](O)[C@@H]1O,6.71,Ki,Ki,195.0
CNC(=O)[C@H]1[Se][C@@H](n2cnc3c(NCc4ccccc4Cl)ncnc32)[C@H](O)[C@@H]1O,5.94,Ki,Ki,1160.0
CNC(=O)[C@H]1[Se][C@@H](n2cnc3c(NCc4ccccc4OC)ncnc32)[C@H](O)[C@@H]1O,5.9,Ki,Ki,1260.0
CNC(=O)[C@H]1[Se][C@@H](n2cnc3c(NCc4cccc(I)c4)ncnc32)[C@H](O)[C@@H]1O,5.97,Ki,Ki,1080.0
CNC(=O)[C@H]1[Se][C@@H](n2cnc3c(NCc4cccc(Br)c4)ncnc32)[C@H](O)[C@@H]1O,6.25,Ki,Ki,560.0
CNC(=O)[C@H]1[Se][C@@H](n2cnc3c(NCc4cccc(Cl)c4)ncnc32)[C@H](O)[C@@H]1O,6.26,Ki,Ki,555.0
CNC(=O)[C@H]1[Se][C@@H](n2cnc3c(NCc4cccc(F)c4)ncnc32)[C@H](O)[C@@H]1O,5.87,Ki,Ki,1350.0
CNC(=O)[C@H]1S[C@@H](n2cnc3c(NCc4cccc(I)c4)ncnc32)[C@H](O)[C@@H]1O,6.32,Ki,Ki,475.0
CNC(=O)[C@H]1O[C@@H](n2cnc3c(NCc4cccc(I)c4)nc(Cl)nc32)[C@H](O)[C@@H]1O,5.27,Ki,Ki,5370.0
CNC(=O)[C@H]1O[C@@H](n2cnc3c(NCc4cccc(I)c4)ncnc32)[C@H](O)[C@@H]1O,5.54,Ki,Ki,2910.0
CCNC(=O)[C@H]1O[C@@H](n2cnc3c(NC4CCCC4)nc(Cl)nc32)[C@H](O)[C@@H]1O,5.69,Ki,Ki,2050.0
CCNC(=O)[C@H]1O[C@@H](n2cnc3c(N)ncnc32)[C@H](O)[C@@H]1O,7.8,Ki,Ki,16.0
O=c1[nH]c(-c2cccc(O)c2)cn2c(=O)n(-c3ccccc3)nc12,5.39,Ki,Ki,4066.0
Nc1ccc(-n2nc3c(=O)[nH]c(-c4ccccc4)cn3c2=O)cc1,6.38,Ki,Ki,415.0
O=c1[nH]c(-c2ccccc2)cn2c(=O)n(-c3ccc(O)cc3)nc12,6.41,Ki,Ki,387.0
CC(C)Oc1ccc(-c2cn3c(=O)n(-c4ccccc4)nc3c(N)n2)cc1,8.13,Ki,Ki,7.4
CCOc1ccc(-c2cn3c(=O)n(-c4ccccc4)nc3c(N)n2)cc1,8.54,Ki,Ki,2.9
Nc1nc(-c2ccc(OCc3ccccc3)cc2)cn2c(=O)n(-c3ccccc3)nc12,6.15,Ki,Ki,708.0
C#CCOc1ccc(-c2cn3c(=O)n(-c4ccccc4)nc3c(N)n2)cc1,7.97,Ki,Ki,10.6
C#CCOc1cccc(-c2cn3c(=O)n(-c4ccccc4)nc3c(N)n2)c1,8.29,Ki,Ki,5.1
Nc1nc(-c2ccc(O)cc2)cn2c(=O)n(-c3ccccc3)nc12,7.35,Ki,Ki,45.0
Nc1nc(-c2cccc(O)c2)cn2c(=O)n(-c3ccccc3)nc12,8.46,Ki,Ki,3.5
COc1ccc(-c2cn3c(=O)n(-c4ccccc4)nc3c(N)n2)cc1,8.14,Ki,Ki,7.2
COc1cccc(-c2cn3c(=O)n(-c4ccccc4)nc3c(N)n2)c1,8.17,Ki,Ki,6.8
Nc1ccc(-n2nc3c(N)nc(-c4ccccc4)cn3c2=O)cc1,5.46,Ki,Ki,3480.0
Nc1nc(-c2ccccc2)cn2c(=O)n(-c3ccccc3O)nc12,6.63,Ki,Ki,232.0
Nc1nc(-c2ccccc2)cn2c(=O)n(-c3ccc(O)cc3)nc12,6.86,Ki,Ki,138.0
Cc1cn2c(=O)n(-c3ccc(O)cc3)nc2c(N)n1,5.88,Ki,Ki,1319.0
COc1ccccc1-n1nc2c(N)nc(-c3ccccc3)cn2c1=O,6.51,Ki,Ki,309.0
Nc1nc(-c2ccccc2)cn2c(=O)n(-c3ccc([N+](=O)[O-])cc3)nc12,6.4,Ki,Ki,402.0
COc1ccc(-n2nc3c(N)nc(-c4ccccc4)cn3c2=O)cc1,7.11,Ki,Ki,78.0
COc1ccc(-n2nc3c(N)nc(C)cn3c2=O)cc1,5.98,Ki,Ki,1038.0
Nc1nc(-c2ccccc2)cn2c(=O)n(-c3ccccc3)nc12,8.0,Ki,Ki,10.0
Cc1cn2c(=O)n(-c3ccccc3)nc2c(N)n1,6.31,Ki,Ki,485.0
COc1ccc(-c2cn3c(=O)n(-c4ccccc4)nc3c(N)n2)cc1,6.75,IC50,IC50,180.0
CCOc1ccc(-c2cn3c(=O)n(-c4ccccc4)nc3c(N)n2)cc1,7.01,IC50,IC50,98.0
O[C@@H]1[C@H](O)CS[C@H]1n1cnc2c(NCc3cccc(I)c3)ncnc21,6.36,Ki,Ki,440.0
O[C@@H]1[C@H](O)CS[C@H]1n1cnc2c(NCc3ccccc3Cl)nc(Cl)nc21,5.8,Ki,Ki,1600.0
O[C@@H]1[C@H](O)CS[C@H]1n1cnc2c(NCc3cccc(I)c3)nc(Cl)nc21,6.47,Ki,Ki,341.0
O=C(NC1CCC1)[C@H]1S[C@@H](n2cnc3c(NCc4cccc(I)c4)ncnc32)[C@H](O)[C@@H]1O,6.91,Ki,Ki,122.0
O=C(NCC1CC1)[C@H]1S[C@@H](n2cnc3c(NCc4cccc(I)c4)ncnc32)[C@H](O)[C@@H]1O,5.8,Ki,Ki,1600.0
O=C(NC1CC1)[C@H]1S[C@@H](n2cnc3c(NCc4cccc(I)c4)ncnc32)[C@H](O)[C@@H]1O,7.82,Ki,Ki,15.2
CCNC(=O)[C@H]1S[C@@H](n2cnc3c(NCc4cccc(I)c4)ncnc32)[C@H](O)[C@@H]1O,7.24,Ki,Ki,57.6
CNC(=O)[C@H]1S[C@@H](n2cnc3c(NCc4cccc(I)c4)nc(Cl)nc32)[C@H](O)[C@@H]1O,6.65,Ki,Ki,223.0
CNC(=O)[C@H]1S[C@@H](n2cnc3c(NCc4cccc(I)c4)ncnc32)[C@H](O)[C@@H]1O,6.32,Ki,Ki,475.0
CNC(=O)[C@H]1O[C@@H](n2cnc3c(NCc4cccc(I)c4)nc(Cl)nc32)[C@H](O)[C@@H]1O,5.27,Ki,Ki,5360.0
CNC(=O)[C@H]1O[C@@H](n2cnc3c(NCc4cccc(I)c4)ncnc32)[C@H](O)[C@@H]1O,5.54,Ki,Ki,2910.0
Cc1cc(C)cc(-c2nc(Nc3ccc(Cl)cc3F)c3ncn([C@@H]4O[C@H](Cn5nc(C)cc5C)[C@@H](O)[C@H]4O)c3n2)c1,5.37,Ki,Ki,4320.0
Cc1cc(C)cc(-c2nc(N[C@@H]3CCOC3)c3ncn([C@@H]4O[C@H](Cn5nc(C)cc5C)[C@@H](O)[C@H]4O)c3n2)c1,5.29,Ki,Ki,5090.0
Cc1cc(C)cc(-c2nc(NC3CC4CCC3C4)c3ncn([C@@H]4O[C@H](Cn5nc(C)cc5C)[C@@H](O)[C@H]4O)c3n2)c1,4.98,Ki,Ki,10500.0
Cc1cc(C)cc(-c2nc(NC3CCCC3)c3ncn([C@@H]4O[C@H](Cn5nc(C)cc5C)[C@@H](O)[C@H]4O)c3n2)c1,5.23,Ki,Ki,5870.0
Cc1cc(C)n(C[C@H]2O[C@@H](n3cnc4c(Nc5ccc(Cl)cc5F)ncnc43)[C@H](O)[C@@H]2O)n1,5.17,Ki,Ki,6830.0
Cc1cc(C)n(C[C@H]2O[C@@H](n3cnc4c(N[C@@H]5CCOC5)nc(Cl)nc43)[C@H](O)[C@@H]2O)n1,4.92,Ki,Ki,11900.0
Cc1cc(C)n(C[C@H]2O[C@@H](n3cnc4c(N[C@@H]5CCOC5)ncnc43)[C@H](O)[C@@H]2O)n1,4.54,Ki,Ki,28600.0
Cc1cc(C)n(C[C@H]2O[C@@H](n3cnc4c(NC5CC6CCC5C6)nc(Cl)nc43)[C@H](O)[C@@H]2O)n1,5.03,Ki,Ki,9430.0
Cc1cc(C)n(C[C@H]2O[C@@H](n3cnc4c(NC5CC6CCC5C6)ncnc43)[C@H](O)[C@@H]2O)n1,4.71,Ki,Ki,19600.0
Cc1cc(C)n(C[C@H]2O[C@@H](n3cnc4c(NC5CCCC5)nc(Cl)nc43)[C@H](O)[C@@H]2O)n1,4.99,Ki,Ki,10200.0
Cc1cc(C)n(C[C@H]2O[C@@H](n3cnc4c(NC5CCCC5)ncnc43)[C@H](O)[C@@H]2O)n1,4.84,Ki,Ki,14500.0
O[C@@H]1[C@H](O)[C@@H](CCl)O[C@H]1n1cnc2c(Nc3ccc(Cl)cc3F)nc(Cl)nc21,5.71,Ki,Ki,1960.0
O[C@@H]1[C@H](O)[C@@H](CCl)O[C@H]1n1cnc2c(Nc3ccc(Cl)cc3F)ncnc21,5.87,Ki,Ki,1360.0
O[C@@H]1[C@H](O)[C@@H](CCl)O[C@H]1n1cnc2c(N[C@@H]3CCOC3)nc(Cl)nc21,5.06,Ki,Ki,8680.0
O[C@@H]1[C@H](O)[C@@H](CCl)O[C@H]1n1cnc2c(N[C@@H]3CCOC3)ncnc21,4.98,Ki,Ki,10400.0
Nc1nc(NCCc2ccc(O)cc2)nc2nc(-c3ccco3)nn12,8.28,Ki,Ki,5.3
CCN(CC)CC.CCN(CC)CC.N=c1ccc2c(-c3ccc(C(=O)NCCNC(=O)COc4ccc(CCCn5ncc6c5nc(N)n5nc(-c7ccco7)nc65)cc4)cc3C(=O)O)c3ccc(N)c(S(=O)(=O)O)c3oc-2c1S(=O)(=O)O,7.78,Kd,Kd,16.5
CCN(CC)CC.CCN(CC)CC.N=c1ccc2c(-c3ccc(C(=O)NCCNC(=O)COc4ccc(CCCn5ncc6c5nc(N)n5nc(-c7ccco7)nc65)cc4)cc3C(=O)O)c3ccc(N)c(S(=O)(=O)O)c3oc-2c1S(=O)(=O)O,7.3,Kd,Kd(app),49.5
CCCn1c(=O)c2[nH]c(-c3ccc(OCC(=O)NCCN)cc3)nc2n(CCC)c1=O,7.3,Ki,Ki,50.1
CCNC(=O)[C@H]1O[C@@H](n2cnc3c(N)ncnc32)[C@H](O)[C@@H]1O,6.32,Ki,Ki,481.0
Nc1nc2c(cnn2Cc2ccc(C3(C(F)(F)F)N=N3)cc2)c2nc(-c3ccco3)nn12,5.82,Ki,Ki,1520.0
Nc1nc2nn(Cc3ccc(C4(C(F)(F)F)N=N4)cc3)cc2c2nc(-c3ccco3)nn12,7.4,Ki,Ki,39.7
CCN(CC)CC.CCN(CC)CC.N=c1ccc2c(-c3ccc(C(=O)NCCNC(=O)COc4ccc(CCCn5ncc6c5nc(N)n5nc(-c7ccco7)nc65)cc4)cc3C(=O)O)c3ccc(N)c(S(=O)(=O)O)c3oc-2c1S(=O)(=O)O,7.37,Kd,Kd(app),42.4
CCN(CC)CC.CCN(CC)CC.N=c1ccc2c(-c3ccc(C(=O)NCCNC(=O)COc4ccc(CCCn5ncc6c5nc(N)n5nc(-c7ccco7)nc65)cc4)cc3C(=O)O)c3ccc(N)c(S(=O)(=O)O)c3oc-2c1S(=O)(=O)O,7.51,Kd,Kd(app),30.8
CCN(CC)CC.CCN(CC)CC.N=c1ccc2c(-c3ccc(C(=O)NCCNC(=O)COc4ccc(CCCn5ncc6c5nc(N)n5nc(-c7ccco7)nc65)cc4)cc3C(=O)O)c3ccc(N)c(S(=O)(=O)O)c3oc-2c1S(=O)(=O)O,7.54,Kd,Kd(app),29.0
COc1cccc(-c2cc(NC(C)=O)nc(-c3cccc(OC)c3OC)c2)c1OC,6.45,Ki,Ki,353.0
Nc1nc(Br)cn2cc(-c3ccco3)nc12,6.58,Ki,Ki,265.0
Nc1nc(-c2ccccc2)cn2cc(-c3ccccc3)nc12,6.51,Ki,Ki,310.0
Nc1nc(-c2ccccc2)cn2cc(-c3ccco3)nc12,6.28,Ki,Ki,520.0
Nc1nc(-c2ccco2)cn2cc(-c3ccco3)nc12,6.07,Ki,Ki,854.0
Cc1nc2ccc(NC(=O)Nc3ccnc4cccnc34)cc2o1,6.17,Ki,Ki,0.67
Nc1nc(NCCc2ccc(O)cc2)nc2nc(-c3ccco3)nn12,8.72,Ki,Ki,1.9
CCCn1c(=O)c2[nH]c(C3CCCC3)nc2n(CCC)c1=O,6.8,Ki,Ki,157.0
Cc1ccc(-n2nc(C)c3cnc(-c4ccc([C@H]5C[C@@H]5C(=O)O)cc4F)cc32)nc1,5.77,Ki,Ki,1.7
CCn1nnc([C@H]2O[C@@H](n3cnc4c(NC5CC5)ncnc43)[C@H](O)[C@@H]2O)n1,6.84,Ki,Ki,146.0
CCn1nnc([C@H]2O[C@@H](n3cnc4c(NC5CC5)nc(Cl)nc43)[C@H](O)[C@@H]2O)n1,6.56,Ki,Ki,274.0
CCn1nnc([C@H]2O[C@@H](n3cnc4c(NCC5CC5)ncnc43)[C@H](O)[C@@H]2O)n1,6.95,Ki,Ki,112.0
CCn1nnc([C@H]2O[C@@H](n3cnc4c(NCC5CC5)nc(Cl)nc43)[C@H](O)[C@@H]2O)n1,6.48,Ki,Ki,329.0
CCn1nnc([C@H]2O[C@@H](n3cnc4c(NCc5ccco5)ncnc43)[C@H](O)[C@@H]2O)n1,6.47,Ki,Ki,342.0
CCn1nnc([C@H]2O[C@@H](n3cnc4c(NCc5ccco5)nc(Cl)nc43)[C@H](O)[C@@H]2O)n1,6.18,Ki,Ki,663.0
CCn1nnc([C@H]2O[C@@H](n3cnc4c(NCc5cccs5)ncnc43)[C@H](O)[C@@H]2O)n1,7.01,Ki,Ki,98.4
CCn1nnc([C@H]2O[C@@H](n3cnc4c(NCc5cccs5)nc(Cl)nc43)[C@H](O)[C@@H]2O)n1,6.54,Ki,Ki,286.0
CCn1nnc([C@H]2O[C@@H](n3cnc4c(NCc5cccc(F)c5)ncnc43)[C@H](O)[C@@H]2O)n1,7.13,Ki,Ki,74.0
CCn1nnc([C@H]2O[C@@H](n3cnc4c(NCc5cccc(F)c5)nc(Cl)nc43)[C@H](O)[C@@H]2O)n1,6.62,Ki,Ki,242.0
CCn1nnc([C@H]2O[C@@H](n3cnc4c(NCc5cccc(Cl)c5)ncnc43)[C@H](O)[C@@H]2O)n1,7.53,Ki,Ki,29.8
CCn1nnc([C@H]2O[C@@H](n3cnc4c(NCc5cccc(Cl)c5)nc(Cl)nc43)[C@H](O)[C@@H]2O)n1,6.96,Ki,Ki,110.0
CCn1nnc([C@H]2O[C@@H](n3cnc4c(NCc5cccc(Br)c5)ncnc43)[C@H](O)[C@@H]2O)n1,7.61,Ki,Ki,24.5
CCn1nnc([C@H]2O[C@@H](n3cnc4c(NCc5cccc(Br)c5)nc(Cl)nc43)[C@H](O)[C@@H]2O)n1,7.24,Ki,Ki,58.2
CCn1nnc([C@H]2O[C@@H](n3cnc4c(NCc5cccc(I)c5)ncnc43)[C@H](O)[C@@H]2O)n1,7.78,Ki,Ki,16.8
CCn1nnc([C@H]2O[C@@H](n3cnc4c(NCc5ccc(Cl)cc5F)ncnc43)[C@H](O)[C@@H]2O)n1,6.6,Ki,Ki,252.0
CCn1nnc([C@H]2O[C@@H](n3cnc4c(NCc5ccc(Cl)cc5F)nc(Cl)nc43)[C@H](O)[C@@H]2O)n1,6.05,Ki,Ki,881.0
CCn1nc(-c2ccccn2)c2sccc2c1=O,5.54,Ki,Ki,2869.0
CCn1nc(-c2nccs2)c2sccc2c1=O,5.6,Ki,Ki,2487.0
O=c1[nH]nc(-c2nccs2)c2sccc12,5.47,Ki,Ki,3392.0
CCc1nn(CC)c(=O)c2cc(-c3ccccc3)sc12,5.5,Ki,Ki,3141.0
CC(C)(C)NS(=O)(=O)c1ccc(-c2sc(C(=O)N[C@H]3C[C@H](C(=O)O)C3)nc2CC2CCCCC2)c2ccccc12,8.04,IC50,IC50,9.2
c1coc(-c2ccc3nc(-c4ccco4)cn3c2)c1,5.79,Ki,Ki,1.63
Nc1cc(-c2ccco2)cn2cc(-c3ccccc3)nc12,6.38,Ki,Ki,0.418
COc1ccc(-c2cn3cc(-c4ccco4)ccc3n2)cc1OC,6.62,Ki,Ki,0.238
COc1ccc(-c2cn3cc(-c4ccco4)cc(N)c3n2)cc1OC,6.93,Ki,Ki,0.117
Nc1nn(-c2ccccc2Cl)nc1C(=O)CCc1ccccc1,6.2,Ki,Ki,630.0
Cc1cccc(-n2nc(N)c(C(=O)CCc3ccccc3)n2)c1,6.6,Ki,Ki,250.0
Nc1nn(-c2ccccc2)nc1C(=O)CCc1ccccc1,5.7,Ki,Ki,2000.0
Nc1nn(-c2ccccc2)nc1C(=O)NCc1ccccc1,7.64,Ki,Ki,23.0
Cc1ccccc1COC(=O)c1nn(-c2ccccc2)nc1N,7.31,Ki,Ki,49.0
Cc1ccc(COC(=O)c2nn(-c3ccccc3)nc2N)cc1,6.82,Ki,Ki,150.0
COc1cccc2nc(NC(=O)c3ccccc3)[nH]c12,6.28,Ki,Ki,530.0
O=C(Nc1nc2cccc(Cl)c2[nH]1)c1ccccc1,7.0,Ki,Ki,99.0
C[C@@H]1Oc2ccc(Nc3ncnc4c3oc3ccccc34)cc2NC1=O,5.92,Ki,Ki,1200.0
COc1cccc(COC(=O)c2nn(-c3ccccc3)nc2N)c1,7.72,Ki,Ki,19.0
Nc1nn(-c2ccccc2)nc1C(=O)OCc1ccccc1,7.51,Ki,Ki,31.0
O=C(Nc1nc2ccccc2[nH]1)c1ccccc1,5.57,Ki,Ki,2700.0
Nc1nc(NCc2ccccc2)nc2sc(-c3ccccc3)nc12,6.94,Ki,Ki,116.0
COc1ccccc1CNc1nc(N)c2nc(-c3ccccc3)sc2n1,8.33,Ki,Ki,4.72
COc1cccc(CNc2nc(N)c3nc(-c4ccccc4)sc3n2)c1,7.38,Ki,Ki,42.0
Nc1nc(NCc2cccs2)nc2sc(-c3ccccc3)nc12,7.55,Ki,Ki,28.0
Nc1nc(NCCc2ccccc2)nc2sc(-c3ccccc3)nc12,6.39,Ki,Ki,406.0
COc1ccc(CCNc2nc(N)c3nc(-c4ccccc4)sc3n2)cc1,6.39,Ki,Ki,403.0
Nc1nc(NCCc2ccc(O)cc2)nc2sc(-c3ccccc3)nc12,7.02,Ki,Ki,96.0
COc1ccccc1CNc1nc(N)c2nc(-c3cnccn3)sc2n1,7.1,Ki,Ki,79.0
COc1cccc(CNc2nc(N)c3nc(-c4cnccn4)sc3n2)c1,6.01,Ki,Ki,973.0
Nc1nc(NCc2cccs2)nc2sc(-c3cnccn3)nc12,6.66,Ki,Ki,219.0
Cc1nc2c(N)nc(Nc3ccccc3)nc2s1,6.22,Ki,Ki,608.0
Cc1nc2c(N)nc(NCc3ccccc3)nc2s1,6.27,Ki,Ki,532.0
COc1ccccc1CNc1nc(N)c2nc(C)sc2n1,6.87,Ki,Ki,135.0
COc1cccc(CNc2nc(N)c3nc(C)sc3n2)c1,6.67,Ki,Ki,212.0
Cc1nc2c(N)nc(NCc3cccs3)nc2s1,6.5,Ki,Ki,313.0
Cc1nc2c(N)nc(NCCc3ccccc3)nc2s1,7.11,Ki,Ki,78.0
Cc1nc2c(N)nc(NCCc3cccs3)nc2s1,7.21,Ki,Ki,61.0
COc1ccccc1CNc1nc(N)c2nc(-c3ccccc3)sc2n1,8.27,IC50,IC50,5.34
COc1cccc(CNc2nc(N)c3nc(-c4ccccc4)sc3n2)c1,7.32,IC50,IC50,48.0
Nc1nc(NCc2cccs2)nc2sc(-c3ccccc3)nc12,7.44,IC50,IC50,36.0
Cc1nc2c(N)nc(NCCc3cccs3)nc2s1,7.08,IC50,IC50,83.0
COc1ccccc1CNc1nc(N)c2nc(-c3ccccc3)sc2n1,8.12,IC50,IC50,7.63
COc1cccc(CNc2nc(N)c3nc(-c4ccccc4)sc3n2)c1,7.18,IC50,IC50,66.0
Nc1nc(NCc2cccs2)nc2sc(-c3ccccc3)nc12,7.37,IC50,IC50,43.0
Cc1nc2c(N)nc(NCCc3cccs3)nc2s1,6.99,IC50,IC50,102.0
Nc1nc(NCCCNC(=O)c2ccc(S(=O)(=O)F)cc2)nc2nc(-c3ccco3)nn12,8.27,Ki,pKi,8.27
Nc1nc(NCCCCNC(=O)c2ccc(S(=O)(=O)F)cc2)nc2nc(-c3ccco3)nn12,8.2,Ki,pKi,8.2
Nc1nc(NCCCCCNC(=O)c2ccc(S(=O)(=O)F)cc2)nc2nc(-c3ccco3)nn12,8.56,Ki,pKi,8.56
C#CCN(CCCCCNc1nc(N)n2nc(-c3ccco3)nc2n1)C(=O)c1ccc(S(=O)(=O)F)cc1,8.41,Ki,pKi,8.41
Nc1nc(NCCCNC(=O)c2ccc(S(=O)(=O)F)cc2)nc2nc(-c3ccco3)nn12,8.99,Ki,pKi,8.99
Nc1nc(NCCCCNC(=O)c2ccc(S(=O)(=O)F)cc2)nc2nc(-c3ccco3)nn12,9.05,Ki,pKi,9.05
Nc1nc(NCCCCCNC(=O)c2ccc(S(=O)(=O)F)cc2)nc2nc(-c3ccco3)nn12,9.21,Ki,pKi,9.21
C#CCN(CCCCCNc1nc(N)n2nc(-c3ccco3)nc2n1)C(=O)c1ccc(S(=O)(=O)F)cc1,8.82,Ki,pKi,8.82
Cn1c(-c2ccc(O)cc2)nc2c(NC3CCCC3)ncnc21,6.27,Ki,Ki,532.0
COc1ccc(-c2nc3c(NC4CCCC4)ncnc3n2C)cc1,5.75,Ki,Ki,1790.0
Cn1c(-c2ccc(F)cc2)nc2c(NC3CCCC3)ncnc21,5.62,Ki,Ki,2400.0
Cn1c(-c2ccc(Cl)cc2)nc2c(NC3CCCC3)ncnc21,5.74,Ki,Ki,1820.0
Cn1c(-c2cccc(Cl)c2)nc2c(NC3CCCC3)ncnc21,6.57,Ki,Ki,267.0
Cn1c(-c2ccccc2Cl)nc2c(NC3CCCC3)ncnc21,5.51,Ki,Ki,3080.0
Cc1ccc(-c2nc3c(NC4CCCC4)ncnc3n2C)cc1,5.75,Ki,Ki,1800.0
Cc1cccc(-c2nc3c(NC4CCCC4)ncnc3n2C)c1,6.35,Ki,Ki,450.0
Cc1ccccc1-c1nc2c(NC3CCCC3)ncnc2n1C,5.16,Ki,Ki,6980.0
Cn1c(-c2cccnc2)nc2c(NC3CCCC3)ncnc21,5.2,Ki,Ki,6330.0
CCCn1c(-c2ccccc2)nc2c(NC3CCCCC3)ncnc21,5.97,Ki,Ki,1060.0
Cn1c(-c2ccccc2)nc2c(N)ncnc21,6.42,Ki,Ki,381.0
CCn1c(-c2ccccc2)nc2c(N)ncnc21,6.67,Ki,Ki,212.0
CCCn1c(-c2ccccc2)nc2c(N)ncnc21,6.31,Ki,Ki,492.0
Cn1c(-c2ccccc2)nc2c(NC3CCC3)ncnc21,6.52,Ki,Ki,303.0
CCn1c(-c2ccccc2)nc2c(NC3CCC3)ncnc21,6.42,Ki,Ki,379.0
CCCn1c(-c2ccccc2)nc2c(NC3CCC3)ncnc21,6.44,Ki,Ki,365.0
Cn1c(-c2ccccc2)nc2c(NC3CCCC3)ncnc21,6.3,Ki,Ki,498.0
CCn1c(-c2ccccc2)nc2c(NC3CCCC3)ncnc21,6.48,Ki,Ki,334.0
CCCn1c(-c2ccccc2)nc2c(NC3CCCC3)ncnc21,6.2,Ki,Ki,634.0
Cn1c(-c2ccccc2)nc2c(NC3CCOC3)ncnc21,5.74,Ki,Ki,1830.0
CCn1c(-c2ccccc2)nc2c(NC3CCOC3)ncnc21,5.99,Ki,Ki,1020.0
CCCn1c(-c2ccccc2)nc2c(NC3CCOC3)ncnc21,5.77,Ki,Ki,1700.0
Cn1c(-c2ccccc2)nc2c(NC3CCCCC3)ncnc21,6.28,Ki,Ki,527.0
CCn1c(-c2ccccc2)nc2c(NC3CCCCC3)ncnc21,6.51,Ki,Ki,307.0
COc1ccccc1CNc1nc(N)c2nc(-c3ccc(C)o3)sc2n1,7.7,Ki,Ki,20.0
Nc1nc(NCCc2cccnc2)nc2sc(-c3ccco3)nc12,9.62,Ki,Ki,0.24
Nc1nc(NCCc2ccco2)nc2sc(-c3ccco3)nc12,8.67,Ki,Ki,2.15
Nc1nc(NCc2cnccn2)nc2sc(-c3ccco3)nc12,8.29,Ki,Ki,5.14
Nc1nc(NCc2ccncc2)nc2sc(-c3ccco3)nc12,7.92,Ki,Ki,12.0
Nc1nc(NCc2ccccn2)nc2sc(-c3ccco3)nc12,9.38,Ki,Ki,0.42
Nc1nc(NCc2ccsc2)nc2sc(-c3ccco3)nc12,9.6,Ki,Ki,0.25
COc1cccc(CNc2nc(N)c3nc(-c4ccc(C)o4)sc3n2)c1,6.84,Ki,Ki,144.0
Cc1ccc(-c2nc3c(N)nc(NCc4cccs4)nc3s2)o1,7.47,Ki,Ki,34.0
COc1ccccc1CNc1nc(N)c2nc(-c3cccs3)sc2n1,8.65,Ki,Ki,2.24
COc1cccc(CNc2nc(N)c3nc(-c4cccs4)sc3n2)c1,7.66,Ki,Ki,22.0
Nc1nc(NCc2cccs2)nc2sc(-c3cccs3)nc12,8.0,Ki,Ki,10.1
Nc1nc(NCCc2ccc(O)cc2)nc2nc(-c3ccco3)nn12,8.91,IC50,IC50,1.24
Nc1nc(NCc2cccnc2)nc2sc(-c3ccco3)nc12,10.96,IC50,IC50,0.011
Nc1nc(NCc2ccsc2)nc2sc(-c3ccco3)nc12,9.44,IC50,IC50,0.36
Nc1nc(NCc2ccccn2)nc2sc(-c3ccco3)nc12,9.17,IC50,IC50,0.68
Nc1nc(NCc2ccncc2)nc2sc(-c3ccco3)nc12,7.82,IC50,IC50,15.3
Nc1nc(NCc2cnccn2)nc2sc(-c3ccco3)nc12,8.08,IC50,IC50,8.27
Nc1nc(NCCc2ccco2)nc2sc(-c3ccco3)nc12,8.53,IC50,IC50,2.93
Nc1nc(NCCc2cccnc2)nc2sc(-c3ccco3)nc12,9.54,IC50,IC50,0.29
COc1ccccc1CNc1nc(N)c2nc(-c3cccs3)sc2n1,8.47,IC50,IC50,3.36
Nc1nc(NCc2cccs2)nc2sc(-c3cccs3)nc12,7.88,IC50,IC50,13.2
Nc1nc(NCCc2ccc(O)cc2)nc2nc(-c3ccco3)nn12,9.08,IC50,IC50,0.83
Nc1nc(NCc2cccs2)nc2sc(-c3ccco3)nc12,10.44,IC50,IC50,0.036
Nc1nc(NCc2ccco2)nc2sc(-c3ccco3)nc12,10.4,IC50,IC50,0.04
Nc1nc(NCc2cccnc2)nc2sc(-c3ccco3)nc12,10.23,IC50,IC50,0.059
Nc1nc(NCc2ccsc2)nc2sc(-c3ccco3)nc12,9.39,IC50,IC50,0.41
Nc1nc(NCc2ccccn2)nc2sc(-c3ccco3)nc12,8.89,IC50,IC50,1.3
Nc1nc(NCc2ccncc2)nc2sc(-c3ccco3)nc12,7.73,IC50,IC50,18.7
Nc1nc(NCc2cnccn2)nc2sc(-c3ccco3)nc12,7.95,IC50,IC50,11.3
Nc1nc(NCCc2cccs2)nc2sc(-c3ccco3)nc12,10.35,IC50,IC50,0.045
Nc1nc(NCCc2ccco2)nc2sc(-c3ccco3)nc12,8.37,IC50,IC50,4.26
Nc1nc(NCCc2cccnc2)nc2sc(-c3ccco3)nc12,9.46,IC50,IC50,0.35
COc1ccccc1CNc1nc(N)c2nc(-c3cccs3)sc2n1,8.36,IC50,IC50,4.41
Nc1nc(NCc2cccs2)nc2sc(-c3cccs3)nc12,7.75,IC50,IC50,17.6
Nc1nc(NCCc2ccc(O)cc2)nc2nc(-c3ccco3)nn12,9.06,Ki,Ki,0.87
N=c1ccc2c(-c3ccc(C(=O)NCCCCCCn4cc(CCCC(=O)Nc5nc6ccc(Cl)cc6c6nc(-c7ccco7)nn56)nn4)cc3C(=O)O)c3ccc(N)c(S(=O)(=O)O)c3oc-2c1S(=O)(=O)O,7.14,Ki,Ki,73.0
Cn1c(=O)c2c(ncn2C)n(C)c1=O,4.63,Ki,Ki,23400.0
CCCn1c(=O)[nH]c2nc(-c3ccc(OCC(=O)NCCCCCC4=C5C(C)=CC(C)=[N+]5[B-](F)(F)n5c(C)cc(C)c54)cc3)[nH]c2c1=O,7.23,Ki,Ki,58.7
CCCn1c(=O)[nH]c2nc(-c3ccc(OCC(=O)NCCCCCCCCCCC4=C5C(C)=CC(C)=[N+]5[B-](F)(F)n5c(C)cc(C)c54)cc3)[nH]c2c1=O,5.8,Ki,Ki,1600.0
COCCOc1ccc(N2CCN(CCn3c(=O)n(C)c4c3nc(N)n3nc(-c5nccs5)nc43)CC2)cc1F,8.82,Ki,Ki,1.5
COCCOc1ccc(N2CCN(CCn3c(=O)n(C)c4c3nc(N)n3nc(-c5nccs5)nc43)CC2)cc1,8.19,Ki,Ki,6.4
Cc1nc2cc(N3CCN(CCn4c(=O)n(C)c5c4nc(N)n4nc(-c6ccco6)nc54)CC3)c(F)cc2o1,9.4,Ki,Ki,0.4
Cn1c(=O)n(CCN2CCN(c3nc(C(F)(F)F)cs3)CC2)c2nc(N)n3nc(-c4ccco4)nc3c21,8.92,Ki,Ki,1.2
COc1ccc(N2CCN(CCn3c(=O)n(C)c4c3nc(N)n3nc(-c5ccco5)nc43)CC2)cn1,8.35,Ki,Ki,4.5
Cc1ccc(N2CCN(CCn3c(=O)n(C)c4c3nc(N)n3nc(-c5ccco5)nc43)CC2)nc1,8.77,Ki,Ki,1.7
Cn1c(=O)n(CCN2CCN(c3ccc(C(F)(F)F)cc3)CC2)c2nc(N)n3nc(-c4ccco4)nc3c21,8.51,Ki,Ki,3.1
Cn1c(=O)n(CCN2CCN(c3ccc(OC(F)F)cc3)CC2)c2nc(N)n3nc(-c4ccco4)nc3c21,8.72,Ki,Ki,1.9
Cn1c(=O)n(CCN2CCN(c3ccc(C#N)c(F)c3)CC2)c2nc(N)n3nc(-c4ccco4)nc3c21,9.3,Ki,Ki,0.5
Cn1c(=O)n(CCN2CCN(c3ccc(C#N)cc3)CC2)c2nc(N)n3nc(-c4ccco4)nc3c21,9.22,Ki,Ki,0.6
Cn1c(=O)n(CCN2CCN(c3ccc(F)cc3F)CC2)c2nc(N)n3nc(-c4ccco4)nc3c21,9.0,Ki,Ki,1.0
Cn1c(=O)n(CCN2CCN(c3ccc(OC4CCOCC4)cc3)CC2)c2nc(N)n3nc(-c4ccco4)nc3c21,9.52,Ki,Ki,0.3
Cn1c(=O)n(CCN2CCN(c3ccc(OC4CCOC4)cc3)CC2)c2nc(N)n3nc(-c4ccco4)nc3c21,9.7,Ki,Ki,0.2
COCC(C)(C)Oc1ccc(N2CCN(CCn3c(=O)n(C)c4c3nc(N)n3nc(-c5ccco5)nc43)CC2)cc1,9.3,Ki,Ki,0.5
COCC(C)Oc1ccc(N2CCN(CCn3c(=O)n(C)c4c3nc(N)n3nc(-c5ccco5)nc43)CC2)cc1,9.4,Ki,Ki,0.4
COCCOc1c(F)cc(N2CCN(CCn3c(=O)n(C)c4c3nc(N)n3nc(-c5ccco5)nc43)CC2)cc1F,9.22,Ki,Ki,0.6
COCCOc1cc(F)c(N2CCN(CCn3c(=O)n(C)c4c3nc(N)n3nc(-c5ccco5)nc43)CC2)cc1F,9.05,Ki,Ki,0.9
COCCOc1ccc(N2CCN(CCn3c(=O)n(C)c4c3nc(N)n3nc(-c5ccco5)nc43)CC2)cc1F,9.15,Ki,Ki,0.7
Cn1c(=O)n(CCN2CCN(c3ccc(OCCOC4CC4)cc3)CC2)c2nc(N)n3nc(-c4ccco4)nc3c21,8.7,Ki,Ki,2.0
COCCOc1cccc(N2CCN(CCn3c(=O)n(C)c4c3nc(N)n3nc(-c5ccco5)nc43)CC2)c1,9.3,Ki,Ki,0.5
COCCOc1ccc(N2CCN(CCn3c(=O)n(C)c4c3nc(N)n3nc(-c5ccco5)nc43)CC2)cc1,8.7,Ki,Ki,2.0
Cn1c(=O)n(CCN2CCN(c3ccc(OC4CC4)cc3)CC2)c2nc(N)n3nc(-c4ccco4)nc3c21,9.52,Ki,Ki,0.3
COc1ccc(N2CCN(CCn3c(=O)n(C)c4c3nc(N)n3nc(-c5ccco5)nc43)CC2)c(F)c1,9.4,Ki,Ki,0.4
Cc1ccc(N2CCN(CCn3c(=O)n(C)c4c3nc(N)n3nc(-c5ccco5)nc43)CC2)cc1,8.85,Ki,Ki,1.4
COc1ccc(N2CCN(CCn3c(=O)n(C)c4c3nc(N)n3nc(-c5ccco5)nc43)CC2)cc1,9.0,Ki,Ki,1.0
COc1ccc(N2CCN(CCn3c(=O)n(C)c4c3nc(N)n3nc(-c5ccco5)nc43)CC2)cc1,9.68,Ki,Ki,0.21
Cc1ccc(N2CCN(CCn3c(=O)n(C)c4c3nc(N)n3nc(-c5ccco5)nc43)CC2)cc1,8.96,Ki,Ki,1.1
COc1ccc(N2CCN(CCn3c(=O)n(C)c4c3nc(N)n3nc(-c5ccco5)nc43)CC2)c(F)c1,10.22,Ki,Ki,0.06
Cn1c(=O)n(CCN2CCN(c3ccc(OC4CC4)cc3)CC2)c2nc(N)n3nc(-c4ccco4)nc3c21,9.6,Ki,Ki,0.25
COCCOc1ccc(N2CCN(CCn3c(=O)n(C)c4c3nc(N)n3nc(-c5ccco5)nc43)CC2)cc1,9.38,Ki,Ki,0.42
COCCOc1cccc(N2CCN(CCn3c(=O)n(C)c4c3nc(N)n3nc(-c5ccco5)nc43)CC2)c1,9.3,Ki,Ki,0.5
COCCOc1cc(F)c(N2CCN(CCn3c(=O)n(C)c4c3nc(N)n3nc(-c5ccco5)nc43)CC2)cc1F,8.92,Ki,Ki,1.2
COCC(C)Oc1ccc(N2CCN(CCn3c(=O)n(C)c4c3nc(N)n3nc(-c5ccco5)nc43)CC2)cc1,8.82,Ki,Ki,1.5
COCC(C)(C)Oc1ccc(N2CCN(CCn3c(=O)n(C)c4c3nc(N)n3nc(-c5ccco5)nc43)CC2)cc1,8.68,Ki,Ki,2.1
Cn1c(=O)n(CCN2CCN(c3ccc(OC4CCOC4)cc3)CC2)c2nc(N)n3nc(-c4ccco4)nc3c21,9.66,Ki,Ki,0.22
Cn1c(=O)n(CCN2CCN(c3ccc(OC4CCOCC4)cc3)CC2)c2nc(N)n3nc(-c4ccco4)nc3c21,9.59,Ki,Ki,0.26
Cn1c(=O)n(CCN2CCN(c3ccc(F)cc3F)CC2)c2nc(N)n3nc(-c4ccco4)nc3c21,10.15,Ki,Ki,0.07
Cn1c(=O)n(CCN2CCN(c3ccc(C#N)cc3)CC2)c2nc(N)n3nc(-c4ccco4)nc3c21,9.52,Ki,Ki,0.3
Cn1c(=O)n(CCN2CCN(c3ccc(C#N)c(F)c3)CC2)c2nc(N)n3nc(-c4ccco4)nc3c21,9.4,Ki,Ki,0.4
Cn1c(=O)n(CCN2CCN(c3ccc(OC(F)F)cc3)CC2)c2nc(N)n3nc(-c4ccco4)nc3c21,9.57,Ki,Ki,0.27
Cc1ccc(N2CCN(CCn3c(=O)n(C)c4c3nc(N)n3nc(-c5ccco5)nc43)CC2)nc1,9.4,Ki,Ki,0.4
Cn1c(=O)n(CCN2CCN(c3nc(C(F)(F)F)cs3)CC2)c2nc(N)n3nc(-c4ccco4)nc3c21,9.05,Ki,Ki,0.9
Cc1nc2cc(N3CCN(CCn4c(=O)n(C)c5c4nc(N)n4nc(-c6ccco6)nc54)CC3)c(F)cc2o1,9.82,Ki,Ki,0.15
COCCOc1ccc(N2CCN(CCn3c(=O)n(C)c4c3nc(N)n3nc(-c5nccs5)nc43)CC2)cc1,8.92,Ki,Ki,1.2
COCCOc1ccc(N2CCN(CCn3c(=O)n(C)c4c3nc(N)n3nc(-c5nccs5)nc43)CC2)cc1F,9.4,Ki,Ki,0.4
CC(C)COc1ccc(-c2c(C#N)c(N)nc(SCC(N)=O)c2C#N)cc1,6.51,Ki,Ki,307.0
CC(=O)Nc1ccc(-c2c(C#N)c(N)nc(SCC(N)=O)c2C#N)cc1,6.24,Ki,Ki,572.0
N#Cc1c(N)nc(SCc2ncc[nH]2)c(C#N)c1-c1ccc(OCC2CC2)cc1,6.12,Ki,Ki,764.0
N#Cc1c(N)nc(SCc2cccnc2)c(C#N)c1-c1ccc(OCC2CC2)cc1,6.37,Ki,Ki,424.0
CCOc1ccc(-c2c(C#N)c(N)nc(SCc3ncc[nH]3)c2C#N)cc1,6.66,Ki,Ki,221.0
COc1ccc(-c2cc(N)cc3nc(-c4ccco4)oc23)cc1OC,7.05,Ki,Ki,90.0
Nc1cc(-c2ccccn2)c2oc(-c3ccco3)nc2c1,6.87,Ki,Ki,135.0
Nc1cc(-c2ccccc2)c2oc(-c3ccco3)nc2c1,6.7,Ki,Ki,202.0
Nc1cc(-c2cccs2)c2oc(-c3ccco3)nc2c1,7.15,Ki,Ki,71.0
Nc1cc(-c2ccco2)c2oc(-c3ccco3)nc2c1,7.4,Ki,Ki,40.0
O=C(CN1CCCCC1)Nc1ccc2oc(-c3ccco3)nc2c1,6.0,Ki,Ki,1000.0
Nc1ccc2oc(-c3ccco3)nc2c1,5.0,Ki,Ki,10000.0
O=C(CN1CCCCC1)Nc1ccc2oc(-c3ccco3)nc2c1,6.0,Ki,Ki,1.0
Nc1ccc2oc(-c3ccco3)nc2c1,5.0,Ki,Ki,10.0
Nc1nnc(-c2ccc(O)c(Cl)c2)c(-c2ccccc2)n1,8.4,Ki,Ki,4.0
Nc1nc(NCCc2ccc(O)cc2)nc2nc(-c3ccco3)nn12,8.8,Ki,Ki,1.6
CCn1c(=O)c2c(nc(/C=C/c3ccc(OC)c(OC)c3)n2C)n(CC)c1=O,7.92,Ki,Ki,12.0
COCCOc1ccc(N2CCN(CCn3ncc4c3nc(N)n3nc(-c5ccco5)nc43)CC2)cc1,9.3,Ki,Ki,0.5
Nc1cc(NC(=O)CN2CCCCC2)cc2nc(-c3ccco3)oc12,6.6,IC50,IC50,250.0
O=C(CN1CCCCC1)Nc1cc(-c2ccco2)c2oc(-c3ccco3)nc2c1,6.31,IC50,IC50,486.0
Nc1cc(-c2ccco2)c2oc(-c3ccco3)nc2c1,7.15,IC50,IC50,70.6
Nc1nc(NCCc2ccc(O)cc2)nc2nc(-c3ccco3)nn12,7.09,IC50,IC50,80.8
Nc1nc(NCCc2ccc(O)cc2)nc2nc(-c3ccco3)nn12,8.89,Ki,Ki,1.3
Nc1cc(NC(=O)CN2CCCCC2)cc2nc(-c3ccco3)oc12,6.32,Ki,Ki,480.0
O=C(CCN1CCc2ccccc2C1)Nc1cc(-c2ccco2)c2oc(-c3ccco3)nc2c1,7.52,Ki,Ki,30.0
O=C(CCN1CCOCC1)Nc1cc(-c2ccco2)c2oc(-c3ccco3)nc2c1,7.05,Ki,Ki,90.0
O=C(CCCN1CCCCC1)Nc1cc(-c2ccco2)c2oc(-c3ccco3)nc2c1,7.01,Ki,Ki,98.0
O=C(CCN1CCCCC1)Nc1cc(-c2ccco2)c2oc(-c3ccco3)nc2c1,7.09,Ki,Ki,81.0
O=C(CN1CCCCC1)Nc1cc(-c2ccco2)c2oc(-c3ccco3)nc2c1,6.68,Ki,Ki,210.0
Nc1cc(-c2ccc(F)cc2)c2oc(-c3ccco3)nc2c1,6.36,Ki,Ki,438.0
COc1ccc(-n2c(C(=O)c3sc(Nc4ccccc4)nc3C)cnc2N)cc1,4.87,Ki,Ki,13.4
Cc1nc(Nc2ccccc2)sc1C(=O)c1cnc(N)n1-c1ccc(F)cc1,5.09,Ki,Ki,8.04
Nc1ncc(C(=O)c2sc(Nc3ccccc3)nc2-c2ccccc2)n1-c1ccc(F)cc1,5.13,Ki,Ki,7.41
CN(C)c1nc(NC(=O)c2ccccc2)sc1C(=O)c1cnc(N)n1-c1ccc(Cl)cc1,4.93,Ki,Ki,11.8
CN(C)c1nc(NC(=O)c2ccccc2)sc1C(=O)c1cnc(N)n1-c1ccc(C(F)(F)F)cc1,4.78,Ki,Ki,16.7
Cc1ccc(Nc2nc(C)c(C(=O)c3cnc(N)n3-c3ccc(F)cc3)s2)cc1,4.91,Ki,Ki,12.4
COc1ccc(-n2c(C(=O)c3sc(Nc4ccccc4)nc3-c3ccccc3)cnc2N)cc1,5.05,Ki,Ki,8.84
Cc1nc(Nc2ccc(Cl)cc2)sc1C(=O)c1cnc(N)n1-c1ccc(F)cc1,4.89,Ki,Ki,13.0
COc1ccc(-n2c(C(=O)c3sc(Nc4ccc(Cl)cc4)nc3C)cnc2N)cc1,4.99,Ki,Ki,10.3
Cc1ccc(-n2c(C(=O)c3sc(N4CCOCC4)nc3-c3ccccc3)cnc2N)cc1,4.47,Ki,Ki,34.0
Cc1nc(Nc2ccccc2)sc1C(=O)c1cnc(N)n1-c1ccc(Cl)cc1,4.95,Ki,Ki,11.2
Cn1c(=O)c2c(ncn2C)n(C)c1=O,4.63,Ki,Ki,23400.0
Cn1c(=O)c2nc[nH]c2n(C)c1=O.O,5.77,Ki,Ki,1710.0
CCCn1c(=O)c2nc(C34CC5CC(CC3C5)C4)[nH]c2n(CCC)c1=O,6.97,Ki,Ki,108.0
CCCCn1c(=O)c2nc(C34CC5CC(CC3C5)C4)[nH]c2n(CCCC)c1=O,6.01,Ki,Ki,980.0
CCn1c(=O)c2c(nc(/C=C/c3ccc(OC)c(OC)c3)n2C)n(CC)c1=O,7.92,Ki,Ki,12.0
N.Nc1nc2c(cnn2CCCc2ccc(OCc3ccc(S(=O)(=O)O)cc3)cc2)c2nc(-c3ccco3)nn12,8.21,Ki,Ki,6.24
CCN(CC)CC.CCN(CC)CC.N=c1ccc2c(-c3ccc(C(=O)NCCCCNC(=O)COc4ccc(CCCn5ncc6c5nc(N)n5nc(-c7ccco7)nc65)cc4)cc3C(=O)O)c3ccc(N)c(S(=O)(=O)O)c3oc-2c1S(=O)(=O)O,7.52,Ki,Ki,30.3
Nc1nc2c(cnn2CCCc2ccc(OCC(=O)NCCCCNC(=O)CCCCCNC(=O)COc3ccc(/C=C/C4=[N+]5C(=Cc6ccc(-c7cccs7)n6[B-]5(F)F)C=C4)cc3)cc2)c2nc(-c3ccco3)nn12,7.61,Ki,Ki,24.6
CC1(C)C(/C=C/C=C/C=C2/N(CCCS(=O)(=O)O)c3ccc(S(=O)(=O)O)cc3C2(C)CCCCCC(=O)NCCCCNC(=O)COc2ccc(CCCn3ncc4c3nc(N)n3nc(-c5ccco5)nc43)cc2)=[N+](CCCS(=O)(=O)O)c2ccc(S(=O)(=O)[O-])cc21.CCN(CC)CC.CCN(CC)CC,6.53,Ki,Ki,295.0
CC1(C)C(/C=C/C=C/C=C2/N(CCCS(=O)(=O)O)c3ccc(S(=O)(=O)O)cc3C2(C)CCCCCC(=O)NCCNC(=O)COc2ccc(CCCn3ncc4c3nc(N)n3nc(-c5ccco5)nc43)cc2)=[N+](CCCS(=O)(=O)O)c2ccc(S(=O)(=O)[O-])cc21.CCN(CC)CC.CCN(CC)CC,6.48,Ki,Ki,332.0
NCCCCCCNC(=O)COc1ccc(CCCn2ncc3c2nc(N)n2nc(-c4ccco4)nc32)cc1,7.64,Ki,Ki,22.8
NCCCCCNC(=O)COc1ccc(CCCn2ncc3c2nc(N)n2nc(-c4ccco4)nc32)cc1,8.2,Ki,Ki,6.36
NCCCCNC(=O)COc1ccc(CCCn2ncc3c2nc(N)n2nc(-c4ccco4)nc32)cc1,8.19,Ki,Ki,6.46
NCCCNC(=O)COc1ccc(CCCn2ncc3c2nc(N)n2nc(-c4ccco4)nc32)cc1,8.03,Ki,Ki,9.29
CNc1ncc(C(=O)NC(C)(C)Cc2ccccc2)c2nc(-c3ccco3)nn12,8.21,Ki,Ki,6.12
CNc1ncc(C(=O)NCCc2ccc(OC)c(OC)c2)c2nc(-c3ccco3)nn12,6.77,Ki,Ki,169.0
CNc1ncc(C(=O)NCCc2ccccc2)c2nc(-c3ccco3)nn12,7.53,Ki,Ki,29.7
CNc1ncc(C(=O)NCc2ccc(OC)c(OC)c2)c2nc(-c3ccco3)nn12,6.85,Ki,Ki,141.0
CNc1ncc(C(=O)NCc2ccc(-c3ccccc3)cc2)c2nc(-c3ccco3)nn12,5.03,Ki,Ki,9390.0
CNc1ncc(C(=O)NCc2ccc(F)cc2)c2nc(-c3ccco3)nn12,7.32,Ki,Ki,47.6
CNc1ncc(C(=O)NCc2ccc(Cl)cc2)c2nc(-c3ccco3)nn12,7.23,Ki,Ki,59.4
CNc1ncc(C(=O)NCc2ccc(C(F)(F)F)cc2)c2nc(-c3ccco3)nn12,5.53,Ki,Ki,2950.0
CNc1ncc(C(=O)NCc2ccc(OC)cc2)c2nc(-c3ccco3)nn12,7.09,Ki,Ki,81.3
CNc1ncc(C(=O)NCc2ccc(C)cc2)c2nc(-c3ccco3)nn12,7.0,Ki,Ki,100.0
CNc1ncc(C(=O)NC(c2ccccc2)c2ccccc2)c2nc(-c3ccco3)nn12,7.21,Ki,Ki,61.6
CNc1ncc(C(=O)NCc2ccccc2)c2nc(-c3ccco3)nn12,7.73,Ki,Ki,18.6
CNc1ncc(C(=O)OC(C)c2ccccc2)c2nc(-c3ccco3)nn12,7.96,Ki,Ki,11.0
CCc1ccc(COC(=O)c2cnc(NC)n3nc(-c4ccco4)nc23)cc1,7.68,Ki,Ki,21.0
CNc1ncc(C(=O)OCc2ccc(F)cc2)c2nc(-c3ccco3)nn12,7.15,Ki,Ki,71.5
CNc1ncc(C(=O)OCc2cccc(F)c2)c2nc(-c3ccco3)nn12,7.49,Ki,Ki,32.5
CNc1ncc(C(=O)OCc2ccccc2Br)c2nc(-c3ccco3)nn12,7.61,Ki,Ki,24.3
CNc1ncc(C(=O)OCc2ccc(Cl)cc2)c2nc(-c3ccco3)nn12,7.14,Ki,Ki,71.9
CNc1ncc(C(=O)OCc2cccc(Cl)c2)c2nc(-c3ccco3)nn12,7.8,Ki,Ki,15.7
CNc1ncc(C(=O)OCc2ccccc2Cl)c2nc(-c3ccco3)nn12,7.5,Ki,Ki,32.0
CNc1ncc(C(=O)OCc2ccc(OC)cc2)c2nc(-c3ccco3)nn12,6.71,Ki,Ki,194.0
CNc1ncc(C(=O)OCc2cccc(OC)c2)c2nc(-c3ccco3)nn12,7.83,Ki,Ki,14.9
CNc1ncc(C(=O)OCc2ccccc2OC)c2nc(-c3ccco3)nn12,7.88,Ki,Ki,13.2
CNc1ncc(C(=O)OCc2ccc(C)cc2)c2nc(-c3ccco3)nn12,7.21,Ki,Ki,62.2
CNc1ncc(C(=O)OCc2cccc(C)c2)c2nc(-c3ccco3)nn12,7.68,Ki,Ki,21.0
CNc1ncc(C(=O)OCc2ccccc2C)c2nc(-c3ccco3)nn12,7.43,Ki,Ki,37.2
CNc1ncc(C(=O)OC(c2ccccc2)c2ccccc2)c2nc(-c3ccco3)nn12,6.71,Ki,Ki,197.0
CNc1ncc(C(=O)OCc2ccccc2)c2nc(-c3ccco3)nn12,6.94,Ki,Ki,114.0
CNc1ncc(C(=O)OC(C)C)c2nc(-c3ccco3)nn12,7.06,Ki,Ki,86.5
CNC(=O)[C@H]1O[C@@H](n2cnc3c(NCc4cccc(I)c4)nc(Cl)nc32)[C@H](O)[C@@H]1O,5.27,Ki,Ki,5360.0
CNC(=O)[C@H]1O[C@@H](n2cnc3c(NCc4cccc(I)c4)ncnc32)[C@H](O)[C@@H]1O,5.54,Ki,Ki,2900.0
CCOC(=O)c1cnc(OCC)n2nc(-c3ccco3)nc12,5.73,Ki,Ki,1860.0
CC(C)(C)OC(=O)NCCNc1ncc(C(=O)O)c2nc(-c3ccco3)nn12,4.65,Ki,Ki,22600.0
CCOC(=O)c1cnc(NN)n2nc(-c3ccco3)nc12,7.2,Ki,Ki,63.1
CCOC(=O)c1cnc(NCCN)n2nc(-c3ccco3)nc12,6.08,Ki,Ki,829.0
CCOC(=O)c1cnc(NNC(=O)OC(C)(C)C)n2nc(-c3ccco3)nc12,6.08,Ki,Ki,827.0
CCOC(=O)c1cnc(NCCNC(=O)OC(C)(C)C)n2nc(-c3ccco3)nc12,6.42,Ki,Ki,376.0
CCOC(=O)c1cnc(NNc2ccccc2)n2nc(-c3ccco3)nc12,7.38,Ki,Ki,41.8
CCOC(=O)CNC(=O)c1cnc(NCC(=O)OCC)n2nc(-c3ccco3)nc12,5.81,Ki,Ki,1540.0
COc1ccc(CNc2ncc(C(=O)NC(c3ccccc3)c3ccccc3)c3nc(-c4ccco4)nn23)cc1OC,6.86,Ki,Ki,137.0
CNc1ncc(C(=O)NNc2ccccc2)c2nc(-c3ccco3)nn12,6.47,Ki,Ki,342.0
CNc1ncc(C(=O)NCCOc2ccccc2)c2nc(-c3ccco3)nn12,7.42,Ki,Ki,38.2
Nc1nc(-c2ccc(NC(=O)CCNC(=O)CCCCC3CCSS3)cc2)cn2c(=O)n(-c3ccccc3)nc12,7.44,Ki,Ki,36.4
NCCC(=O)Nc1ccc(-c2cn3c(=O)n(-c4ccccc4)nc3c(N)n2)cc1,9.23,Ki,Ki,0.59
C=CC(=O)Nc1ccc(-c2cn3c(=O)n(-c4ccccc4)nc3c(N)n2)cc1,8.74,Ki,Ki,1.8
Nc1nc(-c2ccc(NC(=O)CCCCC3CCSS3)cc2)cn2c(=O)n(-c3ccccc3)nc12,8.3,Ki,Ki,5.0
CC(C)(C)c1cc(C(=O)NCCOc2ccc(-c3cn4c(=O)n(-c5ccccc5)nc4c(N)n3)cc2)cc(C(C)(C)C)c1O,4.83,Ki,Ki,14750.0
Nc1nc(-c2ccc(OCCNC(=O)CCCCC3CCSS3)cc2)cn2c(=O)n(-c3ccccc3)nc12,8.62,Ki,Ki,2.4
NCCOc1ccc(-c2cn3c(=O)n(-c4ccccc4)nc3c(N)n2)cc1,7.83,Ki,Ki,14.9
NC(=O)COc1ccc(-c2cn3c(=O)n(-c4ccccc4)nc3c(N)n2)cc1,7.58,Ki,Ki,26.0
N#CCOc1ccc(-c2cn3c(=O)n(-c4ccccc4)nc3c(N)n2)cc1,8.09,Ki,Ki,8.2
CC(C)(C)c1cc(-c2cn3c(=O)n(-c4ccccc4)nc3c(N)n2)ccc1O,8.07,Ki,Ki,8.5
Cc1cc(-c2cn3c(=O)n(-c4ccccc4)nc3c(N)n2)cc(C)c1O,8.6,Ki,Ki,2.5
Nc1nc(-c2cc(O)c(O)c(O)c2)cn2c(=O)n(-c3ccccc3)nc12,7.03,Ki,Ki,94.5
Nc1nc(-c2ccc(O)c(O)c2)cn2c(=O)n(-c3ccccc3)nc12,8.28,Ki,Ki,5.2
COc1cc(O)ccc1-c1cn2c(=O)n(-c3ccccc3)nc2c(N)n1,7.78,Ki,Ki,16.8
COc1c(C(C)(C)C)cc(-c2cn3c(=O)n(-c4ccccc4)nc3c(N)n2)cc1C(C)(C)C,6.85,Ki,Ki,141.6
COc1c(C)cc(-c2cn3c(=O)n(-c4ccccc4)nc3c(N)n2)cc1C,9.77,Ki,Ki,0.17
COc1cc(-c2cn3c(=O)n(-c4ccccc4)nc3c(N)n2)cc(OC)c1OC,8.46,Ki,Ki,3.5
Nc1nc(-c2ccc3c(c2)OCO3)cn2c(=O)n(-c3ccccc3)nc12,8.13,Ki,Ki,7.4
COc1ccc(-c2cn3c(=O)n(-c4ccccc4)nc3c(N)n2)cc1OC,8.24,Ki,Ki,5.7
COc1ccc(-c2cn3c(=O)n(-c4ccccc4)nc3c(N)n2)c(OC)c1,8.62,Ki,Ki,2.4
CC(C)(C)c1cc(C(=O)NCCC(=O)Nc2ccc(-c3cn4c(=O)n(-c5ccccc5)nc4c(N)n3)cc2)cc(C(C)(C)C)c1O,7.26,Ki,Ki,54.5
Nc1ccc(-c2cn3c(=O)n(-c4ccccc4)nc3c(N)n2)cc1,7.64,Ki,Ki,22.9
CC(C)(C)c1cc(-c2cn3c(=O)n(-c4ccccc4)nc3c(N)n2)ccc1O,6.75,IC50,IC50,179.0
N#CCOc1ccc(-c2cn3c(=O)n(-c4ccccc4)nc3c(N)n2)cc1,6.8,IC50,IC50,157.0
Nc1nc(-c2ccc(OCCNC(=O)CCCCC3CCSS3)cc2)cn2c(=O)n(-c3ccccc3)nc12,6.94,IC50,IC50,116.0
Nc1nc(-c2ccc(NC(=O)CCNC(=O)CCCCC3CCSS3)cc2)cn2c(=O)n(-c3ccccc3)nc12,6.53,IC50,IC50,296.0
CC(C)(C)c1cc(C(=O)NCCC(=O)Nc2ccc(-c3cn4c(=O)n(-c5ccccc5)nc4c(N)n3)cc2)cc(C(C)(C)C)c1O,6.58,IC50,IC50,263.0
O=C(Nc1nc(-c2ccccc2)nc2sc(-c3ccco3)nc12)c1ccco1,6.37,Ki,Ki,428.0
O=C(Nc1nc(-c2ccccc2)nc2sc(-c3ccco3)nc12)c1ccccc1,5.94,Ki,Ki,1144.0
O=C(Nc1nc(-c2ccccc2)nc2sc(-c3ccccc3)nc12)c1ccco1,5.4,Ki,Ki,3980.0
O=C(Nc1nc(-c2ccccc2)nc2sc(-c3ccccc3)nc12)c1ccccc1,6.98,Ki,Ki,104.0
Cc1nc(NC(=O)c2ccccc2)c2nc(-c3ccccc3)sc2n1,5.71,Ki,Ki,1951.0
Cc1ccc(-c2nc(N)c3nc(-c4ccco4)sc3n2)o1,8.63,Ki,Ki,2.36
Nc1nc(-c2ccco2)nc2sc(-c3ccco3)nc12,8.47,Ki,Ki,3.4
Nc1nc(-c2cccc(O)c2)nc2sc(-c3ccco3)nc12,8.79,Ki,Ki,1.64
N#Cc1cccc(-c2nc(N)c3nc(-c4ccco4)sc3n2)c1,8.11,Ki,Ki,7.7
COc1cccc(-c2nc(N)c3nc(-c4ccco4)sc3n2)c1,8.72,Ki,Ki,1.9
COc1ccc(-c2nc(N)c3nc(-c4ccco4)sc3n2)cc1,7.95,Ki,Ki,11.2
Nc1nc(-c2ccc(CO)cc2)nc2sc(-c3ccco3)nc12,8.11,Ki,Ki,7.7
Nc1nc(-c2cccc(CO)c2)nc2sc(-c3ccco3)nc12,8.68,Ki,Ki,2.1
Nc1nc(-c2ccccc2)nc2sc(-c3ccco3)nc12,8.52,Ki,Ki,3.0
Cc1ccc(-c2nc(N)c3nc(-c4ccccc4)sc3n2)o1,7.65,Ki,Ki,22.4
Nc1nc(-c2ccco2)nc2sc(-c3ccccc3)nc12,8.77,Ki,Ki,1.7
Nc1nc(-c2cccc(O)c2)nc2sc(-c3ccccc3)nc12,8.3,Ki,Ki,5.0
N#Cc1cccc(-c2nc(N)c3nc(-c4ccccc4)sc3n2)c1,7.47,Ki,Ki,33.6
COc1cccc(-c2nc(N)c3nc(-c4ccccc4)sc3n2)c1,6.96,Ki,Ki,109.8
COc1ccc(-c2nc(N)c3nc(-c4ccccc4)sc3n2)cc1,6.94,Ki,Ki,115.3
Nc1nc(-c2ccc(CO)cc2)nc2sc(-c3ccccc3)nc12,7.09,Ki,Ki,82.0
Nc1nc(-c2cccc(CO)c2)nc2sc(-c3ccccc3)nc12,7.28,Ki,Ki,53.0
Nc1nc(-c2ccccc2)nc2sc(-c3ccccc3)nc12,7.72,Ki,Ki,19.0
Cc1nc(N)c2nc(-c3ccccc3)sc2n1,6.61,Ki,Ki,248.0
Nc1nc(-c2cccc(O)c2)nc2sc(-c3ccccc3)nc12,6.2,IC50,IC50,627.0
Nc1nc(-c2ccco2)nc2sc(-c3ccccc3)nc12,6.79,IC50,IC50,163.0
Nc1nc(-c2cccc(O)c2)nc2sc(-c3ccco3)nc12,6.12,IC50,IC50,764.0
Nc1nc(-c2ccco2)nc2sc(-c3ccco3)nc12,6.52,IC50,IC50,301.0
Cc1sc2nc(NC(=O)c3ccccc3)[nH]c(=O)c2c1C,6.19,Ki,Ki,0.65
Cc1sc2nc(N)nc(-n3cncn3)c2c1C,5.25,Ki,Ki,5.69
Nc1nc(-n2ccnc2)c2c3c(sc2n1)CCCC3,5.39,Ki,Ki,4.06
O=C(Nc1nc2nn(CCCc3ccccc3)cc2c2nc(-c3ccco3)nn12)c1cccc2ccccc12,6.1,Ki,Ki,800.0
CCCn1c(=O)c2[nH]c(-c3ccc(OCC(=O)Nc4ccc(C#N)cc4)cc3)nc2n(CCC)c1=O,6.3,Ki,Ki,503.0
CCCn1c(=O)c2[nH]c(-c3ccc(S(=O)(=O)N4CCN(c5ccc(Cl)cc5)CC4)cc3)nc2n(CC)c1=O,6.49,Ki,Ki,322.0
CCCn1c(=O)[nH]c2nc(-c3ccc(S(=O)(=O)N4CCN(Cc5ccc(Br)cc5)CC4)cc3)[nH]c2c1=O,7.11,Ki,Ki,77.8
CCCn1c(=O)[nH]c2nc(-c3ccc(S(=O)(=O)N4CCN(Cc5cccc(Br)c5)CC4)cc3)[nH]c2c1=O,7.03,Ki,Ki,92.4
CCCn1c(=O)[nH]c2nc(-c3ccc(S(=O)(=O)N4CCN(Cc5cccc(OC)c5)CC4)cc3)[nH]c2c1=O,6.88,Ki,Ki,131.0
CCCn1c(=O)[nH]c2nc(-c3ccc(S(=O)(=O)N4CCN(Cc5cccc(C)c5)CC4)cc3)[nH]c2c1=O,6.72,Ki,Ki,189.0
CCCn1c(=O)[nH]c2nc(-c3ccc(S(=O)(=O)N4CCN(Cc5ccc(N=[N+]=[N-])cc5)CC4)cc3)[nH]c2c1=O,6.68,Ki,Ki,208.0
CCCn1c(=O)[nH]c2nc(-c3ccc(S(=O)(=O)N4CCN(Cc5ccc(C(=O)O)cc5)CC4)cc3)[nH]c2c1=O,5.94,Ki,Ki,1160.0
CCCn1c(=O)[nH]c2nc(-c3ccc(S(=O)(=O)N4CCN(Cc5ccc(OCCO)cc5)CC4)cc3)[nH]c2c1=O,6.62,Ki,Ki,241.0
CCCn1c(=O)[nH]c2nc(-c3ccc(S(=O)(=O)N4CCN(Cc5ccc(OCCOCCOC)cc5)CC4)cc3)[nH]c2c1=O,6.5,Ki,Ki,314.0
CCCn1c(=O)[nH]c2nc(-c3ccc(S(=O)(=O)N4CCN(Cc5ccc(OC)c(F)c5)CC4)cc3)[nH]c2c1=O,6.61,Ki,Ki,245.0
CCCn1c(=O)[nH]c2nc(-c3ccc(S(=O)(=O)N4CCN(Cc5ccc(F)c(OC)c5)CC4)cc3)[nH]c2c1=O,6.87,Ki,Ki,135.0
CCCn1c(=O)[nH]c2nc(-c3ccc(S(=O)(=O)N4CCN(Cc5cc(F)cc(OC)c5)CC4)cc3)[nH]c2c1=O,6.8,Ki,Ki,160.0
CCCn1c(=O)[nH]c2nc(-c3ccc(S(=O)(=O)N4CCN(Cc5ccc(Br)c(F)c5)CC4)cc3)[nH]c2c1=O,6.39,Ki,Ki,403.0
CCCn1c(=O)[nH]c2nc(-c3ccc(S(=O)(=O)N4CCN(c5ccccc5)CC4)cc3)[nH]c2c1=O,6.91,Ki,Ki,122.0
CCCn1c(=O)[nH]c2nc(-c3ccc(S(=O)(=O)N4CCN(c5ccc(F)cc5)CC4)cc3)[nH]c2c1=O,6.97,Ki,Ki,108.0
CCCn1c(=O)[nH]c2nc(-c3ccc(S(=O)(=O)N4CCN(c5cccc(Cl)c5)CC4)cc3)[nH]c2c1=O,6.0,Ki,Ki,1000.0
CCCn1c(=O)[nH]c2nc(-c3ccc(S(=O)(=O)N4CCN(c5ccccc5Cl)CC4)cc3)[nH]c2c1=O,6.69,Ki,Ki,204.0
CCCn1c(=O)[nH]c2nc(-c3ccc(S(=O)(=O)N4CCN(c5ccccc5Br)CC4)cc3)[nH]c2c1=O,7.05,Ki,Ki,89.5
CCCn1c(=O)[nH]c2nc(-c3ccc(S(=O)(=O)N4CCN(c5ccc(I)cc5)CC4)cc3)[nH]c2c1=O,5.52,Ki,Ki,2990.0
CCCn1c(=O)[nH]c2nc(-c3ccc(S(=O)(=O)N4CCN(c5cccc(OC)c5)CC4)cc3)[nH]c2c1=O,6.71,Ki,Ki,197.0
CCCn1c(=O)[nH]c2nc(-c3ccc(S(=O)(=O)N4CCN(c5ccccc5C)CC4)cc3)[nH]c2c1=O,6.85,Ki,Ki,140.0
CCCn1c(=O)[nH]c2nc(-c3ccc(S(=O)(=O)N4CCN(c5ccc(O)cc5)CC4)cc3)[nH]c2c1=O,7.01,Ki,Ki,96.7
CCCn1c(=O)[nH]c2nc(-c3ccc(S(=O)(=O)N4CCN(C(=O)c5ccccc5)CC4)cc3)[nH]c2c1=O,6.84,Ki,Ki,143.0
CCCn1c(=O)[nH]c2nc(-c3ccc(S(=O)(=O)N4CCN(C)CC4)cc3)[nH]c2c1=O,6.85,Ki,Ki,140.0
CCCn1c(=O)[nH]c2nc(-c3ccc(S(=O)(=O)N4CCN(c5ccc(Cl)c(OC)c5)CC4)cc3)[nH]c2c1=O,7.45,Ki,Ki,35.3
CCCn1c(=O)[nH]c2nc(-c3ccc(S(=O)(=O)N4CCN(c5ccc(O)c(Cl)c5)CC4)cc3)[nH]c2c1=O,7.03,Ki,Ki,93.8
CCCn1c(=O)[nH]c2nc(-c3ccc(S(=O)(=O)N4CCN(c5ccc(Cl)c(O)c5)CC4)cc3)[nH]c2c1=O,7.39,Ki,Ki,40.7
CCCn1c(=O)[nH]c2nc(-c3ccc(S(=O)(=O)N4CCN(c5ccc(OCCO)cc5)CC4)cc3)[nH]c2c1=O,6.78,Ki,Ki,168.0
CCCn1c(=O)[nH]c2nc(-c3ccc(S(=O)(=O)N4CCN(c5ccccc5)C(C)C4)cc3)[nH]c2c1=O,6.53,Ki,Ki,293.0
CCCn1c(=O)[nH]c2nc(-c3ccc(S(=O)(=O)N(C)C)cc3)[nH]c2c1=O,7.28,Ki,Ki,52.7
CCCn1c(=O)[nH]c2nc(-c3ccc(S(=O)(=O)N(C)CCc4ccccc4)cc3)[nH]c2c1=O,6.45,Ki,Ki,357.0
CCCn1c(=O)[nH]c2nc(-c3ccc(S(=O)(=O)O)cc3)[nH]c2c1=O,5.42,Ki,Ki,3790.0
Nc1ncnc2c1ncn2[C@@H]1O[C@H](CO)[C@@H](O)[C@H]1O,6.16,Ki,Ki,700.0
CCNC(=O)[C@H]1O[C@@H](n2cnc3c(N)nc(NCCc4ccc(CCC(=O)O)cc4)nc32)[C@H](O)[C@@H]1O,7.57,Ki,Ki,27.0
N#Cc1ccc(/C=N/Nc2nc(N)c3ncn([C@@H]4O[C@H](CO)[C@@H](O)[C@H]4O)c3n2)cc1,8.07,Ki,Ki,8.5
N#Cc1ccccc1/C=N/Nc1nc(N)c2ncn([C@@H]3O[C@H](CO)[C@@H](O)[C@H]3O)c2n1,5.88,Ki,Ki,1306.0
Nc1nc(N/N=C/c2ccc(C(F)(F)F)cc2)nc2c1ncn2[C@@H]1O[C@H](CO)[C@@H](O)[C@H]1O,7.21,Ki,Ki,61.0
Nc1nc(N/N=C/c2ccc(Cl)c(C(F)(F)F)c2)nc2c1ncn2[C@@H]1O[C@H](CO)[C@@H](O)[C@H]1O,6.1,Ki,Ki,801.0
Nc1nc(N/N=C/c2ccc(C(F)(F)F)cc2C(F)(F)F)nc2c1ncn2[C@@H]1O[C@H](CO)[C@@H](O)[C@H]1O,5.2,Ki,Ki,6276.0
COc1cc(/C=N/Nc2nc(N)c3ncn([C@@H]4O[C@H](CO)[C@@H](O)[C@H]4O)c3n2)cc(OC)c1OC,5.26,Ki,Ki,5495.0
CCCOc1ccc(/C=N/Nc2nc(N)c3ncn([C@@H]4O[C@H](CO)[C@@H](O)[C@H]4O)c3n2)cc1,6.65,Ki,Ki,224.0
CCOc1cc(/C=N/Nc2nc(N)c3ncn([C@@H]4O[C@H](CO)[C@@H](O)[C@H]4O)c3n2)ccc1O,5.79,Ki,Ki,1622.0
Nc1nc(N/N=C/c2cccc(OCc3ccccc3)c2)nc2c1ncn2[C@@H]1O[C@H](CO)[C@@H](O)[C@H]1O,6.76,Ki,Ki,173.0
Nc1nc(N/N=C/c2ccc(OCc3ccc(F)cc3)cc2)nc2c1ncn2[C@@H]1O[C@H](CO)[C@@H](O)[C@H]1O,8.26,Ki,Ki,5.5
COc1cc(/C=N/Nc2nc(N)c3ncn([C@@H]4O[C@H](CO)[C@@H](O)[C@H]4O)c3n2)ccc1OCc1ccccc1,7.0,Ki,Ki,101.0
Nc1nc(N/N=C/c2ccc(OCc3ccccc3)c(OCc3ccccc3)c2)nc2c1ncn2[C@@H]1O[C@H](CO)[C@@H](O)[C@H]1O,8.74,Ki,Ki,1.8
CN(C)c1ccc(/C=N/Nc2nc(N)c3ncn([C@@H]4O[C@H](CO)[C@@H](O)[C@H]4O)c3n2)cc1,8.19,Ki,Ki,6.4
Nc1nc(N/N=C/c2ccc(N3CCCC3)cc2)nc2c1ncn2[C@@H]1O[C@H](CO)[C@@H](O)[C@H]1O,5.18,Ki,Ki,6625.0
Nc1nc(N/N=C/c2ccc(N3CCOCC3)cc2)nc2c1ncn2[C@@H]1O[C@H](CO)[C@@H](O)[C@H]1O,6.1,Ki,Ki,800.0
CC(=O)Nc1ccc(/C=N/Nc2nc(N)c3ncn([C@@H]4O[C@H](CO)[C@@H](O)[C@H]4O)c3n2)cc1,5.88,Ki,Ki,1329.0
Nc1nc(N/N=C/c2ccc(-c3ccccn3)cc2)nc2c1ncn2[C@@H]1O[C@H](CO)[C@@H](O)[C@H]1O,6.68,Ki,Ki,208.0
Nc1nc(N/N=C/c2ccc(-n3ccnc3)cc2)nc2c1ncn2[C@@H]1O[C@H](CO)[C@@H](O)[C@H]1O,6.67,Ki,Ki,216.0
Nc1nc(N/N=C/c2ccc(-c3ccccc3)cc2)nc2c1ncn2[C@@H]1O[C@H](CO)[C@@H](O)[C@H]1O,7.7,Ki,Ki,20.0
Nc1nc(N/N=C/c2ccc(N(c3ccccc3)c3ccccc3)cc2)nc2c1ncn2[C@@H]1O[C@H](CO)[C@@H](O)[C@H]1O,7.17,Ki,Ki,67.0
Nc1nc(N/N=C/c2ccc[nH]2)nc2c1ncn2[C@@H]1O[C@H](CO)[C@@H](O)[C@H]1O,8.08,Ki,Ki,8.3
Nc1nc(N/N=C/c2cncs2)nc2c1ncn2[C@@H]1O[C@H](CO)[C@@H](O)[C@H]1O,7.15,Ki,Ki,71.0
CCCCc1nc(/C=N/Nc2nc(N)c3ncn([C@@H]4O[C@H](CO)[C@@H](O)[C@H]4O)c3n2)c(Cl)[nH]1,7.75,Ki,Ki,18.0
Nc1nc(N/N=C/c2cccnc2Cl)nc2c1ncn2[C@@H]1O[C@H](CO)[C@@H](O)[C@H]1O,8.06,Ki,Ki,8.7
Nc1nc(N/N=C/c2ccc(Br)cn2)nc2c1ncn2[C@@H]1O[C@H](CO)[C@@H](O)[C@H]1O,6.62,Ki,Ki,239.0
COc1ccc(/C=N/Nc2nc(N)c3ncn([C@@H]4O[C@H](CO)[C@@H](O)[C@H]4O)c3n2)cn1,5.84,Ki,Ki,1449.0
Nc1nc(N/N=C/c2ccc3ncccc3c2)nc2c1ncn2[C@@H]1O[C@H](CO)[C@@H](O)[C@H]1O,8.19,Ki,Ki,6.5
Nc1nc(N/N=C/C2CCCC2)nc2c1ncn2[C@@H]1O[C@H](CO)[C@@H](O)[C@H]1O,8.39,Ki,Ki,4.1
CC(/C=N/Nc1nc(N)c2ncn([C@@H]3O[C@H](CO)[C@@H](O)[C@H]3O)c2n1)Cc1ccc(C(C)C)cc1,8.2,Ki,Ki,6.3
CCCCC/C=C/C=C/C=N/Nc1nc(N)c2ncn([C@@H]3O[C@H](CO)[C@@H](O)[C@H]3O)c2n1,7.76,Ki,Ki,17.5
CCNC(=O)[C@H]1O[C@@H](n2cnc3c(N)ncnc32)[C@H](O)[C@@H]1O,7.7,Ki,Ki,20.0
CC#Cc1nc(NC(C2CC2)C2CC2)c2nc[nH]c2n1,5.49,Ki,Ki,3240.0
Clc1ccc(C#Cc2nc(N[C@@H]3CCOC3)c3nc[nH]c3n2)s1,5.62,Ki,Ki,2370.0
O[C@H]1CCC[C@@H]1Nc1nc(C#Cc2ccc(Cl)s2)nc2[nH]cnc12,5.15,Ki,Ki,7070.0
Clc1ccc(C#Cc2nc(NC3CCCC3)c3nc[nH]c3n2)s1,5.87,Ki,Ki,1340.0
CNc1nc(C#Cc2ccc(Cl)s2)nc2[nH]cnc12,5.88,Ki,Ki,1330.0
Nc1nc(Cl)nc2c1ncn2[C@H]1[C@H](O)[C@H](O)[C@@H]2C[C@@H]21,5.5,Ki,Ki,3140.0
OC[C@H]1O[C@@H](n2cnc3c(NCCc4ccccc4)ncnc32)[C@H](O)[C@@H]1O,6.17,Ki,Ki,676.0
O[C@@H]1[C@H](O)[C@@H]2C[C@@H]2[C@H]1n1cnc2c(NC(C3CC3)C3CC3)nc(Cl)nc21,5.4,Ki,Ki,3950.0
OC[C@H]1O[C@@H](n2cnc3c(N[C@@H]4CCOC4)ncnc32)[C@H](O)[C@@H]1O,5.63,Ki,Ki,2315.0
OC[C@H]1O[C@@H](n2cnc3c(N[C@H]4CCC[C@@H]4O)ncnc32)[C@H](O)[C@@H]1O,5.88,Ki,Ki,1330.0
OC[C@H]1O[C@@H](n2cnc3c(NC4CCCC4)ncnc32)[C@H](O)[C@@H]1O,6.1,Ki,Ki,794.0
OC[C@H]1O[C@@H](n2cnc3c(NC4CCCC4)ncnc32)[C@H](O)[C@@H]1O,6.1,Ki,Ki,794.0
OC[C@H]1O[C@@H](n2cnc3c(NC4CCCC4)nc(Cl)nc32)[C@H](O)[C@@H]1O,5.64,Ki,Ki,2270.0
OC[C@H]1O[C@@H](n2cnc3c(NC(C4CCC4)C4CCC4)ncnc32)[C@H](O)[C@@H]1O,5.45,Ki,Ki,3550.0
O[C@@H]1[C@H](O)[C@@H](CCl)O[C@H]1n1cnc2c(NC(C3CCC3)C3CCC3)ncnc21,5.28,Ki,Ki,5200.0
OC[C@H]1O[C@@H](n2cnc3c(NC(C4CCC4)C4CCC4)nc(Cl)nc32)[C@H](O)[C@@H]1O,5.59,Ki,Ki,2550.0
O[C@@H]1[C@H](O)[C@@H](CCl)O[C@H]1n1cnc2c(NC3C[C@H]4CC[C@@H]3C4)ncnc21,5.87,Ki,Ki,1340.0
O[C@@H]1[C@H](O)[C@@H](CCl)O[C@H]1n1cnc2c(N[C@H]3C[C@H]4CC[C@@H]3C4)ncnc21,5.69,Ki,Ki,2050.0
CCNC(=O)[C@H]1O[C@@H](n2cnc3c(N)ncnc32)[C@H](O)[C@@H]1O,7.46,Ki,Ki,35.0
Nc1ncnc2c1ncn2[C@@H]1O[C@H](C(=O)NC2CC2)[C@@H](O)[C@H]1O,7.3,Ki,Ki,50.0
Nc1ncnc2c1ncn2[C@@H]1O[C@H](C(=O)NCCO)[C@@H](O)[C@H]1O,6.3,Ki,Ki,505.0
O[C@@H]1[C@H](O)[C@@H]2C[C@@H]2[C@H]1n1cnc2c(NC(C3CC3)C3CC3)nc(Cl)nc21,5.4,Ki,Ki,3950.0
Nc1nc(Cl)nc2c1ncn2[C@H]1[C@H](O)[C@H](O)[C@]2(CCl)C[C@H]12,5.76,Ki,Ki,1750.0
CCOC(=O)[C@@]12C[C@@H]1[C@@H](n1cnc3c(NC(C4CC4)C4CC4)nc(Cl)nc31)[C@H](O)[C@@H]2O,5.8,Ki,Ki,1570.0
CNC(=O)[C@@]12C[C@@H]1[C@@H](n1cnc3c(NC(C4CC4)C4CC4)nc(Cl)nc31)[C@H](O)[C@@H]2O,5.37,Ki,Ki,4320.0
CNC(=O)[C@]12C[C@@H]1[C@@H](n1cnc3c(NC4CCCC4)nc(Cl)nc31)[C@H](O)[C@@H]2O,5.49,Ki,Ki,3250.0
O=C(NC1CC1)[C@@]12C[C@@H]1[C@@H](n1cnc3c(N[C@H]4C[C@H]5CC[C@@H]4C5)nc(Cl)nc31)[C@H](O)[C@@H]2O,6.28,Ki,Ki,520.0
O=C(NCCO)[C@@]12C[C@@H]1[C@@H](n1cnc3c(N[C@H]4C[C@H]5CC[C@@H]4C5)nc(Cl)nc31)[C@H](O)[C@@H]2O,5.27,Ki,Ki,5400.0
OC[C@@]12C[C@@H]1[C@@H](n1cnc3c(N[C@H]4C[C@H]5CC[C@@H]4C5)nc(Cl)nc31)[C@H](O)[C@@H]2O,5.37,Ki,Ki,4260.0
CNC(=O)[C@H]1O[C@@H](n2cnc3c(N)ncnc32)[C@H](O)[C@@H]1O,6.33,Ki,Ki,466.0
CCNC(=O)[C@H]1O[C@@H](n2cnc3c(N)ncnc32)[C@H](O)[C@@H]1O,8.66,Ki,Ki,2.2
COCCOc1ccc(N2CCN(CCn3ncc4c3nc(N)n3nc(-c5ccco5)nc43)CC2)cc1,8.96,Ki,Ki,1.1
Cn1cc2c(nc(NNC(=O)OC(C)(C)C)n3nc(-c4ccco4)nc23)n1,5.41,Ki,Ki,3900.0
Cn1cc2c(nc(NCCNC(=O)OC(C)(C)C)n3nc(-c4ccco4)nc23)n1,6.21,Ki,Ki,624.0
Cn1cc2c(nc(NCCCNC(=O)OC(C)(C)C)n3nc(-c4ccco4)nc23)n1,6.71,Ki,Ki,195.0
Cn1cc2c(nc(NCCCCNC(=O)OC(C)(C)C)n3nc(-c4ccco4)nc23)n1,6.5,Ki,Ki,313.0
Cn1cc2c(nc(NCCCCCNC(=O)OC(C)(C)C)n3nc(-c4ccco4)nc23)n1,6.46,Ki,Ki,346.0
Cn1cc2c(nc(NCCOCCOCCNC(=O)OC(C)(C)C)n3nc(-c4ccco4)nc23)n1,5.9,Ki,Ki,1260.0
Cn1cc2c(nc(NCCCOCCOCCOCCCNC(=O)OC(C)(C)C)n3nc(-c4ccco4)nc23)n1,6.17,Ki,Ki,674.0
Cn1cc2c(nc(NCC3CCC(CNC(=O)OC(C)(C)C)CC3)n3nc(-c4ccco4)nc23)n1,5.66,Ki,Ki,2170.0
Cn1cc2c(nc(N3CCN(C(=O)OC(C)(C)C)CC3)n3nc(-c4ccco4)nc23)n1,4.67,Ki,Ki,21400.0
Cl.Cn1cc2c(nc(NN)n3nc(-c4ccco4)nc23)n1,6.63,Ki,Ki,233.0
Cl.Cn1cc2c(nc(NCCN)n3nc(-c4ccco4)nc23)n1,6.12,Ki,Ki,756.0
Cl.Cn1cc2c(nc(NCCCN)n3nc(-c4ccco4)nc23)n1,6.6,Ki,Ki,253.0
Cl.Cn1cc2c(nc(NCCCCN)n3nc(-c4ccco4)nc23)n1,6.77,Ki,Ki,169.0
Cl.Cn1cc2c(nc(NCCCCCN)n3nc(-c4ccco4)nc23)n1,7.28,Ki,Ki,52.6
Cl.Cn1cc2c(nc(NCCOCCOCCN)n3nc(-c4ccco4)nc23)n1,6.5,Ki,Ki,314.0
Cl.Cn1cc2c(nc(NCCCOCCOCCOCCCN)n3nc(-c4ccco4)nc23)n1,6.46,Ki,Ki,348.0
Cl.Cn1cc2c(nc(NCC3CCC(CN)CC3)n3nc(-c4ccco4)nc23)n1,6.17,Ki,Ki,682.0
Cl.Cn1cc2c(nc(N3CCNCC3)n3nc(-c4ccco4)nc23)n1,4.89,Ki,Ki,12900.0
Cn1cc2c(nc(NNC(=S)Nc3ccc(-c4c5ccc(=O)cc-5oc5cc(O)ccc45)c(C(=O)O)c3)n3nc(-c4ccco4)nc23)n1,5.61,Ki,Ki,2480.0
Cn1cc2c(nc(NCCCNC(=S)Nc3ccc(-c4c5ccc(=O)cc-5oc5cc(O)ccc45)c(C(=O)O)c3)n3nc(-c4ccco4)nc23)n1,6.34,Ki,Ki,460.0
Cn1cc2c(nc(NCCCCNC(=S)Nc3ccc(-c4c5ccc(=O)cc-5oc5cc(O)ccc45)c(C(=O)O)c3)n3nc(-c4ccco4)nc23)n1,5.76,Ki,Ki,1750.0
Cn1cc2c(nc(NCCCCCNC(=S)Nc3ccc(-c4c5ccc(=O)cc-5oc5cc(O)ccc45)c(C(=O)O)c3)n3nc(-c4ccco4)nc23)n1,6.04,Ki,Ki,920.0
Cn1cc2c(nc(NCCCOCCOCCOCCCNC(=S)Nc3ccc(-c4c5ccc(=O)cc-5oc5cc(O)ccc45)c(C(=O)O)c3)n3nc(-c4ccco4)nc23)n1,5.22,Ki,Ki,6010.0
CC(=O)COc1cccc2cc(-c3ccccc3)c(=O)oc12,4.79,Ki,Ki,16.1
CCOc1cccc2cc(-c3ccccc3)c(=O)oc12,4.26,Ki,Ki,55.0
Cc1cccc2cc(-c3ccccc3)c(=O)oc12,4.38,Ki,Ki,42.1
COc1ccc(-c2cc3cccc(C)c3oc2=O)cc1OC,4.59,Ki,Ki,25.9
COc1cc(-c2cc3cccc(C)c3oc2=O)cc(OC)c1OC,4.48,Ki,Ki,32.9
COc1cccc2cc(-c3ccc([N+](=O)[O-])cc3)c(=O)oc12,4.23,Ki,Ki,59.1
CC(=O)Oc1cccc2cc(-c3ccccc3)c(=O)oc12,4.45,Ki,Ki,35.7
CC(=O)Oc1ccc2cc(-c3ccccc3)c(=O)oc2c1OC(C)=O,4.68,Ki,Ki,21.1
CC(=O)Oc1ccc(-c2cc3cccc(OC(C)=O)c3oc2=O)cc1OC(C)=O,4.19,Ki,Ki,64.4
O=c1oc2c(O)cccc2cc1-c1ccccc1,4.37,Ki,Ki,42.3
O=c1oc2c(O)c(O)ccc2cc1-c1ccccc1,4.92,Ki,Ki,12.1
O=c1oc2c(O)c(O)ccc2cc1-c1ccc(O)cc1,4.26,Ki,Ki,55.3
O=c1oc2c(O)cccc2cc1-c1ccc(O)c(O)c1,4.85,Ki,Ki,14.0
O=c1oc2c(O)c(O)ccc2cc1-c1ccc(O)c(O)c1,4.59,Ki,Ki,25.5
Cn1c(=O)c2nc[nH]c2n(C)c1=O.O,5.77,Ki,Ki,1.71
CCOC(=O)c1nc(N)c(=O)n(-c2ccccc2)n1,5.31,Ki,Ki,4.9
Nc1nc(-c2ccccc2)nn1C(=O)c1ccco1,6.89,Ki,Ki,0.13
Oc1cccc(-c2nc(N3CCCCC3)c3nc[nH]c3n2)c1,6.5,Ki,pKi,6.5
Oc1ccc(-c2nc(N3CCCCC3)c3nc[nH]c3n2)cc1,7.0,Ki,pKi,7.0
Clc1ccc(-c2nc(N3CCCCC3)c3nc[nH]c3n2)cc1,5.5,Ki,pKi,5.5
CCCn1c(=O)c2c(nc3cc(OC)ccn32)n(CCCNC(=O)c2ccc(S(=O)(=O)F)cc2)c1=O,5.9,Ki,pKi(app),5.9
CCCn1c(=O)c2c(nc3cc(OC)ccn32)n(CCCNC(=O)c2ccc(S(C)(=O)=O)cc2)c1=O,5.2,Ki,pKi(app),5.2
O=C(O)C[C@H]1CC[C@@H](Oc2ccc(-c3ccc(-c4nc5cc(F)ccc5[nH]4)cn3)cn2)CC1,6.38,IC50,IC50,0.42
N#Cc1ccc2[nH]c(-c3ccc(-c4ccc(O[C@H]5CC[C@@H](CC(=O)O)CC5)nc4)nc3)nc2c1,6.37,IC50,IC50,0.43
O=C(O)C[C@H]1CC[C@@H](Oc2ccc(-c3ccc(-c4nc5ccccc5[nH]4)cn3)cn2)CC1,6.35,IC50,IC50,0.45
O=C(O)C[C@H]1CC[C@@H](Oc2ccc(-c3ccc(-c4nc5cc(C(F)(F)F)cnc5[nH]4)cn3)cn2)CC1,6.01,IC50,IC50,0.97
COc1ccc2[nH]c(-c3ccc(-c4ccc(O[C@H]5CC[C@@H](CC(=O)O)CC5)nc4)nc3)nc2n1,5.92,IC50,IC50,1.2
Cc1ccc2[nH]c(-c3ccc(-c4ccc(O[C@H]5CC[C@@H](CC(=O)O)CC5)nc4)nc3)nc2n1,6.31,IC50,IC50,0.49
O=C(O)C[C@H]1CC[C@H](OC2CCN(c3ccc(-c4nc5cc(C(F)(F)F)ccc5[nH]4)cn3)CC2)CC1,5.75,IC50,IC50,1.8
O=C(O)C[C@H]1CC[C@H](OC2CCN(c3ccc(-c4nc5cc(Cl)ccc5[nH]4)cn3)CC2)CC1,6.17,IC50,IC50,0.68
O=C(O)C[C@H]1CC[C@H](OC2CCN(c3ccc(-c4nc5c(F)cc(F)cc5[nH]4)cn3)CC2)CC1,6.28,IC50,IC50,0.52
O=C(O)C[C@H]1CC[C@H](OC2CCN(c3ccc(-c4nc5cc(F)c(F)cc5[nH]4)cn3)CC2)CC1,5.46,IC50,IC50,3.48
O=C(O)C[C@H]1CC[C@H](OC2CCN(c3ccc(-c4nc5c(F)cccc5[nH]4)cn3)CC2)CC1,6.04,IC50,IC50,0.91
COc1cc(CCNc2nc(C#Cc3ccccc3F)nc3c2ncn3[C@H]2[C@H](O)[C@H](O)[C@@H]3C[C@@H]32)ccc1O,5.23,Ki,Ki,5850.0
Nc1nc(NCc2ccc(Cl)cc2)nc(-c2ccccc2CO)n1,6.52,Ki,Ki,300.0
Nc1nc(NCc2ccc(Cl)cc2)nc(-c2ccccc2CO)n1,5.17,Ki,Ki,6700.0
Nc1nc(NCc2ccc(Cl)cc2)nc(-c2ccccc2CO)n1,5.77,Ki,Ki,1700.0
CCCn1c(=O)c2[nH]c(C3CCCC3)nc2n(CCC)c1=O,6.88,IC50,IC50,132.0
N#Cc1c(N)nc(SCc2cccnc2)c(C#N)c1-c1ccco1,7.08,IC50,IC50,83.0
N#Cc1c(N)nc(SCc2cccc(C(N)=O)c2)c(C#N)c1-c1ccco1,7.24,IC50,IC50,58.0
COC(=O)c1cccc(CSc2nc(N)c(C#N)c(-c3ccco3)c2C#N)c1,6.5,IC50,IC50,313.0
N#Cc1c(N)nc(SCc2cccc(CO)c2)c(C#N)c1-c1ccco1,7.66,IC50,IC50,22.0
CCCn1c(=O)c2[nH]c(C3CCCC3)nc2n(CCC)c1=O,7.01,Ki,Ki,97.0
N#Cc1c(NCc2ccccc2)nc(SCCO)c(C#N)c1-c1ccco1,6.34,Ki,Ki,461.0
COC(=O)c1cccc(CSc2nc(N)c(C#N)c(-c3cccnc3)c2C#N)c1,6.2,Ki,Ki,636.0
COC(=O)c1cccc(CSc2nc(N)c(C#N)c(-c3cccs3)c2C#N)c1,6.16,Ki,Ki,693.0
COC(=O)c1cccc(CSc2nc(N)c(C#N)c(-c3ccoc3)c2C#N)c1,7.02,Ki,Ki,96.0
N#Cc1c(N)nc(SCc2ccccn2)c(C#N)c1-c1ccco1,6.97,Ki,Ki,108.0
N#Cc1c(N)nc(SCc2cccnc2)c(C#N)c1-c1ccco1,7.62,Ki,Ki,24.0
N#Cc1c(N)nc(SCc2ccncc2)c(C#N)c1-c1ccco1,6.94,Ki,Ki,114.0
N#Cc1cccc(CSc2nc(N)c(C#N)c(-c3ccco3)c2C#N)c1,7.03,Ki,Ki,93.0
N#Cc1c(N)nc(SCc2cccc(C(=O)O)c2)c(C#N)c1-c1ccco1,6.24,Ki,Ki,581.0
N#Cc1c(N)nc(SCc2cccc(C(N)=O)c2)c(C#N)c1-c1ccco1,7.17,Ki,Ki,67.0
COC(=O)c1cccc(CSc2nc(N)c(C#N)c(-c3ccco3)c2C#N)c1,7.17,Ki,Ki,68.0
N#Cc1c(N)nc(SCc2cccc(CO)c2)c(C#N)c1-c1ccco1,7.51,Ki,Ki,31.0
N#Cc1c(N)nc(SCC(=O)c2ccccc2)c(C#N)c1-c1ccco1,6.65,Ki,Ki,224.0
N#CCSc1nc(N)c(C#N)c(-c2ccco2)c1C#N,6.05,Ki,Ki,887.0
O=C(c1ccc(C(=O)N2CCCCCC2)cc1)c1cnc2ccc(F)cn12,7.92,Ki,Ki,12.0
CC1=C(C(=O)OC(C)C)C(c2ccco2)n2c(nc3ccccc32)N1,7.55,Ki,Ki,28.0
CCn1c(=O)c2nc(C3CCCC3)[nH]c2n(CC)c1=O,6.8,Ki,Ki,157.0
Nc1nc(NCCc2ccc(O)cc2)nc2nc(-c3ccco3)nn12,8.72,Ki,Ki,1.9
COc1ccc(-c2cc(-c3cccc(Br)c3)c(C#N)c(N)n2)cc1,4.42,Ki,pKi,4.42
O=C(Cn1cc(-c2ccccc2)c2ncn(C3CC3)c(=O)c21)NCc1ccc(F)cc1,4.44,Ki,pKi,4.44
Nc1nc(NCCc2ccc(O)cc2)nc2nc(-c3ccco3)nn12,9.52,Ki,pKi,9.52
CCn1c(=O)c2c(C)c(C(=O)N3CCC(O)CC3)sc2n(CCC(F)(F)F)c1=O,6.09,IC50,IC50,820.0
CN1CCN(CCNc2nc(N)n3nc(-c4ccco4)nc3n2)CC1,7.51,Ki,Ki,31.0
Nc1nc(NCCCN2CCN(c3ccccc3)CC2)nc2nc(-c3ccco3)nn12,8.89,Ki,Ki,1.3
Nc1nc(NCCN2CCC(c3ccccc3)CC2)nc2nc(-c3ccco3)nn12,8.42,Ki,Ki,3.8
Nc1nc(NCCN2CCN(c3ccc(F)cc3F)CC2)nc2nc(-c3ccco3)nn12,9.48,Ki,Ki,0.33
Nc1nc(NCCc2ccc(O)cc2)nc2nc(-c3ccco3)nn12,9.4,Ki,Ki,0.4
Cn1c(=O)c2c(ncn2C)n(C)c1=O,4.63,Ki,Ki,23.4
Cn1c(=O)c2c(nc3n2CCN(Cc2ccccc2)C3)n(C)c1=O,5.97,Ki,Ki,1.06
Cn1c(=O)c2c(nc3n2CCN(Cc2ccc(Cl)c(Cl)c2)C3)n(C)c1=O,5.82,Ki,Ki,1.51
Cn1c(=O)c2c(nc3n2CCN(Cc2csc(-c4ccc(Cl)cc4)n2)C3)n(C)c1=O,6.46,Ki,Ki,0.346
Cn1c(=O)c2c(nc3n2CCN(Cc2csc(-c4cccc(Cl)c4)n2)C3)n(C)c1=O,6.44,Ki,Ki,0.363
Cn1c(=O)c2c(nc3n2CCN(Cc2csc(-c4ccc(C(F)(F)F)cc4)n2)C3)n(C)c1=O,6.66,Ki,Ki,0.217
Cn1c(=O)c2c(nc3n2CCN(Cc2csc(-c4cccs4)n2)C3)n(C)c1=O,6.69,Ki,Ki,0.203
Cn1c(=O)c2c(nc3n2CCN([C@@H]2CCCc4ccccc42)C3)n(C)c1=O,6.22,Ki,Ki,0.595
Cn1c(=O)c2c(nc3n2CCN(CCCc2cccc(Br)c2)C3)n(C)c1=O,6.29,Ki,Ki,0.512
Cn1c(=O)c2c(nc3n2CCN(CCCc2ccc(Cl)cc2)C3)n(C)c1=O,6.64,Ki,Ki,0.23
Cn1c(=O)c2c(nc3n2CCN(c2cccc(Cl)c2)C3)n(C)c1=O,5.05,Ki,Ki,8.86
CC(C)n1cc(-c2ncc(N)nc2-c2ccc(F)cc2)ccc1=O,5.75,Ki,Ki,1.76
Cn1c(=O)c2c(ncn2C)n(C)c1=O,4.63,Ki,Ki,23.4
CCn1c(=O)c2c(nc(/C=C/c3ccc(OC)c(OC)c3)n2C)n(CC)c1=O,7.04,Ki,Ki,0.0912
Cn1c(=O)c2c(nc3n2CCCN3Cc2cccc(Cl)c2)n(C)c1=O,5.69,Ki,Ki,2.03
Cn1c(=O)c2c(nc3n2CCN3Cc2cccc(Br)c2)n(C)c1=O,6.43,Ki,Ki,0.369
Cn1c(=O)c2c(nc3n2CCN3Cc2ccccc2Br)n(C)c1=O,6.05,Ki,Ki,0.887
COc1ccccc1CN1CCn2c1nc1c2c(=O)n(C)c(=O)n1C,6.11,Ki,Ki,0.784
Cn1c(=O)c2c(nc3n2CCCN3Cc2ccccc2F)n(C)c1=O,5.92,Ki,Ki,1.21
Cn1c(=O)c2c(nc3n2CCCN3CCc2cccnc2)n(C)c1=O,5.52,Ki,Ki,3.04
Cn1c(=O)c2c(nc3n2CCCN3Cc2ccc(F)c(Br)c2)n(C)c1=O,5.08,Ki,Ki,8.27
Cn1c(=O)c2c(nc3n2CCCN3Cc2cccs2)n(C)c1=O,5.7,Ki,Ki,2.02
COc1ccc(CN2CCCn3c2nc2c3c(=O)n(C)c(=O)n2C)cc1Cl,5.1,Ki,Ki,8.0
Cn1c(=O)c2c(nc3n2CCCN3Cc2ccc(Cl)cc2F)n(C)c1=O,5.05,Ki,Ki,8.91
Cn1c(=O)c2c(nc3n2CCCN3Cc2cccc(Br)c2)n(C)c1=O,5.77,Ki,Ki,1.7
Cn1c(=O)c2c(nc3n2CCCN3Cc2ccccc2Br)n(C)c1=O,5.79,Ki,Ki,1.61
COc1ccc(Cl)c(CN2CCCn3c2nc2c3c(=O)n(C)c(=O)n2C)c1F,6.2,Ki,Ki,0.627
Cc1ccccc1CN1CCCn2c1nc1c2c(=O)n(C)c(=O)n1C,5.99,Ki,Ki,1.02
Cn1c(=O)c2c(nc3n2CCCN3Cc2c(F)cccc2Cl)n(C)c1=O,6.72,Ki,Ki,0.189
Cn1c(=O)c2c(nc3n2CCCCN3Cc2ccccc2Cl)n(C)c1=O,6.05,Ki,Ki,0.881
Cn1c(=O)c2c(nc3n2CCCCN3Cc2ccccc2Br)n(C)c1=O,6.12,Ki,Ki,0.767
COc1ccccc1CN1CCCCn2c1nc1c2c(=O)n(C)c(=O)n1C,6.02,Ki,Ki,0.959
Cn1c(=O)c2c(nc3n2CCCCN3Cc2ccc(Cl)cc2Cl)n(C)c1=O,5.8,Ki,Ki,1.58
CCCn1c(=O)c2[nH]c(C3CCCC3)nc2n(CCC)c1=O,6.8,Ki,Ki,157.0
Nc1nc(NCCc2ccc(O)cc2)nc2nc(-c3ccco3)nn12,8.72,Ki,Ki,1.9
CCOC(=O)C1=C(C)Nc2nc3ccccc3n2C1c1ncco1,8.7,Ki,Ki,2.0
CC1=C(C(=O)OC(C)C)C(c2ncco2)n2c(nc3ccccc32)N1,9.0,Ki,Ki,1.0
CCOC(=O)C1=C(C)Nc2nc3ccccc3n2C1c1nccs1,8.52,Ki,Ki,3.0
CCOC(=O)C1=C(C)Nc2nc3ccccc3n2C1c1ncc[nH]1,8.3,Ki,Ki,5.0
CCOC(=O)C1=C(C)Nc2nc3ccccc3n2C1c1cnco1,6.55,Ki,Ki,282.0
Nc1nc(NCc2ccc(S(N)(=O)=O)cc2)nc2sc(-c3ccco3)nc12,7.06,Ki,Ki,87.0
Nc1nc(NCCc2ccc(S(N)(=O)=O)cc2)nc2sc(-c3ccco3)nc12,6.53,Ki,Ki,295.0
Nc1nc(N2CCN(c3ccc(S(N)(=O)=O)cc3)CC2)nc2sc(-c3ccco3)nc12,8.24,Ki,Ki,5.73
Nc1nc(NCCN2CCN(c3ccc(S(N)(=O)=O)cc3)CC2)nc2sc(-c3ccco3)nc12,7.07,Ki,Ki,86.0
Nc1nc(NCC2CCN(CC(=O)Nc3ccc(S(N)(=O)=O)cc3)CC2)nc2sc(-c3ccco3)nc12,8.7,Ki,Ki,2.02
Nc1nc(NCC2CCN(CC(=O)NCc3ccc(S(N)(=O)=O)cc3)CC2)nc2sc(-c3ccco3)nc12,7.24,Ki,Ki,57.0
Nc1nc(NCC2CCN(CC(=O)NCCc3ccc(S(N)(=O)=O)cc3)CC2)nc2sc(-c3ccco3)nc12,7.22,Ki,Ki,60.0
Nc1nc(N2CCC(CNC(=O)c3ccc(S(N)(=O)=O)cc3)CC2)nc2sc(-c3ccco3)nc12,6.31,Ki,Ki,488.0
Nc1nc(N2CCC(CNC(=O)c3cccc(S(N)(=O)=O)c3)CC2)nc2sc(-c3ccco3)nc12,7.39,Ki,Ki,41.0
Nc1nc(N2CCC(CNC(=O)CN3C(=O)c4ccccc4S3(=O)=O)CC2)nc2sc(-c3ccco3)nc12,6.31,Ki,Ki,488.0
Nc1nc(N2CCC(CNC(=O)CCN3C(=O)c4ccccc4S3(=O)=O)CC2)nc2sc(-c3ccco3)nc12,6.19,Ki,Ki,639.0
CCOC(=O)c1ccc(N2CCN(c3nc(N)c4nc(-c5ccco5)sc4n3)CC2)cc1,6.55,Ki,Ki,279.0
Nc1nc(-c2ccc(OCCN3CCOCC3)cc2)cn2c(=O)n(-c3ccccc3)nc12,6.76,Ki,Ki,174.0
Nc1nc(-c2ccc(OCCN3CCCC3)cc2)cn2c(=O)n(-c3ccccc3)nc12,6.64,Ki,Ki,230.0
Nc1nc(-c2ccc(OCCN3CCCCC3)cc2)cn2c(=O)n(-c3ccccc3)nc12,7.34,Ki,Ki,45.4
Nc1nc(-c2ccc(OCCO)cc2)cn2c(=O)n(-c3ccccc3)nc12,6.6,Ki,Ki,250.0
CN1CCN(CCOc2ccc(-c3cn4c(=O)n(-c5ccccc5)nc4c(N)n3)cc2)CC1,7.07,Ki,Ki,85.2
Nc1nc(-c2ccc(OCC(O)CO)cc2)cn2c(=O)n(-c3ccccc3)nc12,6.45,Ki,Ki,355.0
Nc1nc(-c2ccc(OCC(O)CN3CCCCC3)cc2)cn2c(=O)n(-c3ccccc3)nc12,7.04,Ki,Ki,91.7
Nc1nc(-c2ccc(OCC(O)CN3CCOCC3)cc2)cn2c(=O)n(-c3ccccc3)nc12,6.71,Ki,Ki,197.0
Nc1nc(-c2ccc(NC(=O)CCN3CCCC3)cc2)cn2c(=O)n(-c3ccccc3)nc12,8.37,Ki,Ki,4.31
Nc1nc(-c2ccc(NC(=O)CCN3CCCCC3)cc2)cn2c(=O)n(-c3ccccc3)nc12,8.29,Ki,Ki,5.1
Nc1nc(-c2ccc(NC(=O)CCN3CCOCC3)cc2)cn2c(=O)n(-c3ccccc3)nc12,8.44,Ki,Ki,3.6
CN1CCN(CCC(=O)Nc2ccc(-c3cn4c(=O)n(-c5ccccc5)nc4c(N)n3)cc2)CC1,7.96,Ki,Ki,11.03
Nc1nc(-c2ccc(NC(=O)CCN3CCN(CCO)CC3)cc2)cn2c(=O)n(-c3ccccc3)nc12,8.14,Ki,Ki,7.27
Nc1nc(-c2ccc(NC(=O)CCN3CCN(c4ccccc4)CC3)cc2)cn2c(=O)n(-c3ccccc3)nc12,7.93,Ki,Ki,11.8
NCC1CCN(CCC(=O)Nc2ccc(-c3cn4c(=O)n(-c5ccccc5)nc4c(N)n3)cc2)CC1,6.91,Ki,Ki,123.0
NC(=O)C1CCN(CCC(=O)Nc2ccc(-c3cn4c(=O)n(-c5ccccc5)nc4c(N)n3)cc2)CC1,7.1,Ki,Ki,79.2
CCOC(=O)CCCNc1nc2nn(C)cc2c2nc(-c3ccco3)nn12,6.64,Ki,Ki,231.0
COC(=O)[C@@H]1CCCN1c1nc2nn(C)cc2c2nc(-c3ccco3)nn12,6.37,Ki,Ki,428.0
CCOC(=O)CC[C@H](Nc1nc2nn(C)cc2c2nc(-c3ccco3)nn12)C(=O)OCC,5.57,Ki,Ki,2670.0
CCOC(=O)C[C@H](Nc1nc2nn(C)cc2c2nc(-c3ccco3)nn12)C(=O)OCC,6.35,Ki,Ki,445.0
CCOC(=O)C(Nc1nc2nn(C)cc2c2nc(-c3ccco3)nn12)C(O)c1ccccc1,6.42,Ki,Ki,376.0
CCOC(=O)[C@H](Cc1ccccc1)Nc1nc2nn(C)cc2c2nc(-c3ccco3)nn12,5.89,Ki,Ki,1300.0
CCOC(=O)[C@H](Cc1ccc(O)cc1)Nc1nc2nn(C)cc2c2nc(-c3ccco3)nn12,5.88,Ki,Ki,1302.0
CCOC(=O)C(CO)Nc1nc2nn(C)cc2c2nc(-c3ccco3)nn12,6.46,Ki,Ki,348.0
CCOC(=O)[C@@H](Cc1cc2ccccc2[nH]1)Nc1nc2nn(C)cc2c2nc(-c3ccco3)nn12,6.05,Ki,Ki,889.0
CCOC(=O)C(Nc1nc2nn(C)cc2c2nc(-c3ccco3)nn12)c1ccccc1,6.07,Ki,Ki,860.0
CCCCC(Nc1nc2nn(C)cc2c2nc(-c3ccco3)nn12)C(=O)OCC,6.26,Ki,Ki,551.0
CCOC(=O)C(CC(C)C)Nc1nc2nn(C)cc2c2nc(-c3ccco3)nn12,6.4,Ki,Ki,398.0
CCOC(=O)C(Nc1nc2nn(C)cc2c2nc(-c3ccco3)nn12)C(C)C,5.9,Ki,Ki,1272.0
CCOC(=O)C(C)Nc1nc2nn(C)cc2c2nc(-c3ccco3)nn12,6.09,Ki,Ki,820.0
C[C@H](Nc1nc2nn(C)cc2c2nc(-c3ccco3)nn12)c1ccccc1,7.26,Ki,Ki,55.2
O=C(Nc1nc(-c2ccccc2)c(-c2ccncc2)s1)c1ccco1,8.18,Ki,Ki,6.65
Cc1ccc(C(=O)c2sc(NC(=O)c3ccccc3)nc2-c2ccccc2)cc1,5.2,Ki,Ki,6250.0
COc1ccc(N2CCOCC2)c2sc(NC(=O)N3CCC(C)(O)CC3)nc12,8.08,Ki,Ki,8.3
CCCn1c(=S)sc2c1ncn1nc(-c3ccco3)nc21,9.42,Ki,Ki,0.38
CCCOC(=O)c1c(-c2ccccc2)nc(CC)c(C(=O)SCC)c1CCC,5.44,Ki,Ki,3660.0
CC[C@@H]1CN2C(=O)N(C)c3nc(-c4ccccc4)[nH]c3C2=N1,6.97,Ki,Ki,108.0
CC[C@@H]1CN2C(=O)N(C)c3nc(-c4cc(Cl)cc(Cl)c4Cl)[nH]c3C2=N1,5.57,Ki,Ki,2700.0
CCCn1c(=O)c2nc(C34CC5CC(CC3C5)C4)[nH]c2n(CCC)c1=O,6.97,Ki,Ki,108.0
CCCCn1c(=O)c2[nH]c(C34CC5CC(CC3C5)C4)nc2n(CCCO)c1=O,6.01,Ki,Ki,980.0
Cn1c(=O)c2nc[nH]c2n(C)c1=O.O,5.77,Ki,Ki,1710.0
Cn1c(=O)c2c(ncn2C)n(C)c1=O,4.63,Ki,Ki,23400.0
O=C(Nc1nc(-c2ccccc2)c(C(=O)c2ccc(F)cc2F)s1)c1ccco1,6.88,Ki,Ki,132.0
Cc1ccc(C(=O)c2sc(NC(=O)c3ccco3)nc2-c2ccccc2)cc1,5.92,Ki,Ki,1210.0
O=C(Nc1nc(-c2ccccc2)c(C(=O)c2ccc(Cl)cc2)s1)c1ccccc1,7.41,Ki,Ki,39.1
O=C(Nc1nc(-c2ccccc2)c(-c2ccccn2)s1)c1ccccc1,7.08,Ki,Ki,83.6
O=C(Nc1nc(-c2ccccc2)c(C(=O)c2ccc(F)cc2F)s1)c1ccccc1,7.11,Ki,Ki,77.7
OC[C@H]1O[C@@H](n2cnc3c(NCC(c4ccccc4)c4ccccc4)ncnc32)[C@H](O)[C@@H]1O,6.29,Ki,Ki,510.0
Cn1c(=O)c2c(ncn2C)n(C)c1=O,4.63,Ki,Ki,23400.0
CCn1c(=O)c2c(nc(/C=C/c3ccc(OC)c(OC)c3)n2C)n(CC)c1=O,7.44,Ki,Ki,36.0
Nc1nc2c(cnn2CCc2ccccc2)c2nc(-c3ccco3)nn12,8.96,Ki,Ki,1.1
Nc1nc(NCCc2ccc(O)cc2)nc2nc(-c3ccco3)nn12,9.1,Ki,Ki,0.8
COc1ccc(N2CCOCC2)c2sc(NC(=O)N3CCC(C)(O)CC3)nc12,8.3,Ki,Ki,5.0
Cc1cccnc1CNC(=O)c1cnc(-c2ccco2)nc1N,8.48,Ki,Ki,3.3
Cc1cccnc1CNC(=O)c1c(N)nc(-c2ccco2)nc1OC[C@H](C)O,9.96,Ki,Ki,0.11
Cc1cccnc1CNC(=O)c1c(N)nc(-c2ccco2)nc1OCCF,8.89,Ki,Ki,1.3
COc1nc(-c2ncco2)nc(N)c1C(=O)NCc1c(Cl)cccc1Cl,10.11,Ki,Ki,0.078
Cc1cccnc1CNC(=O)c1cnc(-c2ccco2)nc1N,7.11,IC50,IC50,77.0
Cc1cccnc1CNC(=O)c1c(N)nc(-c2ccco2)nc1OC[C@H](C)O,7.11,IC50,IC50,77.0
COc1nc(-c2ncco2)nc(N)c1C(=O)NCc1c(Cl)cccc1Cl,7.77,IC50,IC50,17.0
Cc1ccc(-c2nc(N)nc3c2nnn3Cc2cccc(CO[C@H]3CCOC3)n2)o1,8.47,Ki,Ki,3.4
Cc1ccc(-c2nc(N)nc3c2nnn3Cc2cccc(CO[C@H]3CCOC3)n2)o1,7.77,IC50,IC50,17.0
Cc1ccc(-c2nc(N)nc3c2nnn3Cc2cccc(CO[C@H]3CCOC3)n2)o1,7.16,IC50,IC50,70.0
NC(=O)Cc1cc(N2CCN(CCn3c(=O)sc4c3nc(N)n3nc(-c5ccco5)nc43)CC2)c(F)cc1F,9.3,IC50,IC50,0.5
C[S+]([O-])CCOc1cc(N2CCN(CCn3c(=O)sc4c3nc(N)n3nc(-c5ccco5)nc43)CC2)c(F)cc1F,9.22,IC50,IC50,0.6
NC(=O)Cc1cc(N2CCN(CCn3c(=O)sc4c3nc(N)n3nc(-c5ccco5)nc43)CC2)c(F)cc1F,8.7,IC50,IC50,2.0
C[S+]([O-])CCOc1cc(N2CCN(CCn3c(=O)sc4c3nc(N)n3nc(-c5ccco5)nc43)CC2)c(F)cc1F,8.7,IC50,IC50,2.0
NC(=O)Cc1cc(N2CCN(CCn3c(=O)sc4c3nc(N)n3nc(-c5ccco5)nc43)CC2)c(F)cc1F,7.31,IC50,IC50,49.0
C[S+]([O-])CCOc1cc(N2CCN(CCn3c(=O)sc4c3nc(N)n3nc(-c5ccco5)nc43)CC2)c(F)cc1F,7.6,IC50,IC50,25.0
NC(=O)Cc1cc(N2CCN(CCn3c(=O)sc4c3nc(N)n3nc(-c5ccco5)nc43)CC2)c(F)cc1F,7.7,IC50,IC50,20.0
COCCOc1ccc(N2CCN(CCn3ncc4c3nc(N)n3nc(-c5ccco5)nc43)CC2)cc1,8.96,Ki,Ki,1.1
Nc1nc(-n2cccn2)nc(-n2cccn2)c1Br,7.92,Ki,Ki,12.0
Nc1nc(-n2cccn2)nc(-n2cccn2)c1Br,7.6,IC50,IC50,25.0
Nc1nc(-n2cc(O)cn2)nc(-n2cccn2)c1Br,7.3,Ki,Ki,50.0
Cc1cc(-c2nnc(N)nc2-c2ccc(F)cc2)cc(C)n1,8.77,Ki,Ki,1.7
Cc1cc(-c2nnc(N)nc2-c2ccc(F)cc2)cc(C)n1,6.84,IC50,IC50,142.9
Cc1cc(-c2nnc(N)nc2-c2ccc(F)cc2)cc(C)n1,9.1,IC50,IC50,0.79
Cc1cc(-c2nnc(N)nc2-c2ccc(F)cc2)cc(C)n1,8.0,IC50,IC50,10.0
Nc1nc(-c2ccc(S(N)(=O)=O)cc2)cn2c(=O)n(-c3ccccc3)nc12,6.07,Ki,Ki,856.6
CN(C)c1nc(-c2ccc(S(N)(=O)=O)cc2)cn2c(=O)n(-c3ccccc3)nc12,5.41,Ki,Ki,3886.5
CCOC(=O)CNc1ccc(-c2cn3c(=O)n(-c4ccccc4)nc3c(N)n2)cc1,5.2,Ki,Ki,6296.0
Nc1nc(-c2ccc(NC(=O)CCC(=O)O)cc2)cn2c(=O)n(-c3ccccc3)nc12,6.24,Ki,Ki,573.0
COc1ccc(C(=O)Nc2ccc(-c3cn4c(=O)n(-c5ccccc5)nc4c(N)n3)cc2)cc1,9.15,Ki,Ki,0.7
COc1ccc(C(=O)Nc2ccc(-c3cn4c(=O)n(-c5ccccc5)nc4c(N)n3)cc2)cc1OC,7.69,Ki,Ki,20.6
Nc1nc(-c2ccc(NC(=O)c3ccc(O)cc3)cc2)cn2c(=O)n(-c3ccccc3)nc12,7.38,Ki,Ki,41.2
Nc1nc(-c2ccc(NC(=O)c3ccc(O)c(O)c3)cc2)cn2c(=O)n(-c3ccccc3)nc12,8.05,Ki,Ki,9.0
CCOC(=O)c1ccc(C(=O)Nc2ccc(-c3cn4c(=O)n(-c5ccccc5)nc4c(N)n3)cc2)cc1,5.87,Ki,Ki,1357.0
Nc1nc(-c2ccc(NC(=O)c3ccc(C(=O)O)cc3)cc2)cn2c(=O)n(-c3ccccc3)nc12,7.09,Ki,Ki,81.2
Nc1nc(-c2ccc(NC(=O)c3ccc(C(=O)NO)cc3)cc2)cn2c(=O)n(-c3ccccc3)nc12,7.44,Ki,Ki,36.0
Nc1nc(-c2ccc(NC(=O)c3ccc(S(N)(=O)=O)cc3)cc2)cn2c(=O)n(-c3ccccc3)nc12,8.19,Ki,Ki,6.4
Nc1nc(-c2ccc(NC(=O)c3cccc(S(N)(=O)=O)c3)cc2)cn2c(=O)n(-c3ccccc3)nc12,7.87,Ki,Ki,13.5
Nc1nc(-c2ccc(NCc3ccc(S(N)(=O)=O)cc3)cc2)cn2c(=O)n(-c3ccccc3)nc12,7.55,Ki,Ki,27.9
Nc1nc(-c2ccc(NCC(=O)c3ccc(S(N)(=O)=O)cc3)cc2)cn2c(=O)n(-c3ccccc3)nc12,7.58,Ki,Ki,26.0
Nc1nc(-c2ccc(NC(=O)CCNCCc3ccc(S(N)(=O)=O)cc3)cc2)cn2c(=O)n(-c3ccccc3)nc12,7.97,Ki,Ki,10.6
Nc1nc(-c2ccc(NC(=O)CCNCc3ccc(S(N)(=O)=O)cc3)cc2)cn2c(=O)n(-c3ccccc3)nc12,7.02,Ki,Ki,96.3
Nc1nc(-c2ccc(NC(=O)CCNC(=O)c3ccc(S(N)(=O)=O)cc3)cc2)cn2c(=O)n(-c3ccccc3)nc12,6.97,Ki,Ki,108.0
Nc1nc(-c2ccc(NC(=O)CCNC(=O)c3cccc(S(N)(=O)=O)c3)cc2)cn2c(=O)n(-c3ccccc3)nc12,8.04,Ki,Ki,9.2
Nc1nc(-c2ccc(OCCNCCc3ccc(S(N)(=O)=O)cc3)cc2)cn2c(=O)n(-c3ccccc3)nc12,7.06,Ki,Ki,87.9
Nc1nc(-c2ccc(OCCNC(=O)c3ccc(S(N)(=O)=O)cc3)cc2)cn2c(=O)n(-c3ccccc3)nc12,8.17,Ki,Ki,6.8
CCNC(=O)[C@H]1O[C@@H](n2cnc3c(N)ncnc32)[C@H](O)[C@@H]1O,7.8,Ki,Ki,16.0
OC[C@H]1O[C@@H](n2cnc3c(NC4CCCC4)nc(Cl)nc32)[C@H](O)[C@@H]1O,5.69,Ki,Ki,2050.0
Nc1nc(-c2ccc(NC(=O)c3ccc(S(N)(=O)=O)cc3)cc2)cn2c(=O)n(-c3ccccc3)nc12,7.04,IC50,IC50,90.8
Nc1nc(-c2ccc(NC(=O)CCNC(=O)c3ccc(S(N)(=O)=O)cc3)cc2)cn2c(=O)n(-c3ccccc3)nc12,6.03,IC50,IC50,926.0
CCN(CC)CC.CCN(CC)CC.Cn1cc2c(nc(NC(=O)CCCc3cn(CCCCCCNC(=O)c4ccc(-c5c6ccc(=N)c(S(=O)(=O)O)c-6oc6c(S(=O)(=O)O)c(N)ccc56)c(C(=O)O)c4)nn3)n3nc(-c4ccco4)nc23)n1,7.05,Ki,Ki,90.0
C#CCCCCCNC(=O)Nc1nc2nn(C)cc2c2nc(-c3ccco3)nn12,6.32,Ki,Ki,482.0
C#CCCCCNC(=O)Nc1nc2nn(C)cc2c2nc(-c3ccco3)nn12,6.82,Ki,Ki,151.0
C#CCCCNC(=O)Nc1nc2nn(C)cc2c2nc(-c3ccco3)nn12,6.7,Ki,Ki,199.0
C#CCCNC(=O)Nc1nc2nn(C)cc2c2nc(-c3ccco3)nn12,6.88,Ki,Ki,133.0
Cn1cc2c(nc(NC(=O)Nc3ccc(CC(=O)OCCCOCCOCCOCCCNC(=S)Nc4ccc(-c5c6ccc(=O)cc-6oc6cc(O)ccc56)c(C(=O)O)c4)cc3)n3nc(-c4ccco4)nc23)n1,7.04,Ki,Ki,91.5
Cn1cc2c(nc(NC(=O)Nc3ccc(CC(=O)OCCOCCOCCNC(=S)Nc4ccc(-c5c6ccc(=O)cc-6oc6cc(O)ccc56)c(C(=O)O)c4)cc3)n3nc(-c4ccco4)nc23)n1,7.02,Ki,Ki,95.7
Cn1cc2c(nc(NC(=O)Nc3ccc(CC(=O)OCCCCCNC(=S)Nc4ccc(-c5c6ccc(=O)cc-6oc6cc(O)ccc56)c(C(=O)O)c4)cc3)n3nc(-c4ccco4)nc23)n1,6.97,Ki,Ki,106.0
Cn1cc2c(nc(NC(=O)Nc3ccc(CC(=O)OCCCCNC(=S)Nc4ccc(-c5c6ccc(=O)cc-6oc6cc(O)ccc56)c(C(=O)O)c4)cc3)n3nc(-c4ccco4)nc23)n1,7.22,Ki,Ki,60.4
Cn1cc2c(nc(NC(=O)Nc3ccc(CC(=O)OCCCNC(=S)Nc4ccc(-c5c6ccc(=O)cc-6oc6cc(O)ccc56)c(C(=O)O)c4)cc3)n3nc(-c4ccco4)nc23)n1,6.96,Ki,Ki,110.0
Cn1cc2c(nc(NC(=O)Nc3ccc(CC(=O)OCCCOCCOCCOCCCN)cc3)n3nc(-c4ccco4)nc23)n1.O=C(O)C(F)(F)F,6.48,Ki,Ki,328.0
Cn1cc2c(nc(NC(=O)Nc3ccc(CC(=O)OCCOCCOCCN)cc3)n3nc(-c4ccco4)nc23)n1.O=C(O)C(F)(F)F,6.57,Ki,Ki,267.0
Cn1cc2c(nc(NC(=O)Nc3ccc(CC(=O)OCCCCCN)cc3)n3nc(-c4ccco4)nc23)n1.O=C(O)C(F)(F)F,6.69,Ki,Ki,203.0
Cn1cc2c(nc(NC(=O)Nc3ccc(CC(=O)OCCCCN)cc3)n3nc(-c4ccco4)nc23)n1.O=C(O)C(F)(F)F,6.76,Ki,Ki,172.0
Cn1cc2c(nc(NC(=O)Nc3ccc(CC(=O)OCCCN)cc3)n3nc(-c4ccco4)nc23)n1.O=C(O)C(F)(F)F,6.76,Ki,Ki,175.0
Cn1cc2c(nc(NC(=O)Nc3ccc(CC(=O)OCCCOCCOCCOCCCNC(=O)OC(C)(C)C)cc3)n3nc(-c4ccco4)nc23)n1,6.49,Ki,Ki,327.0
Cn1cc2c(nc(NC(=O)Nc3ccc(CC(=O)OCCOCCOCCNC(=O)OC(C)(C)C)cc3)n3nc(-c4ccco4)nc23)n1,6.34,Ki,Ki,456.0
Cn1cc2c(nc(NC(=O)Nc3ccc(CC(=O)OCCCCCNC(=O)OC(C)(C)C)cc3)n3nc(-c4ccco4)nc23)n1,6.42,Ki,Ki,376.0
Cn1cc2c(nc(NC(=O)Nc3ccc(CC(=O)OCCCCNC(=O)OC(C)(C)C)cc3)n3nc(-c4ccco4)nc23)n1,6.52,Ki,Ki,304.0
Cn1cc2c(nc(NC(=O)Nc3ccc(CC(=O)OCCCNC(=O)OC(C)(C)C)cc3)n3nc(-c4ccco4)nc23)n1,6.82,Ki,Ki,150.0
Cn1cc2c(nc(NC(=O)Nc3ccc(CC(=O)O)cc3)n3nc(-c4ccco4)nc23)n1,6.0,Ki,Ki,1010.0
CCCNc1nc(C#Cc2ccc(F)s2)nc2c1ncn2[C@@H]1O[C@H](C(=O)NC)[C@@H](O)[C@H]1O,5.61,Ki,Ki,2460.0
CNC(=O)[C@@]12C[C@@H]1[C@@H](n1cnc3c(NC)nc(C#Cc4ccc(F)s4)nc31)[C@H](O)[C@@H]2O,5.33,Ki,Ki,4620.0
CCCNc1nc(C#Cc2ccc(F)s2)nc2c1ncn2[C@H]1[C@H](O)[C@H](O)[C@]2(C(=O)NC)C[C@H]12,6.08,Ki,Ki,838.0
COc1ccc(N2CCOCC2)c2sc(NC(=O)N3CCCCC3)nc12,8.22,Ki,Ki,6.0
COc1ccc(N2CCOCC2)c2sc(NC(=O)N3CC=CCC3)nc12,8.62,Ki,Ki,2.4
COc1ccc(N2CCOCC2)c2sc(NC(=O)N3CCC(O)CC3)nc12,8.42,Ki,Ki,3.8
COc1ccc(N2CCOCC2)c2sc(NC(=O)N3CCC(OC)CC3)nc12,7.48,Ki,Ki,33.0
COc1ccc(N2CCOCC2)c2sc(NC(=O)N3CCC(F)CC3)nc12,8.31,Ki,Ki,4.9
COc1ccc(N2CCOCC2)c2sc(NC(=O)N3CCCC(F)C3)nc12,8.19,Ki,Ki,6.4
COc1ccc(N2CCOCC2)c2sc(NC(=O)N3CCC(CF)CC3)nc12,8.44,Ki,Ki,3.6
COc1ccc(N2CCOCC2)c2sc(NC(=O)N3CCC(OCCF)CC3)nc12,7.62,Ki,Ki,23.9
COc1ccc(N2CCOCC2)c2sc(NC(=O)N3CCC(COCCF)CC3)nc12,7.46,Ki,Ki,35.1
COc1ccc(N2CCOCC2)c2sc(NC(=O)N3CCC(C)(O)CC3)nc12,8.41,Ki,Ki,3.9
COc1ccc(N2CCOCC2)c2sc(NC(=O)N3CCC(F)(CO)CC3)nc12,8.44,Ki,Ki,3.6
COc1ccc(N2CCOCC2)c2sc(NC(=O)N3CCC(O)(CF)CC3)nc12,8.55,Ki,Ki,2.8
COc1ccc(N2CCOCC2)c2sc(NC(=O)N3CCC(O)(CCF)CC3)nc12,8.03,Ki,Ki,9.4
COc1ccc(N2CCOCC2)c2sc(NC(=O)N3CCC(C(O)CF)CC3)nc12,8.19,Ki,Ki,6.4
COc1ccc(N2CCOCC2)c2sc(NC(=O)N3CCC(C(C)(O)CF)CC3)nc12,7.42,Ki,Ki,37.9
CC1(O)CCN(C(=O)Nc2nc3c(OCCF)ccc(N4CCOCC4)c3s2)CC1,6.44,Ki,Ki,361.0
Nc1nc(NCCc2ccc(O)cc2)nc2nc(-c3ccco3)nn12,8.72,Ki,Ki,1.9
CCCn1c(=O)c2[nH]c(C3CCCC3)nc2n(CCC)c1=O,6.8,Ki,Ki,157.0
Nc1nc2c(cnn2CCc2ccccc2)c2nc(-c3ccco3)nn12,7.4,IC50,IC50,40.0
Nc1nc(NCCc2ccc(O)cc2)nc2nc(C3=CCCO3)nn12,8.32,IC50,IC50,4.8
Nc1nc(-n2cccn2)nc(-n2cccn2)c1Br,8.25,IC50,IC50,5.6
CCCn1c(=O)c2[nH]c(-c3ccc(OCC(=O)Nc4ccc(C#N)cc4)cc3)nc2n(CCC)c1=O,6.0,IC50,IC50,1000.0
Nc1nc(-c2ccccc2)cn2c1nc1ccccc12,7.33,IC50,IC50,46.5
COc1ccccc1-c1cn2c(nc3ccccc32)c(N)n1,7.08,IC50,IC50,83.1
COc1cccc(-c2cn3c(nc4ccccc43)c(N)n2)c1,8.0,IC50,IC50,10.1
Nc1nc(-c2cccc(Br)c2)cn2c1nc1ccccc12,8.0,IC50,IC50,10.1
Cc1ccc(-c2cn3c(nc4ccccc43)c(N)n2)cc1,7.84,IC50,IC50,14.4
CC(C)(C)c1ccc(-c2cn3c(nc4ccccc43)c(N)n2)cc1,7.48,IC50,IC50,33.0
COc1ccc(-c2cn3c(nc4ccccc43)c(N)n2)cc1,7.29,IC50,IC50,51.2
Nc1nc(-c2ccc(O)cc2)cn2c1nc1ccccc12,7.09,IC50,IC50,81.3
Nc1nc(-c2ccc(Cl)cc2)cn2c1nc1ccccc12,7.45,IC50,IC50,35.4
Nc1nc(-c2ccc(Br)cc2)cn2c1nc1ccccc12,7.42,IC50,IC50,38.4
Nc1nc(-c2ccc(F)cc2F)cn2c1nc1ccccc12,7.47,IC50,IC50,33.7
Nc1nc(-c2ccc(C(F)(F)F)cc2)cn2c1nc1ccccc12,7.58,IC50,IC50,26.5
Nc1nc(-c2ccc(OC(F)(F)F)cc2)cn2c1nc1ccccc12,6.88,IC50,IC50,130.8
Nc1nc(-c2ccc([N+](=O)[O-])cc2)cn2c1nc1ccccc12,7.14,IC50,IC50,71.9
N#Cc1ccc(-c2cn3c(nc4ccccc43)c(N)n2)cc1,7.13,IC50,IC50,74.4
Nc1nc(-c2ccco2)cn2c1nc1ccccc12,7.49,IC50,IC50,32.6
Nc1nc(Cc2ccccc2)cn2c1nc1ccccc12,8.04,IC50,IC50,9.2
CC(=O)Nc1ccc(-c2cn3c(nc4ccccc43)c(N)n2)cc1,6.51,IC50,IC50,311.8
CC(=O)Nc1cccc(-c2cn3c(nc4ccccc43)c(N)n2)c1,7.31,IC50,IC50,48.6
Nc1nc(CO)cn2c1nc1ccccc12,6.83,IC50,IC50,149.0
COc1cccc(-c2cn3c(nc4cc(F)c(F)cc43)c(N)n2)c1,7.57,IC50,IC50,27.0
Cc1c(-c2ccccc2)nc(N)c2nc3ccccc3n12,6.94,IC50,IC50,113.7
Nc1nc(-c2cccc(Br)c2)cn2c1nc1ccccc12,7.08,IC50,IC50,83.0
Nc1nc(Cc2ccccc2)cn2c1nc1ccccc12,7.51,IC50,IC50,31.0
COc1cccc(-c2cn3c(nc4cc(F)c(F)cc43)c(N)n2)c1,7.11,IC50,IC50,77.0
CCNC(=O)[C@H]1O[C@@H](n2cnc3c(NCCCCc4ccccc4)ncnc32)[C@H](O)[C@@H]1O,5.15,Ki,Ki,7100.0
OC[C@H]1O[C@@H](n2cnc3c(NCCCc4ccccc4)ncnc32)[C@H](O)[C@@H]1O,5.69,Ki,Ki,2050.0
Nc1nc(C#Cc2ccccc2)nc2c1ncn2[C@@H]1O[C@H](CO)[C@@H](O)[C@H]1O,5.98,Ki,Ki,1040.0
Nc1ncnc2c1nc(C#Cc1ccccc1)n2[C@H]1C[C@H](O)[C@@H](CO)O1,5.7,Ki,Ki,1990.0
OC[C@H]1O[C@@H](n2cnc3c(NCCCCc4ccccc4)ncnc32)[C@H](O)[C@@H]1O,4.13,IC50,IC50,74.1
CCNC(=O)[C@H]1O[C@@H](n2cnc3c(NCCCCc4ccccc4)ncnc32)[C@H](O)[C@@H]1O,4.58,IC50,IC50,26.5
CNC(=O)[C@H]1O[C@@H](n2cnc3c(NCCCCc4ccccc4)ncnc32)[C@H](O)[C@@H]1O,4.84,IC50,IC50,14.6
OC[C@H]1O[C@@H](n2cnc3c(NCCCCc4ccccc4)nc(Cl)nc32)[C@H](O)[C@@H]1O,4.66,IC50,IC50,22.0
OC[C@H]1O[C@@H](n2cnc3c(NCCCc4ccccc4)ncnc32)[C@H](O)[C@@H]1O,4.69,IC50,IC50,20.3
Cn1cc(-c2c(-c3ccccc3)nc(N)n3nc(Cc4ncccc4F)nc23)ccc1=O,9.24,IC50,IC50,0.57
Nc1nc(-c2ccc(F)cc2)c(-c2ccc(=O)[nH]c2)c2nc(Cc3ccc(F)cn3)nn12,9.52,IC50,IC50,0.3
Nc1nc(-c2ccccc2)c(-c2ccnnc2)c2nc(Cc3ncccc3F)nn12,8.04,IC50,IC50,9.07
COc1ccc(Cc2nc3c(-c4ccc(=O)n(C)c4)c(-c4ccccc4)nc(N)n3n2)nc1,8.11,IC50,IC50,7.72
Nc1nc(-c2ccccc2)c(-c2ccc(=O)[nH]c2)c2nc(Cc3ncc(F)cc3Cl)nn12,9.54,IC50,IC50,0.29
Nc1nc(-c2ccccc2)c(-c2ccnnc2)c2nc(CC3CCCO3)nn12,7.08,IC50,IC50,83.87
Nc1nc(-c2ccc(F)cc2)c(-c2ccc(=O)[nH]c2)c2nc(CCC(F)(F)F)nn12,9.13,IC50,IC50,0.74
Cc1cc(-c2c(-c3ccc(F)cc3)nc(N)n3nc(CN4CCCCC4)nc23)c[nH]c1=O,8.24,IC50,IC50,5.72
Cn1cc(-c2c(-c3ccccc3)nc(N)n3nc([C@H](O)c4ncccc4F)nc23)ccc1=O,9.28,IC50,IC50,0.52
Cn1cc(-c2c(-c3ccc(F)cc3)nc(N)n3nc([C@H](O)c4ncccc4F)nc23)ccc1=O,8.06,IC50,IC50,8.7
CNC(=O)c1ccc(Nc2ncc(C(F)(F)F)c(NCc3nccnc3N(C)S(C)(=O)=O)n2)cc1,6.43,Ki,Ki,370.0
N[C@@H]1CS[C@@H](n2cnc3c(NCc4cccc(I)c4)nc(Cl)nc32)[C@@H]1O,5.62,Ki,Ki,2390.0
N[C@@H]1CS[C@@H](n2cnc3c(NCc4cccc(I)c4)ncnc32)[C@@H]1O,5.64,Ki,Ki,2300.0
Nc1ccccc1NC(=O)c1ccc(CCn2ccc3c2nc(N)n2nc(-c4ccco4)nc32)cc1,9.06,Ki,Ki,0.87
Nc1nc(NCCc2ccc(C(=O)NO)cc2)nc2nc(-c3ccco3)nn12,8.2,Ki,Ki,6.3
Nc1nc(NCCc2ccc(/C=C/C(=O)NO)cc2)nc2nc(-c3ccco3)nn12,7.42,Ki,Ki,37.8
Nc1nc(NCCc2ccc(OCCCC(=O)NO)cc2)nc2nc(-c3ccco3)nn12,8.22,Ki,Ki,6.0
Nc1nc(NCCc2ccc(OCCCCC(=O)NO)cc2)nc2nc(-c3ccco3)nn12,8.24,Ki,Ki,5.8
Nc1nc(NCCc2ccc(OCCCCCC(=O)NO)cc2)nc2nc(-c3ccco3)nn12,9.02,Ki,Ki,0.95
Nc1nc(NCCc2ccc(NC(=O)CCCCCCC(=O)NO)cc2)nc2nc(-c3ccco3)nn12,7.95,Ki,Ki,11.3
CN(CCc1ccc(C(=O)NO)cc1)c1nc(N)n2nc(-c3ccco3)nc2n1,8.36,Ki,Ki,4.4
CCN(CCc1ccc(C(=O)NO)cc1)c1nc(N)n2nc(-c3ccco3)nc2n1,8.62,Ki,Ki,2.4
Nc1nc(NCc2ccc(C(=O)NO)cc2)nc2nc(-c3ccco3)nn12,7.07,Ki,Ki,84.8
Nc1nc(NCc2ccc(/C=C/C(=O)NO)cc2)nc2nc(-c3ccco3)nn12,7.57,Ki,Ki,27.0
Nc1nc(NCc2ccc(OCCCCC(=O)NO)cc2)nc2nc(-c3ccco3)nn12,7.7,Ki,Ki,19.9
Nc1nc(NCCCc2ccc(C(=O)NO)cc2)nc2nc(-c3ccco3)nn12,8.08,Ki,Ki,8.4
Nc1nc(NCCOc2ccc(C(=O)NO)cc2)nc2nc(-c3ccco3)nn12,7.99,Ki,Ki,10.2
CN(CCOc1ccc(C(=O)NO)cc1)c1nc(N)n2nc(-c3ccco3)nc2n1,7.8,Ki,Ki,15.7
Nc1nc(NCCCCCCC(=O)NO)nc2nc(-c3ccco3)nn12,7.67,Ki,Ki,21.2
Nc1nc(N2CCN(CCc3ccc(C(=O)NO)cc3)CC2)nc2nc(-c3ccco3)nn12,8.38,Ki,Ki,4.2
Nc1nc2c(cnn2CCc2ccc(C(=O)NO)cc2)c2nc(-c3ccco3)nn12,8.37,Ki,Ki,4.3
Nc1nc2c(cnn2CCc2ccc(OCCCCCC(=O)NO)cc2)c2nc(-c3ccco3)nn12,8.7,Ki,Ki,2.0
Nc1nc2c(cnn2CCc2ccc(NC(=O)CCCCCCC(=O)NO)cc2)c2nc(-c3ccco3)nn12,8.31,Ki,Ki,4.9
Nc1nc2c(cnn2CCCCC(=O)NO)c2nc(-c3ccco3)nn12,7.08,Ki,Ki,82.8
Nc1nc2c(cnn2CCCCCC(=O)NO)c2nc(-c3ccco3)nn12,7.11,Ki,Ki,77.8
Nc1nc2c(cnn2CCCCCCC(=O)NO)c2nc(-c3ccco3)nn12,8.0,Ki,Ki,10.1
Nc1nc2c(cnn2CCN2CCC(c3ccc(C(=O)NO)cc3)CC2)c2nc(-c3ccco3)nn12,8.43,Ki,Ki,3.7
Nc1nc2c(cnn2CCN2Cc3ccc(C(=O)NO)cc3C2)c2nc(-c3ccco3)nn12,7.22,Ki,Ki,60.4
Nc1nc2c(cnn2CCN2CCc3ccc(C(=O)NO)cc3C2)c2nc(-c3ccco3)nn12,8.25,Ki,Ki,5.6
Nc1ccccc1NC(=O)c1ccc(CCNc2nc(N)n3nc(-c4ccco4)nc3n2)cc1,8.41,Ki,Ki,3.9
Nc1ccccc1NC(=O)c1ccc(CNc2nc(N)n3nc(-c4ccco4)nc3n2)cc1,7.46,Ki,Ki,34.8
Nc1ccccc1NC(=O)c1ccc(CCCNc2nc(N)n3nc(-c4ccco4)nc3n2)cc1,8.41,Ki,Ki,3.9
Nc1ccccc1NC(=O)c1ccc(OCCNc2nc(N)n3nc(-c4ccco4)nc3n2)cc1,8.31,Ki,Ki,4.9
Nc1ccccc1NC(=O)c1ccc(CCn2ncc3c2nc(N)n2nc(-c4ccco4)nc32)cc1,8.66,Ki,Ki,2.2
Nc1ccccc1NC(=O)c1ccc(Cn2ncc3c2nc(N)n2nc(-c4ccco4)nc32)cc1,7.06,Ki,Ki,86.9
Nc1ccccc1NC(=O)c1ccc(CCCn2ncc3c2nc(N)n2nc(-c4ccco4)nc32)cc1,8.48,Ki,Ki,3.3
Nc1ccccc1NC(=O)c1ccc(OCCn2ncc3c2nc(N)n2nc(-c4ccco4)nc32)cc1,7.36,Ki,Ki,43.7
Nc1cc(F)ccc1NC(=O)c1ccc(CCNc2nc(N)n3nc(-c4ccco4)nc3n2)cc1,8.02,Ki,Ki,9.6
Nc1cc(F)ccc1NC(=O)c1ccc(CCn2ncc3c2nc(N)n2nc(-c4ccco4)nc32)cc1,8.55,Ki,Ki,2.8
Nc1cc(F)ccc1NC(=O)c1ccc(CCCn2ncc3c2nc(N)n2nc(-c4ccco4)nc32)cc1,8.0,Ki,Ki,10.1
Cc1ccc(-c2nc3c4cnn(CCc5ccc(C(=O)Nc6ccccc6N)cc5)c4nc(N)n3n2)o1,7.73,Ki,Ki,18.5
N#Cc1cccc(-c2nc3c4cnn(CCc5ccc(C(=O)Nc6ccccc6N)cc5)c4nc(N)n3n2)c1,8.19,Ki,Ki,6.5
Nc1nc2c(cnn2CCc2ccccc2)c2nc(-c3ccco3)nn12,8.62,Ki,Ki,2.4
Nc1nc(NCCc2ccc(O)cc2)nc2nc(-c3ccco3)nn12,8.59,Ki,Ki,2.6
Nc1nc(-c2ccc(OCCCN3CCCCC3)cc2)c2c(n1)-c1ccccc1C2,6.14,Ki,Ki,717.0
Nc1nc(-c2ccc(OCCCN3CCCCC3)cc2)c2c(n1)-c1ccc(OCCCN3CCCCC3)cc1C2,6.03,Ki,Ki,941.0
Nc1nc(-c2ccccc2)c2c(n1)-c1cc(OCCCN3CCCC3)ccc1C2,8.14,Ki,Ki,7.25
Nc1nc(-c2ccccc2)c2c(n1)-c1cc(OCCCN3CCCCC3)ccc1C2,8.31,Ki,Ki,4.85
Nc1nc(-c2ccc(OCCCN3CCCCC3)cc2)c2c(n1)-c1ccccc1C2=O,7.45,Ki,Ki,35.5
Nc1nc(-c2ccccc2)c2c(n1)-c1ccc(OCCCN3CCCC3)cc1C2=O,6.98,Ki,Ki,104.0
Nc1nc(-c2ccc(OCCCN3CCCCC3)cc2)c2c(n1)-c1ccc(OCCCN3CCCCC3)cc1C2=O,6.69,Ki,Ki,203.0
Nc1nc(-c2ccccc2)c2c(n1)-c1cc(OCCCN3CCCC3)ccc1C2=O,8.21,Ki,Ki,6.24
Nc1nc(-c2ccccc2)c2c(n1)-c1ccc(OCCCN3CCCCC3)cc1C2=O,6.85,Ki,Ki,142.0
Nc1nc(-c2ccccc2)c2c(n1)-c1cc(OCCCN3CCCCC3)ccc1C2=O,8.4,Ki,Ki,4.01
Nc1nc(-c2ccccc2)c2c(n1)-c1cc(OCCN3CCOCC3)ccc1C2=O,8.12,Ki,Ki,7.5
COCCOc1ccc(N2CCN(CCn3ncc4c3nc(N)n3nc(-c5ccco5)nc43)CC2)cc1,9.06,Ki,Ki,0.88
COc1ccc(CCCn2ncc3c2nc(N)n2nc(-c4ccco4)nc32)cc1,9.52,Ki,Ki,0.3
C#CCCCCNC(=O)C12CCC(c3nc4c(=O)n(CCCC)c(=O)n(CCCNC(=O)c5ccc(S(=O)(=O)F)cc5)c4[nH]3)(CC1)CC2,7.15,Ki,Ki,70.8
CCCCn1c(=O)c2nc(C34CCC(C(=O)NCCOCCOCCOCCN=[N+]=[N-])(CC3)CC4)[nH]c2n(CCCNC(=O)c2ccc(S(=O)(=O)F)cc2)c1=O,7.44,Ki,Ki,36.3
CCCCn1c(=O)c2nc(C34CCC(C(=O)NCCOCCOCCN=[N+]=[N-])(CC3)CC4)[nH]c2n(CCCNC(=O)c2ccc(S(=O)(=O)F)cc2)c1=O,7.5,Ki,Ki,31.6
CCCCn1c(=O)c2nc(C34CCC(C(=O)NCCCCN=[N+]=[N-])(CC3)CC4)[nH]c2n(CCCNC(=O)c2ccc(S(=O)(=O)F)cc2)c1=O,6.78,Ki,Ki,166.0
CCCn1c(=O)c2nc(C34CCC(C(=O)NCCCN=[N+]=[N-])(CC3)CC4)[nH]c2n(CCCNC(=O)c2ccc(S(=O)(=O)F)cc2)c1=O,7.58,Ki,Ki,26.3
CCCCn1c(=O)c2nc(C34CCC(C(=O)NCCCN=[N+]=[N-])(CC3)CC4)[nH]c2n(CCCNC(=O)c2ccc(S(=O)(=O)F)cc2)c1=O,7.42,Ki,Ki,38.0
N#Cc1c(N)nc(SCc2ncc[nH]2)c(C#N)c1-c1ccccc1,8.13,Ki,pKi,8.13
N#Cc1c(N)nc(SCc2ncc[nH]2)nc1-c1ccccc1,7.17,Ki,pKi,7.17
Nc1nc(SCc2ncc[nH]2)nc(-c2ccccc2)n1,6.25,Ki,pKi,6.25
N#Cc1c(SCc2ncc[nH]2)nc(N)nc1-c1ccccc1,8.0,Ki,pKi,8.0
N#Cc1c(-c2ccccc2)cc(SCc2ncc[nH]2)nc1N,6.42,Ki,pKi,6.42
N#Cc1c(-c2ccccc2)cc(N)nc1SCc1ncc[nH]1,5.99,Ki,pKi,5.99
Cc1cc(C)cc(-c2nc(NC(=O)c3cccnc3)sc2-c2ccncc2)c1,6.92,Ki,Ki,121.0
Cc1cc(F)cc(-c2nc(NC(=O)c3cccnc3)sc2-c2ccncc2)c1,5.45,Ki,Ki,3550.0
CCCn1c(=O)c2[nH]c(C34CCC(C(=O)NCCNC(=O)CCNC(=O)CCNC(=O)CCCCCNC(=O)COc5ccc(/C=C/C6=[N+]7C(=Cc8ccc(-c9cccs9)n8[B-]7(F)F)C=C6)cc5)(CC3)CC4)nc2n(CCC)c1=O,7.55,Kd,pKd,7.55
CCCn1c(=O)c2[nH]c(C34CC5CC(CC(C5)C3)C4)nc2n(CCCNC(=O)c2ccc(C(=O)NCCNC(=O)CCNC(=O)CCCCCNC(=O)COc3ccc(/C=C/C4=[N+]5C(=Cc6ccc(-c7cccs7)n6[B-]5(F)F)C=C4)cc3)cc2)c1=O,7.3,Kd,pKd,7.3
Nc1nc(-c2ccccc2)c2c(n1)-c1ccccc1C2=O,8.96,Ki,Ki,1.1
Nc1nc(-c2ccccc2)c2c(n1)-c1ccccc1C2,7.95,Ki,Ki,11.2
N#Cc1c(-c2ccccc2)nc(NC(=O)C2CCCC2)nc1-c1ccc2c(c1)OCO2,6.8,Ki,Ki,159.0
Nc1nc(-c2ccccc2)cc(-c2ccccc2)n1,6.39,Ki,Ki,405.0
Nc1cc(-c2ccccc2)nc(-c2ccccc2)n1,6.34,Ki,Ki,459.0
Nc1cc(-c2ccc3c(c2)OCO3)nc(-c2ccccc2)n1,6.25,Ki,Ki,557.0
O[C@H]1CC[C@H](Nc2ncc(-c3ccc4ccccc4c3)c(-c3ccccc3)n2)CC1,5.86,Ki,Ki,1369.0
COc1cc(-c2nc(N)nc(-c3ccccc3)c2C#N)cc(OC)c1OC,9.02,Ki,Ki,0.95
CCCn1c(=O)c2[nH]c(-c3ccc(OCC(=O)NCCN)cc3)nc2n(CCC)c1=O,9.0,Ki,Ki,1.0
COc1cc(OC)cc(-c2nc(N)nc(-c3ccccc3)c2C#N)c1,8.76,Ki,Ki,1.73
Nc1nc(NCCc2ccc(O)cc2)nc2nc(-c3ccco3)nn12,8.72,Ki,Ki,1.9
N#Cc1c(-c2ccccc2)nc(Nc2ccccc2)nc1-c1ccco1,8.67,Ki,Ki,2.15
CNc1nc(-c2ccccc2)c(C#N)c(-c2cc(OC)c(OC)c(OC)c2)n1,8.44,Ki,Ki,3.63
N#Cc1c(-c2ccc(F)cc2)nc(N)nc1-c1ccco1,8.24,Ki,Ki,5.72
N#Cc1c(-c2ccccc2)nc(N)nc1-c1ccc2ccccc2c1,8.24,Ki,Ki,5.78
COc1cccc(-c2nc(N)nc(-c3ccccc3)c2C#N)c1,8.16,Ki,Ki,6.91
Cc1ccc(-c2nc(N)nc(-c3ccccc3)c2C#N)cc1,8.05,Ki,Ki,8.93
N#Cc1c(-c2ccccc2)nc(N)nc1-c1ccco1,8.0,Ki,Ki,10.1
N#Cc1c(-c2ccccc2)nc(N)nc1-c1cccc(O)c1,7.99,Ki,Ki,10.2
COc1ccc(-c2nc(N)nc(-c3ccccc3)c2C#N)c(OC)c1,7.99,Ki,Ki,10.2
N#Cc1c(-c2ccccc2)nc(N)nc1-c1ccc2c(c1)OCO2,7.99,Ki,Ki,10.2
CNc1nc(-c2ccccc2)c(C#N)c(-c2cc(OC)cc(OC)c2)n1,7.94,Ki,Ki,11.5
N#Cc1c(-c2ccccc2)nc(N)nc1-c1cccc(Cl)c1,7.81,Ki,Ki,15.5
N#Cc1c(-c2ccccc2)nc(N)nc1-c1ccc(F)cc1F,7.81,Ki,Ki,15.5
COc1cc(-c2nc(Nc3ccccc3)nc(-c3ccccc3)c2C#N)cc(OC)c1OC,7.8,Ki,Ki,15.8
N#Cc1c(-c2ccccc2)nc(N)nc1-c1ccc(F)cc1,7.79,Ki,Ki,16.3
COc1cc(OC)cc(-c2nc(Nc3ccccc3)nc(-c3ccccc3)c2C#N)c1,7.76,Ki,Ki,17.3
N#Cc1c(-c2ccccc2)nc(N)nc1-c1ccccc1F,7.75,Ki,Ki,17.6
COc1ccccc1-c1nc(N)nc(-c2ccccc2)c1C#N,7.75,Ki,Ki,17.7
N#Cc1c(-c2ccccc2)nc(N)nc1-c1ccccc1,7.73,Ki,Ki,18.6
N#Cc1c(-c2ccccc2)nc(N)nc1-c1cccc(F)c1,7.71,Ki,Ki,19.5
N#Cc1c(-c2ccccc2)nc(N)nc1-c1ccc(Br)cc1,7.66,Ki,Ki,21.9
N#Cc1c(-c2ccccc2)nc(N)nc1-c1ccc(O)cc1,7.58,Ki,Ki,26.5
N#Cc1c(-c2ccccc2)nc(Nc2ccccc2)nc1-c1cccnc1,7.57,Ki,Ki,27.1
N#Cc1c(-c2ccccc2)nc(Nc2ccccc2)nc1-c1ccc2c(c1)OCO2,7.55,Ki,Ki,28.0
N#Cc1c(-c2cccc(Cl)c2)nc(N)nc1-c1cccc(Cl)c1,7.45,Ki,Ki,35.3
N#Cc1c(-c2ccccc2)nc(N)nc1-c1cccnc1,7.44,Ki,Ki,36.4
COc1ccc(-c2nc(N)nc(-c3ccccc3)c2C#N)cc1,7.34,Ki,Ki,46.0
N#Cc1c(-c2ccccc2)nc(Nc2ccccc2)nc1-c1cccc(Cl)c1,7.33,Ki,Ki,46.3
COc1ccc(-c2nc(Nc3ccccc3)nc(-c3ccccc3)c2C#N)cc1,7.29,Ki,Ki,51.4
N#Cc1c(-c2ccccc2)nc(Nc2ccccc2)nc1-c1ccccc1F,7.28,Ki,Ki,52.5
N#Cc1c(-c2ccccc2)nc(Nc2ccccc2)nc1-c1ccccc1,7.26,Ki,Ki,55.1
N#Cc1c(-c2ccc(F)cc2)nc(N)nc1-c1ccc2c(c1)OCO2,7.21,Ki,Ki,61.0
N#Cc1c(-c2ccccc2)nc(Nc2ccccc2)nc1-c1cccc(O)c1,7.15,Ki,Ki,71.2
CNc1nc(-c2ccccc2)c(C#N)c(-c2cccc(C#N)c2)n1,7.11,Ki,Ki,78.5
CNc1nc(-c2ccccc2)c(C#N)c(-c2cccc(OC)c2)n1,7.08,Ki,Ki,82.6
N#Cc1cccc(-c2nc(N)nc(-c3ccccc3)c2C#N)c1,7.08,Ki,Ki,84.1
N#Cc1c(-c2ccccc2)nc(N)nc1-c1cc(Cl)cc(Cl)c1,7.02,Ki,Ki,95.4
N#Cc1c(-c2cccc(Cl)c2)nc(N)nc1-c1ccc2c(c1)OCO2,7.0,Ki,Ki,101.0
N#Cc1c(-c2ccccc2)nc(Nc2ccccc2)nc1-c1ccsc1,6.99,Ki,Ki,102.0
CNc1nc(-c2ccccc2)c(C#N)c(-c2cccc(O)c2)n1,6.98,Ki,Ki,105.0
COc1cccc(-c2nc(Nc3ccccc3)nc(-c3ccccc3)c2C#N)c1,6.88,Ki,Ki,133.0
CCNc1nc(-c2ccccc2)c(C#N)c(-c2cccc(C#N)c2)n1,6.81,Ki,Ki,155.0
CCCn1c(=O)c2[nH]c(C3CCCC3)nc2n(CCC)c1=O,6.8,Ki,Ki,157.0
Cc1ccc(-c2nc(Nc3ccccc3)nc(-c3ccccc3)c2C#N)cc1,6.8,Ki,Ki,157.0
N#Cc1c(-c2cccc(Cl)c2)nc(N)nc1-c1cc(Cl)cc(Cl)c1,6.72,Ki,Ki,190.0
CCNc1nc(-c2ccccc2)c(C#N)c(-c2cccc(Cl)c2)n1,6.53,Ki,Ki,295.0
N#Cc1c(-c2ccccc2)nc(Nc2ccccc2)nc1-c1cccs1,6.48,Ki,Ki,330.0
CCNc1nc(-c2ccccc2)c(C#N)c(-c2cccnc2)n1,6.47,Ki,Ki,335.0
CCNc1nc(-c2ccccc2)c(C#N)c(-c2ccccc2)n1,6.45,Ki,Ki,357.0
CNc1nc(-c2ccccc2)c(C#N)c(-c2ccco2)n1,6.4,Ki,Ki,401.0
CNc1nc(-c2ccccc2)c(C#N)c(-c2ccccc2)n1,6.15,Ki,Ki,711.0
CCNc1nc(-c2ccccc2)c(C#N)c(-c2ccc3c(c2)OCO3)n1,6.05,Ki,Ki,894.0
N#Cc1c(-c2ccccc2)nc(N)nc1-c1ccsc1,7.69,Ki,Ki,20.6
N#Cc1c(-c2ccccc2)nc(N)nc1-c1cccs1,7.6,Ki,Ki,24.9
N#Cc1c(-c2ccccc2)nc(N)nc1-c1ccoc1,7.28,Ki,Ki,52.1
N#Cc1c(-c2ccccc2)nc(Nc2ccccc2)nc1-c1ccoc1,6.43,Ki,Ki,368.0
N#Cc1c(-c2ccccc2)nc(N)nc1-c1ccncc1,6.17,Ki,Ki,676.0
Cn1cc(-c2cnc(N)n3nc(-c4ccco4)nc23)ccc1=O,8.25,Ki,Ki,5.58
Cn1cc(-c2cnc(N)n3nc(-c4ccccn4)nc23)ccc1=O,7.21,Ki,Ki,62.4
Cn1cc(-c2cnc(N)n3nc(-c4nccs4)nc23)ccc1=O,7.07,Ki,Ki,84.6
Cc1cnc(-c2nc3c(-c4ccc(=O)n(C)c4)cnc(N)n3n2)s1,7.36,Ki,Ki,43.9
Cc1ccc(-c2nc3c(-c4ccc(=O)n(C)c4)cnc(N)n3n2)o1,6.35,Ki,Ki,448.0
Cc1csc(-c2nc3c(-c4ccc(=O)n(C)c4)cnc(N)n3n2)n1,5.99,Ki,Ki,1032.0
Cn1ccc(-c2nc3c(-c4ccc(=O)n(C)c4)cnc(N)n3n2)n1,5.46,Ki,Ki,3427.0
Cc1cccc(-c2nc3c(-c4ccc(=O)n(C)c4)cnc(N)n3n2)n1,5.42,Ki,Ki,3767.0
Cn1nccc1-c1nc2c(-c3ccc(=O)n(C)c3)cnc(N)n2n1,6.1,Ki,Ki,797.0
Cn1cc(-c2cnc(N)nc2-c2ccco2)ccc1=O,7.57,Ki,Ki,26.9
Cn1cc(-c2cnc(N)n3nc(-c4ccco4)nc23)ccc1=O,8.24,IC50,IC50,5.72
COc1ccc(N2CCN(CCn3c(=O)cnc4c(-c5ccc(C)o5)nc(N)nc43)[C@@H](C)C2)c(F)c1,8.18,IC50,IC50,6.6
Cc1ccc(-c2nc(N)nc3c2ncc(=O)n3Cc2ccccc2)o1,6.32,IC50,IC50,481.7
Cc1ccc(-c2nc(N)nc3c2n(C)c(=O)n3Cc2ccccc2)o1,5.55,IC50,IC50,2835.0
Cc1ccc(-c2nc(N)nc3c2[nH]c(=O)n3Cc2ccccc2)o1,5.99,IC50,IC50,1030.0
COc1ccccc1Cn1c(=O)cnc2c(-c3ccc(C)o3)nc(N)nc21,5.99,IC50,IC50,1016.0
COc1cccc(Cn2c(=O)cnc3c(-c4ccc(C)o4)nc(N)nc32)c1,6.32,IC50,IC50,475.7
Cc1ccc(-c2nc(N)nc3c2ncc(=O)n3Cc2ccco2)o1,5.66,IC50,IC50,2171.0
Cc1ccc(-c2nc(N)nc3c2ncc(=O)n3CC2CCCCC2)o1,5.73,IC50,IC50,1877.0
Cc1ccc(-c2nc(N)nc3c2ncc(=O)n3CC2CC2)o1,6.0,IC50,IC50,1010.0
Cc1ccc(-c2nc(N)nc3c2ncc(=O)n3CCc2ccccc2)o1,6.68,IC50,IC50,208.0
Cc1ccc(-c2nc(N)nc3c2ncc(=O)n3CCCc2ccccc2)o1,6.15,IC50,IC50,712.0
Cc1ccc(-c2nc(N)nc3c2ncc(=O)n3CCCCc2ccccc2)o1,6.01,IC50,IC50,979.8
Cc1ccc(-c2nc(N)nc3c2nnn3Cc2cccc(CO[C@H]3CCOC3)n2)o1,7.06,IC50,IC50,86.5
Cc1ccc(-c2nc(N)nc3c2ncc(=O)n3CCN2CCN(c3ccccc3)CC2)o1,7.31,IC50,IC50,49.2
Cc1ccc(-c2nc(N)nc3c2ncc(=O)n3CCN2CCC(c3ccccc3)CC2)o1,6.41,IC50,IC50,387.8
Cc1ccc(-c2nc(N)nc3c2ncc(=O)n3CCC2CCN(c3ccccc3)CC2)o1,6.55,IC50,IC50,279.0
COc1ccccc1N1CCN(CCn2c(=O)cnc3c(-c4ccc(C)o4)nc(N)nc32)CC1,5.42,IC50,IC50,3810.5
COc1cccc(N2CCN(CCn3c(=O)cnc4c(-c5ccc(C)o5)nc(N)nc43)CC2)c1,7.34,IC50,IC50,45.5
COc1ccc(N2CCN(CCn3c(=O)cnc4c(-c5ccc(C)o5)nc(N)nc43)CC2)cc1,7.66,IC50,IC50,22.0
Cc1ccc(-c2nc(N)nc3c2ncc(=O)n3CCN2CCN(c3ccccc3C(F)(F)F)CC2)o1,6.21,IC50,IC50,612.6
Cc1ccc(-c2nc(N)nc3c2ncc(=O)n3CCN2CCN(c3cccc(C(F)(F)F)c3)CC2)o1,6.3,IC50,IC50,502.8
Cc1ccc(-c2nc(N)nc3c2ncc(=O)n3CCN2CCN(c3ccc(C(F)(F)F)cc3)CC2)o1,6.75,IC50,IC50,175.9
Cc1ccc(-c2nc(N)nc3c2ncc(=O)n3CCN2CCN(c3ccc(OC(F)(F)F)cc3)CC2)o1,6.92,IC50,IC50,120.2
Cc1ccc(-c2nc(N)nc3c2ncc(=O)n3CCN2CCN(c3ccccc3F)CC2)o1,7.93,IC50,IC50,11.7
Cc1ccc(-c2nc(N)nc3c2ncc(=O)n3CCN2CCN(c3cccc(F)c3)CC2)o1,7.24,IC50,IC50,57.5
Cc1ccc(-c2nc(N)nc3c2ncc(=O)n3CCN2CCN(c3ccc(F)cc3)CC2)o1,7.23,IC50,IC50,58.8
Cc1ccc(-c2nc(N)nc3c2ncc(=O)n3CCN2CCN(c3ccc(OC(F)F)cc3)CC2)o1,7.2,IC50,IC50,63.7
Cc1ccc(-c2nc(N)nc3c2ncc(=O)n3CCN2CCN(c3ccc(Oc4ccccc4)cc3)CC2)o1,6.22,IC50,IC50,604.8
COCCOc1ccc(N2CCN(CCn3c(=O)cnc4c(-c5ccc(C)o5)nc(N)nc43)CC2)cc1,7.62,IC50,IC50,23.8
COc1ccc(N2CCN(CCn3c(=O)cnc4c(-c5ccc(C)o5)nc(N)nc43)CC2)nc1,6.67,IC50,IC50,213.0
COc1ccc(N2CCN(CCn3c(=O)cnc4c(-c5ccc(C)o5)nc(N)nc43)CC2)cn1,7.53,IC50,IC50,29.5
COc1ccc(N2CCN(CCn3c(=O)cnc4c(-c5ccc(C)o5)nc(N)nc43)CC2)c(F)c1,8.31,IC50,IC50,4.9
Cc1ccc(-c2nc(N)nc3c2ncc(=O)n3CCN2CCN(c3ccc(F)cc3F)CC2)o1,8.07,IC50,IC50,8.5
Cc1ccc(-c2nc(N)nc3c2ncc(=O)n3CCN2CCN(c3ccc(F)cc3Cl)CC2)o1,7.06,IC50,IC50,86.5
Cc1ccc(-c2nc(N)nc3c2ncc(=O)n3CCN2CCN(c3ccc(OC(F)F)cc3F)CC2)o1,7.68,IC50,IC50,21.0
COCCOc1ccc(N2CCN(CCn3c(=O)cnc4c(-c5ccc(C)o5)nc(N)nc43)CC2)c(F)c1,8.1,IC50,IC50,7.9
COCCOc1ccc(N2CCN(CCn3c(=O)cnc4c(-c5ccc(C)o5)nc(N)nc43)CC2)c(F)c1F,8.03,IC50,IC50,9.3
COc1cnc(N2CCN(CCn3c(=O)cnc4c(-c5ccc(C)o5)nc(N)nc43)CC2)c(F)c1,8.26,IC50,IC50,5.5
COc1ccc(N2CCN(CCn3c(=O)cnc4c(-c5ccc(C)o5)nc(N)nc43)C[C@@H]2C)cc1,6.65,IC50,IC50,223.6
COc1ccc(N2CCN(CCn3c(=O)cnc4c(-c5ccc(C)o5)nc(N)nc43)C[C@H]2C)cc1,7.43,IC50,IC50,37.5
COc1ccc(N2CCN(CCn3c(=O)cnc4c(-c5ccc(C)o5)nc(N)nc43)[C@@H](C)C2)cc1,8.16,IC50,IC50,6.9
COc1ccc(N2CCN(CCn3c(=O)cnc4c(-c5ccc(C)o5)nc(N)nc43)[C@H](C)C2)cc1,6.53,IC50,IC50,296.1
COc1ccc(N2C[C@H](C)N(CCn3c(=O)cnc4c(-c5ccc(C)o5)nc(N)nc43)C[C@H]2C)cc1,5.69,IC50,IC50,2022.0
COc1ccc(N2CC3CCC(C2)N3CCn2c(=O)cnc3c(-c4ccc(C)o4)nc(N)nc32)cc1,6.26,IC50,IC50,554.7
COc1ccc(N2CCCN(CCn3c(=O)cnc4c(-c5ccc(C)o5)nc(N)nc43)CC2)cc1,6.14,IC50,IC50,715.8
COc1ccc(N2CCN(CCn3c(=O)cnc4c(-c5ccc(C)o5)nc(N)nc43)[C@@H](C)C2)c(F)c1,8.08,IC50,IC50,8.3
Cc1ccc(-c2nc(N)nc3c2nnn3Cc2cccc(CO[C@H]3CCOC3)n2)o1,7.06,IC50,IC50,86.5
COc1ccc(N2CCN(CCn3c(=O)cnc4c(-c5ccc(C)o5)nc(N)nc43)[C@@H](C)C2)c(F)c1,8.08,IC50,IC50,8.3
Cc1ccc(-c2nc(N)nc3c2nnn3Cc2cccc(CO[C@H]3CCOC3)n2)o1,5.47,IC50,IC50,3353.0
COc1ccc(N2CCN(CCn3c(=O)cnc4c(-c5ccc(C)o5)nc(N)nc43)[C@@H](C)C2)c(F)c1,6.75,IC50,IC50,179.6
COCCOc1ccc(N2CCN(CCn3ncc4c3nc(N)n3nc(-c5ccco5)nc43)CC2)cc1,9.3,Ki,Ki,0.5
CCn1c(=O)c2c(nc(/C=C/c3ccc(OC)c(OC)c3)n2C)n(CC)c1=O,7.92,Ki,Ki,12.0
Nc1nc(NCCc2ccc(O)cc2)nc2nc(-c3ccco3)nn12,8.8,Ki,Ki,1.6
CC(C)n1cc(-c2ncc(N)nc2-c2ccc(F)cc2)ccc1=O,8.74,Ki,Ki,1.8
Nc1nnc(-c2ccc(O)c(Cl)c2)c(-c2ccccc2)n1,8.4,Ki,Ki,4.0
C(#Cc1ncnc2ccccc12)c1ccccc1,5.4,Ki,Ki,4000.0
c1ccc(-c2ncnc3ccccc23)cc1,5.64,Ki,Ki,2300.0
Nc1nc(-c2ccccc2)c2ccccc2n1,6.7,Ki,Ki,198.0
Cc1ccc(-c2nc(N)nc3ccccc23)cc1,5.82,Ki,Ki,1500.0
Cc1ccccc1-c1nc(N)nc2ccccc12,5.48,Ki,Ki,3300.0
N#Cc1cccc(-c2nc(N)nc3ccccc23)c1,6.23,Ki,Ki,586.0
COc1ccc(-c2nc(N)nc3ccccc23)cc1,6.13,Ki,Ki,736.0
COc1cccc(-c2nc(N)nc3ccccc23)c1,6.15,Ki,Ki,708.0
COc1ccccc1-c1nc(N)nc2ccccc12,6.19,Ki,Ki,651.0
Nc1nc(-c2ccccc2N)c2ccccc2n1,5.7,Ki,Ki,2000.0
Nc1nc(-c2ccc(F)cc2)c2ccccc2n1,7.1,Ki,Ki,80.0
Nc1nc(-c2cccc(F)c2)c2ccccc2n1,6.76,Ki,Ki,174.0
Nc1nc(-c2ccccc2F)c2ccccc2n1,6.34,Ki,Ki,456.0
Nc1nc(-c2ccco2)c2ccccc2n1,7.05,Ki,Ki,89.0
Nc1nc(-c2ccoc2)c2ccccc2n1,6.16,Ki,Ki,696.0
Nc1nc(-c2cccs2)c2ccccc2n1,6.77,Ki,Ki,171.0
Nc1nccc(-c2ccccc2)n1,5.66,Ki,Ki,2.2
Nc1nc(-c2ccco2)c2cc(Br)ccc2n1,7.7,Ki,Ki,20.0
Cc1ccc2nc(N)nc(-c3ccco3)c2c1,7.66,Ki,Ki,22.0
Cn1c(=O)c2c(ncn2C)n(C)c1=O,4.63,Ki,Ki,23400.0
Cn1c(=O)c2nc[nH]c2n(C)c1=O.O,5.77,Ki,Ki,1710.0
CCCn1c(=O)[nH]c(=O)c2nc[nH]c21,5.33,Ki,Ki,4730.0
CCCn1c(=O)[nH]c2nc(-c3cnn(Cc4cccc(C(F)(F)F)c4)c3)[nH]c2c1=O,8.22,Ki,Ki,6.0
CCCn1c(=O)c2[nH]c(-c3ccc(OCC(=O)Nc4ccc(C#N)cc4)cc3)nc2n(CCC)c1=O,8.71,Ki,Ki,1.97
CCCn1c(=O)c2[nH]c(-c3cc(OCC(=O)Nc4ccc5c(c4)OCO5)nn3C)nc2n(CCC)c1=O,8.26,Ki,Ki,5.5
CCCn1c(=O)[nH]c2nc(-c3ccc(S(=O)(=O)N4CCN(c5ccc(Cl)cc5)CC4)cc3)[nH]c2c1=O,9.26,Ki,Ki,0.5529999999999999
Cc1cc(Cn2nnc3c(-c4ccco4)nc(N)nc32)ccc1N,8.89,Ki,Ki,1.3
Cc1ccc(-c2nc(N)nc3c2nnn3Cc2cccc(CO[C@H]3CCOC3)n2)o1,8.47,Ki,Ki,3.4
COc1ccc(N2CCOCC2)c2sc(NC(=O)N3CCC(C)(O)CC3)nc12,8.3,Ki,Ki,5.0
Cc1c(C#N)cccc1-c1cc(-c2cn(Cc3cccc(C(C)(C)O)n3)nn2)nc(N)n1,8.82,Ki,Ki,1.5
CCn1c(=O)c2c(nc(/C=C/c3ccc(OC)c(OC)c3)n2C)n(CC)c1=O,7.92,Ki,Ki,12.0
Nc1nc(-n2cccn2)nc(-n2cccn2)c1Br,7.3,Ki,Ki,50.0
Cc1cc(-c2nnc(N)nc2-c2ccc(F)cc2)cc(Cl)n1,8.77,Ki,Ki,1.7
Nc1nc(NCCc2ccc(O)cc2)nc2nc(-c3ccco3)nn12,8.8,Ki,Ki,1.6
COCCOc1ccc(N2CCN(CCn3ncc4c3nc(N)n3nc(-c5ccco5)nc43)CC2)cc1,9.3,Ki,Ki,0.5
S=c1sc2c(ncn3nc(-c4ccco4)nc23)n1CCc1ccccc1,8.2,Ki,Ki,6.3
Nc1nc(-c2ccccc2)cc(-c2cccc(OC(=O)N3CCCCC3)c2)n1,5.71,Ki,Ki,1.95
CN1CCN(C(=O)Oc2cccc(-c3cc(-c4ccccc4)nc(N)n3)c2)CC1,5.71,Ki,Ki,1.95
Nc1nc(-c2ccccc2)cc(-c2cccc(OC(=O)N3CCOCC3)c2)n1,5.71,Ki,Ki,1.95
Nc1nc(NCCc2ccc(O)cc2)nc(Nc2nnc(-c3ccc([N+](=O)[O-])cc3)s2)n1,7.49,Ki,Ki,32.1
COc1ccc(-c2cn3c(=O)n(-c4ccc([N+](=O)[O-])cc4)nc3c(N)n2)cc1,8.14,Ki,Ki,7.2
CCOc1ccc(-c2cn3c(=O)n(-c4ccccc4)nc3c(N)n2)cc1,8.54,Ki,Ki,2.9
CCCn1c(=O)c2c(nc(-c3cccc(OCCCCl)c3)n2C)n(CCC)c1=O,6.97,Ki,Ki,0.10800000000000001
C#CCn1c(-c2cccc(OCCCCl)c2)nc2c1c(=O)n(CCC)c(=O)n2CCC,6.56,Ki,Ki,0.278
CCCn1c(=O)c2c(nc(-c3ccc(OCCCCl)cc3)n2C)n(CCC)c1=O,6.58,Ki,Ki,0.265
C#CCn1c(Br)nc2c(N)nc(C#CCCCCCC)nc21,9.25,Ki,Ki,0.56
COc1ccc(N2CCOCC2)c2sc(NC(=O)N3CCC(C(O)CF)CC3)nc12,8.19,Ki,Ki,6.4
COc1ccc(N2CCOCC2)c2sc(NC(=O)N3CCC(C(C)(O)CF)CC3)nc12,7.42,Ki,Ki,38.0
COc1ccc(N2CCOCC2)c2sc(NC(=O)N3CC=CCC3)nc12,8.62,Ki,Ki,2.4
COc1ccc(N2CCOCC2)c2sc(NC(=O)N3CCC(C)(O)CC3)nc12,8.47,Ki,Ki,3.4
Nc1nc(NCCc2ccc(O)cc2)nc2nc(-c3ccco3)nn12,8.84,IC50,IC50,1.45
COc1ccccc1CNc1nc(N)c2nc(-c3ccccc3)sc2n1,8.33,Ki,Ki,4.72
Nc1nc(Nc2ccco2)nc2sc(Cc3cccnc3)nc12,7.97,Ki,Ki,10.6
OC[C@@H]1CCCN1c1ncnc2sc(Nc3ccccc3)nc12,6.7,Ki,Ki,200.0
OC[C@@H]1CCCN1c1ncnc2sc(Nc3cccc(Br)c3)nc12,6.82,Ki,Ki,153.0
CC1=C(C)C2C(=O)NC(NC(=O)c3ccccc3)=NC2S1,6.19,Ki,Ki,0.65
Cc1ccc(-c2cc(-c3cccc(C(=O)N4CCCCC4)c3)nc(N)n2)o1,8.02,Ki,Ki,9.54
Cc1ccc(-c2nc(N)c3cc(Cc4ccccc4)sc3n2)o1,6.53,Ki,Ki,298.0
COc1ccccc1Cc1cc2c(N)nc(-c3ccc(C)o3)nc2s1,8.54,Ki,Ki,2.9
Cc1ccc(-c2nc(N)c3cc(Cc4ccccc4Cl)sc3n2)o1,8.43,Ki,Ki,3.7
Cc1ccc(-c2nc(N)c3cc(Cc4ccccc4F)sc3n2)o1,8.43,Ki,Ki,3.7
N#Cc1cccc(-c2nc(N)c3cc(Cc4ccccc4)sc3n2)c1,7.94,Ki,Ki,11.4
Nc1nc(-c2cccc(Cl)c2)cn2c(=O)n(-c3ccccc3)nc12,8.43,Ki,Ki,3.7
Cc1ccc(-c2cn3c(=O)n(Cc4ccccc4)nc3c(N)n2)o1,8.34,Ki,Ki,4.6
Cn1c(=O)c2c(nc(/C=C/c3cccc(Br)c3)n2C)n(C)c1=O,7.55,Ki,Ki,28.4
CCn1c(=O)c2c(nc(/C=C/c3cccc(C(F)(F)F)c3)n2C)n(CC)c1=O,7.92,Ki,Ki,11.9
CCn1c(=O)c2c(nc(COc3ccc(OC)cc3)n2C)n(CC)c1=O,6.62,Ki,Ki,0.237
Cn1c(-c2ccco2)nc2c(N)ncnc21,8.12,Ki,Ki,7.5
Nc1nc(Nc2ccco2)nc2sc(Cc3cccnc3)nc12,10.44,IC50,IC50,36.0
Nc1nc(N2CCN(CCN3CCCC3)CC2)nc2sc(-c3ccco3)nc12,8.06,Ki,Ki,8.62
Nc1nc(N2CCN(c3ccccc3)CC2)nc2sc(-c3ccco3)nc12,8.0,Ki,Ki,10.0
Nc1nc(NC2CCN(C3CCCN(Cc4ccccc4)C3)CC2)nc2sc(-c3ccco3)nc12,7.75,Ki,Ki,18.0
Nc1nc(CCCc2ccccc2)nc2cn(-c3ccccc3)nc12,7.26,Ki,Ki,55.0
COc1ccc(CCNc2nc(N)c3nn(-c4ccccc4)cc3n2)cc1OC,6.82,Ki,Ki,150.0
Nc1nc(NCc2ccccc2)nc2cn(-c3ccccc3)nc12,7.6,Ki,Ki,25.0
Nc1nc(N2CCN(CCN3CCCC3)CC2)nc2sc(-c3ccco3)nc12,8.13,IC50,IC50,7.42
Nc1nc(N2CCN(c3ccccc3)CC2)nc2sc(-c3ccco3)nc12,8.03,IC50,IC50,9.42
Nc1nc(NC2CCN(C3CCCN(Cc4ccccc4)C3)CC2)nc2sc(-c3ccco3)nc12,7.82,IC50,IC50,15.2
Oc1ccc(-c2cnc(N[C@H]3CC[C@H](O)CC3)nc2-c2ccccc2)cc1Cl,8.11,Ki,Ki,7.7
COc1ccc2nc3cc(Cl)ccc3c(Nc3ccc(O)c(CNCCO)c3)c2c1,6.26,IC50,IC50,545.7
CCN1CCCC(Nc2cc(C)nc(NC(=N)Nc3ccc(Cl)c(Cl)c3)n2)C1,6.26,IC50,IC50,545.7
COc1ccc2nc3cc(Cl)ccc3c(NCCNCCO)c2c1,6.26,IC50,IC50,545.7
O[C@H]1CC[C@H]2CN3CCc4c([nH]c5ccccc45)[C@H]3C[C@H]2[C@H]1CNCc1ccccc1,6.26,IC50,IC50,545.7
CN(Cc1ccccc1)C(=O)c1cccc(Nc2cc(-c3ccccc3)ncn2)c1,5.78,IC50,IC50,1.67
Cc1ccc(Nc2nc(N(CCO)Cc3ccccc3)nc3c2cnn3-c2ccccc2)cc1,5.75,IC50,IC50,1.8
Cc1cccc(Nc2nc(NCCCO)nc3c2cnn3-c2ccccc2)c1,7.22,IC50,IC50,60.0
N=c1nc(N)c2c(C(F)(F)F)cc(-c3ccccc3)nc2[nH]1,5.45,Ki,Ki,3.59
O=c1[nH]c(=O)c2c(C(F)(F)F)cc(-c3ccccc3)nc2[nH]1,6.17,Ki,Ki,0.67
CCn1c(Br)nc2c(NCCc3ccccc3)cc(N)cc21,6.58,Ki,Ki,266.0
COCCOc1ccc(N2CCN(CCn3c(=O)n(C)c4c3nc(N)n3nc(-c5nccs5)nc43)CC2)c(F)c1,9.4,Ki,Ki,0.4
O=C(CN1CCCCC1)Nc1ccc2oc(-c3ccco3)nc2c1,6.0,Ki,Ki,1.0
Nc1ccc2oc(-c3ccco3)nc2c1,5.0,Ki,Ki,10.0
Nc1nc(CCCc2ccccc2)nc2cn(-c3ccccc3)nc12,6.37,Ki,Ki,423.0
Nc1nc(NCCc2ccc(O)cc2)nc(Nc2nc(-c3ccc(F)cc3)cs2)n1,8.82,Ki,Ki,1.5
COc1ccc(N2CCOCC2)c2sc(NC(=O)C3(C)CCC(O)CC3)nc12,8.23,Ki,Ki,5.9
COc1ccc(N2CCOCC2)c2sc(NC(=O)C3(C)CCC(C)(O)CC3)nc12,8.07,Ki,Ki,8.6
CCN(CC)C1CCC(C)(C(=O)Nc2nc3c(OC)ccc(N4CCOCC4)c3s2)CC1,8.68,Ki,Ki,2.1
Nc1nc(Cc2ccccc2)cn2c1nc1ccccc12,8.04,IC50,IC50,9.2
Nc1nc(Cc2ccccc2)cn2c1nc1ccccc12,7.51,IC50,IC50,31.0
COc1ccc(N2CCOCC2)c2sc(NC(=O)C(C)(C)Oc3ccc(F)cc3)nc12,7.89,Ki,Ki,13.0
COc1ccc(N2CCOCC2)c2sc(NC(=O)C(C)(C)Oc3ccc(F)c(F)c3)nc12,8.19,Ki,Ki,6.4
COc1cnc(N2CCOCC2)c2sc(NC(=O)C(C)(C)Oc3ccc(F)cc3)nc12,8.47,Ki,Ki,3.4
COc1ccc(N2CCOCC2)c2sc(NC(=O)C3(C)CCC(O)CC3)nc12,8.96,Ki,Ki,1.1
COc1ccc(N2CCOCC2)c2sc(NC(=O)C3(C)CCC(C)(O)CC3)nc12,9.6,Ki,Ki,0.25
CCN(CC)C1CCC(C)(C(=O)Nc2nc3c(OC)ccc(N4CCOCC4)c3s2)CC1,9.7,Ki,Ki,0.2
O=c1oc2c(O)cccc2cc1-c1ccc(Br)cc1,4.92,Ki,Ki,12.1
Nc1cc(-c2ccco2)c2oc(-c3ccco3)nc2c1,7.4,Ki,Ki,40.0
Nc1cc(-c2ccco2)c2oc(-c3ccco3)nc2c1,7.15,IC50,IC50,70.6
CCOc1cc2occ(-c3nc(C)cs3)c(=O)c2cc1CC,7.4,Ki,Ki,40.0
COc1cccc(C(=O)n2nc(-c3ccccc3Cl)nc2N)c1,7.19,Ki,pKi,7.19
Nc1nc(-c2ccccc2Cl)cn1C(=O)c1cccc(Cl)c1,7.19,Ki,pKi,7.19
Nc1nc2c(cnn2CCc2ccccc2)c2nc(-c3ccco3)nn12,8.64,Ki,Ki,2.3
Cn1nc(C(F)(F)F)c(CN2CCN(c3nc(N)n4nc(-c5ccco5)nc4n3)CC2)c1Cl,7.0,Ki,Ki,100.0
Nc1nc(N2CCN3CCC[C@@H]3C2)cc2nc(-c3ccco3)nn12,7.2,Ki,Ki,63.0
CN(CCN1CCN(c2ccc(F)cc2F)CC1)c1nc(N)n2nc(-c3ccco3)nc2n1,8.4,Ki,Ki,4.0
COC[C@H]1CCCN1c1cc(Nc2ccccn2)nc(-n2cccn2)n1,9.66,Ki,Ki,0.22
O[C@H](c1cc(C(F)(F)F)nc2c(C(F)(F)F)cccc12)[C@@H]1CCCCN1,7.21,Ki,Ki,61.0
COc1ccc(N2CCOCC2)c2sc(NC(=O)N3CCC(C)(O)CC3)nc12,7.96,Ki,Ki,11.0
Cc1cccc(Nc2nc(NCCCO)nc3c2cnn3-c2ccccc2)c1,7.27,Ki,Ki,54.0
Nc1ncnc2c1ncn2[C@@H]1O[C@H](CO)[C@@H](O)[C@H]1O,7.76,Kd,Kd,17.3
Nc1nc(NCCc2ccc(O)cc2)nc2nc(-c3ccco3)nn12,9.54,Kd,Kd,286.0
Cn1c(=O)c2nc[nH]c2n(C)c1=O.O,5.44,Kd,Kd,3.63
Oc1ncnc2[nH]ncc12,4.11,Kd,Kd,77.0
Cn1c(=O)c2c(ncn2C)n(C)c1=O,5.26,Kd,Kd,5.51
Nc1nc(Nc2ccccc2)nc2c1ncn2[C@@H]1O[C@H](CO)[C@@H](O)[C@H]1O,8.04,Kd,Kd,9.1
Nc1nsc(-c2ccccc2)n1,3.86,Kd,Kd,139.0
Cc1nn(-c2ccccc2)nc1C(N)=O,3.39,Kd,Kd,410.0
O=C(NCc1ccccc1)c1ccc2nonc2c1,4.0,Kd,Kd,100.0
O=C(Nc1ccc2ccccc2n1)c1ccco1,4.4,Kd,Kd,40.0
Nc1ccc2nnc(-c3ccccc3)n2n1,5.96,Kd,Kd,1.11
NC(=O)c1ncoc1-c1ccccc1,4.5,Kd,Kd,31.8
CC(C)n1ncc2cc(C(=O)NCc3ccco3)cnc21,3.68,Kd,Kd,210.0
O=c1cc(NCc2ccccc2)nc2ccccn12,3.88,Kd,Kd,131.0
Nc1nc(-c2ccccc2)ns1,3.89,Kd,Kd,130.0
Nc1nc(N)c2nccnc2n1,5.02,Kd,Kd,9.6
Cn1c(=O)[nH]c2ccccc2c1=O,4.54,Kd,Kd,28.8
CC(C)NC(=O)c1cc(-c2ccccc2)[nH]n1,4.31,Kd,Kd,49.0
Nc1nc(N)nc(-c2ccccc2)n1,5.82,Kd,Kd,1.5
Nc1nsc(-c2ccc(Cl)cc2)n1,4.66,Kd,Kd,21.8
CS(=O)(=O)c1ccc(C(=O)Nc2cccc(Cl)c2)cc1,4.87,Kd,Kd,13.5
Nc1nncc(-c2ccc(Br)cc2)n1,4.3,Kd,Kd,50.0
O=C(Nc1ccccc1)Nc1ccccn1,4.29,Kd,Kd,50.9
O=C(Nc1n[nH]c2nc(-c3ccco3)c(Br)cc12)C1CC1,6.25,Kd,Kd,0.56
O=C1NC(=O)C(c2cccc(Cl)c2)=C1Nc1ccc(O)c(Cl)c1,6.96,Kd,Kd,0.11
Fc1ccc(-c2nn3ccccc3c2-c2ccncc2)cc1,5.05,Kd,Kd,8.9
Nc1ncnc2c1ncn2[C@@H]1O[C@H](CO)[C@@H](O)[C@H]1O,6.82,Ki,Ki,150.0
Nc1nc(NCCc2ccc(O)cc2)nc2nc(-c3ccco3)nn12,9.4,Ki,Ki,395.0
Nc1nc(Nc2ccccc2)nc2c1ncn2[C@@H]1O[C@H](CO)[C@@H](O)[C@H]1O,7.12,Ki,Ki,76.0
O=C(Nc1ccc2ccccc2n1)c1ccco1,6.78,IC50,pIC50,6.78
Nc1nc(NCCc2ccc(O)cc2)nc2nc(-c3ccco3)nn12,8.82,IC50,pIC50,8.82
CCCCC#Cc1nc(N)c2nc(-c3cccs3)n([C@@H]3OC[C@@H](O)[C@H]3O)c2n1,8.71,Kd,Kd,1.95
CCCCC#Cc1nc(N)c2nc(-c3cccs3)n([C@@H]3OC[C@@H](O)[C@H]3O)c2n1,8.74,Kd,Kd,1.8
CCCCC#Cc1nc(N)c2nc(-c3cccs3)n([C@@H]3OC[C@@H](O)[C@H]3O)c2n1,8.54,Kd,Kd,2.9
CCCCC#Cc1nc(N)c2nc(-c3cccs3)n([C@@H]3OC[C@@H](O)[C@H]3O)c2n1,8.57,Kd,Kd,2.7
CCCCC#Cc1nc(N)c2nc(-c3cccs3)n([C@@H]3OC[C@@H](O)[C@H]3O)c2n1,7.74,Ki,Ki,18.3
CCCCC#Cc1nc(N)c2nc(-c3cccs3)n([C@@H]3OC[C@@H](O)[C@H]3O)c2n1,7.67,Ki,Ki,21.6
CCCCC#Cc1nc(N)c2nc(-c3cccs3)n([C@@H]3OC[C@@H](O)[C@H]3O)c2n1,7.72,Ki,Ki,19.0
CCCCC#Cc1nc(N)c2nc(-c3cccs3)n([C@@H]3OC[C@@H](O)[C@H]3O)c2n1,7.25,Ki,Ki,56.4
CCCCCCNC(=O)c1cn2c(nc3ccccc32)c(N)n1,8.35,Ki,Ki,4.44
CC(C)CNC(=O)c1cn2c(nc3ccccc32)c(N)n1,8.55,Ki,Ki,2.82
Nc1nc(C(=O)NCC(F)F)cn2c1nc1ccccc12,8.46,Ki,Ki,3.43
COCCNC(=O)c1cn2c(nc3ccccc32)c(N)n1,8.45,Ki,Ki,3.52
CC(O)CNC(=O)c1cn2c(nc3ccccc32)c(N)n1,8.27,Ki,Ki,5.34
CC(CO)NC(=O)c1cn2c(nc3ccccc32)c(N)n1,8.26,Ki,Ki,5.47
Nc1nc(C(=O)NCCCO)cn2c1nc1ccccc12,8.09,Ki,Ki,8.05
Nc1nc(C(=O)Nc2ccccc2)cn2c1nc1ccccc12,7.83,Ki,Ki,14.64
Cc1ccc(NC(=O)c2cn3c(nc4ccccc43)c(N)n2)cc1,8.4,Ki,Ki,4.0
COc1cccc(NC(=O)c2cn3c(nc4ccccc43)c(N)n2)c1,8.19,Ki,Ki,6.44
Nc1nc(C(=O)Nc2ccc(Cl)cc2)cn2c1nc1ccccc12,8.33,Ki,Ki,4.71
Nc1nc(C(=O)Nc2ccccn2)cn2c1nc1ccccc12,8.27,Ki,Ki,5.33
Nc1nc(C(=O)NCc2ccccc2)cn2c1nc1ccccc12,8.36,Ki,Ki,4.42
Nc1nc(C(=O)NCc2cccc(Cl)c2)cn2c1nc1ccccc12,7.55,Ki,Ki,28.29
Nc1nc(C(=O)NCc2ccccn2)cn2c1nc1ccccc12,9.52,Ki,Ki,0.302
Nc1nc(C(=O)NCc2ccco2)cn2c1nc1ccccc12,8.65,Ki,Ki,2.23
Nc1nc(C(=O)NCc2cccc3cccnc23)cn2c1nc1ccccc12,8.54,Ki,Ki,2.91
Nc1nc(C(=O)NCCc2cccc(Cl)c2)cn2c1nc1ccccc12,7.4,Ki,Ki,40.04
COc1ccc(CCNC(=O)c2cn3c(nc4ccccc43)c(N)n2)cc1,7.57,Ki,Ki,26.94
Nc1nc(C(=O)NCCc2ccc(O)cc2)cn2c1nc1ccccc12,7.78,Ki,Ki,16.59
Nc1nc(C(=O)NCCc2ccc3c(c2)OCO3)cn2c1nc1ccccc12,8.08,Ki,Ki,8.4
Nc1nc(C(=O)NCCc2ccccn2)cn2c1nc1ccccc12,8.75,Ki,Ki,1.79
Nc1nc(C(=O)Nc2cccnc2)cn2c1nc1ccccc12,8.68,Ki,Ki,2.07
Nc1nc(C(=O)NCc2cccnc2)cn2c1nc1ccccc12,9.07,Ki,Ki,0.85
Nc1nc(C(=O)NCc2ccncc2)cn2c1nc1ccccc12,8.82,Ki,Ki,1.51
Nc1nc(C(=O)NCCc2cccnc2)cn2c1nc1ccccc12,8.51,Ki,Ki,3.09
Nc1nc(C(=O)NCCc2ccncc2)cn2c1nc1ccccc12,8.48,Ki,Ki,3.31
Cl.Cl.Nc1nc(C(=O)NCc2ccccn2)cn2c1nc1ccccc12,10.09,Ki,Ki,0.081
Cc1cc(-c2nnc(N)nc2-c2ccc(F)cc2)cc(Cl)n1,8.76,Ki,Ki,1.72
Nc1nc(C(=O)NCc2ccccn2)cn2c1nc1ccccc12,7.16,IC50,IC50,69.9
Nc1nc(C(=O)NCCc2ccccn2)cn2c1nc1ccccc12,6.19,IC50,IC50,646.8
Nc1nc(C(=O)NCc2cccnc2)cn2c1nc1ccccc12,6.76,IC50,IC50,171.6
Nc1nc(C(=O)NCc2ccncc2)cn2c1nc1ccccc12,5.97,IC50,IC50,1059.0
Cl.Cl.Nc1nc(C(=O)NCc2ccccn2)cn2c1nc1ccccc12,7.98,IC50,IC50,10.5
Cc1cc(-c2nnc(N)nc2-c2ccc(F)cc2)cc(Cl)n1,6.53,IC50,IC50,298.8
CNC(=O)[C@@]12C[C@@H]1[C@@H](n1cnc3c(NCc4ccc(O)c(OC)c4)nc(C#Cc4ccc(Cl)s4)nc31)[C@H](O)[C@@H]2O,5.09,Ki,Ki,8210.0
CNC(=O)[C@@]12C[C@@H]1[C@@H](n1cnc3c(NCCc4ccc(OC)c(O)c4)nc(OC)nc31)[C@H](O)[C@@H]2O,4.99,Ki,Ki,10200.0
CNC(=O)[C@@]12C[C@@H]1[C@@H](n1cnc3c(NCCc4ccc(OC)c(O)c4)nc(OCC(C)C)nc31)[C@H](O)[C@@H]2O,6.23,Ki,Ki,588.0
COc1cc(CCNc2nc(OCC(C)C)nc3c2ncn3[C@H]2[C@H](O)[C@H](O)[C@@H]3C[C@@H]32)ccc1O,5.3,Ki,Ki,5050.0
CNC(=O)[C@@]12C[C@@H]1[C@@H](n1cnc3c(NCCc4ccc(OC)c(O)c4)nc(OCC4CC4)nc31)[C@H](O)[C@@H]2O,5.33,Ki,Ki,4720.0
CNC(=O)[C@@]12C[C@@H]1[C@@H](n1cnc3c(NCCc4ccc(OC)c(O)c4)nc(OCCC(C)C)nc31)[C@H](O)[C@@H]2O,5.31,Ki,Ki,4860.0
O[C@@H]1[C@H](O)[C@@H]2C[C@@H]2[C@H]1n1cnc2c(NCCc3ccccc3)nc(I)nc21,5.23,Ki,Ki,5860.0
Nc1nc(-c2ccco2)c2cnn(CCCCC(=O)NO)c2n1,5.81,Ki,Ki,1562.5
Nc1nc(-c2ccco2)c2cnn(CCCCCC(=O)NO)c2n1,6.11,Ki,Ki,777.5
Nc1nc(-c2ccco2)c2cnn(CCCCCCC(=O)NO)c2n1,6.52,Ki,Ki,301.0
Nc1nc(-c2ccco2)c2cnn(CCCCCCCC(=O)NO)c2n1,6.56,Ki,Ki,276.0
Cc1ccc(-c2nc(N)nc3c2cnn3CCCCC(=O)NO)o1,5.74,Ki,Ki,1827.5
Cc1ccc(-c2nc(N)nc3c2cnn3CCCCCC(=O)NO)o1,6.21,Ki,Ki,617.5
Cc1ccc(-c2nc(N)nc3c2cnn3CCCCCCC(=O)NO)o1,6.48,Ki,Ki,334.3
Cc1ccc(-c2nc(N)nc3c2cnn3CCCCCCCC(=O)NO)o1,6.23,Ki,Ki,585.0
Cc1cc(Cn2nnc3c(-c4ccco4)nc(N)nc32)ccc1N,9.1,Ki,Ki,0.79
Nc1nc(-c2ccco2)c2cnn(Cc3ccc(C(=O)NO)cc3)c2n1,6.06,Ki,Ki,862.5
Cc1ccc(-c2nc(N)nc3c2cnn3Cc2ccc(C(=O)NO)cc2)o1,5.6,Ki,Ki,2535.0
Nc1nc(-c2ccco2)c2cnn(CCc3ccc(C(=O)NO)cc3)c2n1,6.36,Ki,Ki,435.5
Cc1ccc(-c2nc(N)nc3c2cnn3CCc2ccc(C(=O)NO)cc2)o1,6.53,Ki,Ki,294.8
Nc1nc(-c2ccco2)c2cnn(CCCc3ccc(C(=O)NO)cc3)c2n1,6.06,Ki,Ki,862.5
Nc1nc(-c2ccco2)c2cnn(Cc3ccc(C(=O)Nc4ccccc4N)cc3)c2n1,5.76,Ki,Ki,1717.5
Nc1nc(-c2ccco2)c2cnn(CCc3ccc(C(=O)Nc4ccccc4N)cc3)c2n1,6.79,Ki,Ki,163.5
Cc1ccc(-c2nc(N)nc3c2cnn3CCc2ccc(C(=O)Nc3ccccc3N)cc2)o1,6.9,Ki,Ki,124.8
Nc1nc(-c2ccco2)c2cnn(CCOc3ccc(C(=O)Nc4ccccc4N)cc3)c2n1,6.01,Ki,Ki,974.0
Nc1nc(-c2ccco2)c2cnn(CCCc3ccc(C(=O)Nc4ccccc4N)cc3)c2n1,6.85,Ki,Ki,140.0
Nc1nc(-c2ccco2)c2cnn(CCCOc3ccc(C(=O)Nc4ccccc4N)cc3)c2n1,6.83,Ki,Ki,147.3
Cc1ccc(-c2nc(N)nc3c2cnn3CCCOc2ccc(C(=O)Nc3ccccc3N)cc2)o1,6.97,Ki,Ki,107.3
Nc1nc(-c2ccco2)c2cnn(Cc3ccc(/C=C/C(=O)NO)cc3)c2n1,5.45,Ki,Ki,3587.5
Nc1nc(-c2ccco2)c2cnn(Cc3cccc(/C=C/C(=O)NO)c3)c2n1,6.88,Ki,Ki,130.3
Cc1ccc(-c2nc(N)nc3c2cnn3Cc2cccc(/C=C/C(=O)NO)c2)o1,6.42,Ki,Ki,378.0
Nc1nc(-c2ccco2)c2cnn(Cc3cccc(/C=C/C(=O)Nc4ccccc4N)c3)c2n1,7.45,Ki,Ki,35.8
Cc1ccc(-c2nc(N)nc3c2cnn3Cc2cccc(/C=C/C(=O)Nc3ccccc3N)c2)o1,7.6,Ki,Ki,25.0
Nc1nc(-c2ccco2)c2cnn(Cc3cccc(OCCCCC(=O)NO)c3)c2n1,8.14,Ki,Ki,7.3
Nc1nc(-c2ccco2)c2cnn(Cc3cccc(OCCCCCC(=O)NO)c3)c2n1,7.96,Ki,Ki,10.9
Nc1nc(-c2ccco2)c2cnn(Cc3cccc(OCCCCCCC(=O)NO)c3)c2n1,7.99,Ki,Ki,10.3
Cc1ccc(-c2nc(N)nc3c2cnn3Cc2cccc(OCCCCC(=O)NO)c2)o1,7.59,Ki,Ki,25.9
Cc1ccc(-c2nc(N)nc3c2cnn3Cc2cccc(OCCCCCC(=O)NO)c2)o1,7.91,Ki,Ki,12.3
Cc1ccc(-c2nc(N)nc3c2cnn3Cc2cccc(OCCCCCCC(=O)NO)c2)o1,7.28,Ki,Ki,52.8
Nc1nc(-c2ccco2)c2cnn(Cc3cccc(OCCCCC(=O)NO)n3)c2n1,7.29,Ki,Ki,50.7
Nc1nc(-c2ccco2)c2cnn(Cc3cccc(OCCCCCC(=O)NO)n3)c2n1,7.17,Ki,Ki,68.3
Nc1nc(-c2ccco2)c2cnn(Cc3cccc(OCCCCCCC(=O)NO)n3)c2n1,7.83,Ki,Ki,14.7
Cc1ccc(-c2nc(N)nc3c2cnn3Cc2cccc(OCCCCC(=O)NO)n2)o1,7.14,Ki,Ki,72.0
Cc1ccc(-c2nc(N)nc3c2cnn3Cc2cccc(OCCCCCC(=O)NO)n2)o1,7.14,Ki,Ki,72.8
Cc1ccc(-c2nc(N)nc3c2cnn3Cc2cccc(OCCCCCCC(=O)NO)n2)o1,6.8,Ki,Ki,159.3
Nc1nc(-c2ccco2)c2cnn(Cc3ccc(N)c(OCCCCCCC(=O)NO)c3)c2n1,7.82,Ki,Ki,15.0
Cc1ccc(-c2nc(N)nc3c2cnn3Cc2ccc(N)c(OCCCCCCC(=O)NO)c2)o1,7.13,Ki,Ki,74.3
C[C@@H]1CCNC(=O)c2cc3ccc(C(=O)Nc4nc5ccccc5n4CCCN(C)C)cc3n21,5.85,IC50,IC50,1420.0
Clc1cc2c(NC3CCCC3)nnc(-c3ccncc3)c2cc1Cl,7.55,Ki,Ki,28.0
Cn1c(=O)c2c(ncn2C)n(C)c1=O,5.02,IC50,IC50,9.6
Cn1c(=O)c2c(ncn2C)n(C)c1=O,4.3,Ki,pKi,4.3
Nc1ncnc2c1ncn2[C@H]1[C@H](O)[C@H](O)[C@@]2(CO)C[C@H]12,4.65,Ki,Ki,22500.0
COc1cccc2cc(C(N)=O)c(=N)oc12,7.1,Ki,pKi,7.1
Cc1cc(-c2nnc(N)nc2-c2ccc(F)cc2)cc(Cl)n1,8.77,Ki,Ki,1.7
CCCn1c(=O)c2[nH]c(C3CCCC3)nc2n(CCC)c1=O,6.8,Ki,Ki,157.0
Nc1nc(NCCc2ccc(O)cc2)nc2nc(-c3ccco3)nn12,8.72,Ki,Ki,1.9
CCNC(=O)[C@H]1O[C@@H](n2cnc3c(N)ncnc32)[C@H](O)[C@@H]1O,7.7,Ki,Ki,20.0
CC1=C(C(=O)OC(C)C)C(c2ccoc2)n2c(nc3cc(Cl)ccc32)N1,6.75,Ki,Ki,176.0
CC1=C(C(=O)OC(C)C)C(c2ccoc2)n2c(nc3cc(Br)ccc32)N1,6.29,Ki,Ki,509.0
CC1=C(C(=O)OC(C)C)[C@@H](c2ccoc2)n2c(nc3cc(Cl)ccc32)N1,7.02,Ki,Ki,96.3
CCN1CCN(Cc2ccc3cc(C(=O)Nc4cc(NC(=O)c5ccc6c(c5)OCCO6)ccc4F)ccc3n2)CC1,5.7,IC50,IC50,2.0
O=c1[nH]nc(NC2CCCC2)c2nnn(Cc3cccs3)c12,6.05,Ki,Ki,895.0
CCCCC#Cc1nc(N)c2nc(-c3ccco3)n([C@@H]3OC[C@@H](O)[C@H]3O)c2n1,7.75,Ki,Ki,18.0
CCCCC#Cc1nc(N)c2nc(-c3ccco3)n([C@@H]3OC[C@@H](O)[C@H]3O)c2n1,7.75,Ki,Ki,18.0
CCCCC#Cc1nc(NC)c2nc(-c3ccco3)n([C@@H]3OC[C@@H](O)[C@H]3O)c2n1,7.3,Ki,Ki,50.0
CCCCC#Cc1nc(NCc2cccc(I)c2)c2nc(-c3ccco3)n([C@@H]3OC[C@@H](O)[C@H]3O)c2n1,6.24,Ki,Ki,579.0
CCCCC#Cc1nc(N)c2nc(-c3cccs3)n([C@@H]3OC[C@@H](O)[C@H]3O)c2n1,8.11,Ki,Ki,7.7
CCCCC#Cc1nc(NC)c2nc(-c3cccs3)n([C@@H]3OC[C@@H](O)[C@H]3O)c2n1,6.9,Ki,Ki,126.0
CCCCC#Cc1nc(NCc2cccc(I)c2)c2nc(-c3cccs3)n([C@@H]3OC[C@@H](O)[C@H]3O)c2n1,6.29,Ki,Ki,513.0
CCCCC#Cc1nc(N)c2nc(-c3ccco3)n([C@@H]3SC[C@@H](O)[C@H]3O)c2n1,7.88,Ki,Ki,13.2
CCCCC#Cc1nc(NC)c2nc(-c3ccco3)n([C@@H]3SC[C@@H](O)[C@H]3O)c2n1,6.8,Ki,Ki,159.0
CCCCC#Cc1nc(N)c2nc(-c3cccs3)n([C@@H]3SC[C@@H](O)[C@H]3O)c2n1,7.21,Ki,Ki,61.4
CCCCC#Cc1nc(NC)c2nc(-c3cccs3)n([C@@H]3SC[C@@H](O)[C@H]3O)c2n1,5.55,Ki,Ki,2820.0
Nc1nc(Cl)nc2c1nc(-c1ccco1)n2[C@@H]1SC[C@@H](O)[C@H]1O,6.85,Ki,Ki,140.0
CNc1nc(Cl)nc2c1nc(-c1ccco1)n2[C@@H]1SC[C@@H](O)[C@H]1O,6.12,Ki,Ki,752.0
O[C@@H]1[C@H](O)CS[C@H]1n1c(-c2ccco2)nc2c(NCc3cccc(I)c3)nc(Cl)nc21,6.47,Ki,Ki,336.0
Nc1nc(Cl)nc2c1nc(-c1cccs1)n2[C@@H]1SC[C@@H](O)[C@H]1O,6.34,Ki,Ki,459.0
CNc1nc(Cl)nc2c1nc(-c1cccs1)n2[C@@H]1SC[C@@H](O)[C@H]1O,6.02,Ki,Ki,955.0
O[C@@H]1[C@H](O)CS[C@H]1n1c(-c2cccs2)nc2c(NCc3cccc(I)c3)nc(Cl)nc21,6.14,Ki,Ki,720.0
Nc1nc(NCCc2ccc(O)cc2)nc2c1nc(-c1ccco1)n2[C@@H]1SC[C@@H](O)[C@H]1O,6.95,Ki,Ki,112.0
CNc1nc(NCCc2ccc(O)cc2)nc2c1nc(-c1ccco1)n2[C@@H]1SC[C@@H](O)[C@H]1O,6.33,Ki,Ki,468.0
Nc1nc(NCCc2ccc(O)cc2)nc2c1nc(-c1cccs1)n2[C@@H]1SC[C@@H](O)[C@H]1O,6.02,Ki,Ki,946.0
CNc1nc(NCCc2ccc(O)cc2)nc2c1nc(-c1cccs1)n2[C@@H]1SC[C@@H](O)[C@H]1O,6.04,Ki,Ki,917.0
COc1cccc2c1nc(N)n1nc(C3CC3c3nc4ccccc4n3C)nc21,9.52,IC50,IC50,0.3
COc1cccc2c1nc(N)n1nc(C3CC3c3ccc4c(c3)CCNC4)nc21,8.96,IC50,IC50,1.1
COc1cccc2c1nc(N)n1nc([C@H]3C[C@H](c4ccc(C(C)(C)O)cn4)C3)nc21,8.89,IC50,IC50,1.3
COc1cccc2c1nc(N)n1nc([C@H]3C[C@H](c4ncc(C(C)(C)N)cc4C)C3)nc21,9.22,IC50,IC50,0.6
COc1cccc2c1nc(N)n1nc([C@H]3C[C@H](c4ncc(C(C)(C)N)cc4Cl)C3)nc21,9.1,IC50,IC50,0.8
COc1cccc2c1nc(N)n1nc(C3CCC(c4ccc(C(C)(C)N)cn4)C3)nc21,8.85,IC50,IC50,1.4
Nc1nc(-c2ccccc2)cc(-c2ccn(Cc3ccccc3)c(=O)c2)n1,5.41,IC50,IC50,3907.0
N#Cc1cccc(-c2cc(-c3ccn(Cc4ccccc4)c(=O)c3)nc(N)n2)c1,4.84,IC50,IC50,14436.0
Cc1c(C#N)cccc1-c1cc(-c2ccn(Cc3ccccc3)c(=O)c2)nc(N)n1,7.16,IC50,IC50,69.5
Cc1ccc(-c2nc(N)nc3c2nnn3Cc2cccc(CO[C@H]3CCOC3)n2)o1,7.1,IC50,IC50,80.0
Cc1c(C#N)cccc1-c1cc(-c2ccn(CCc3ccccc3)c(=O)c2)nc(N)n1,6.77,IC50,IC50,168.2
Cc1ccccc1Cn1ccc(-c2cc(-c3cccc(C#N)c3C)nc(N)n2)cc1=O,5.96,IC50,IC50,1095.0
Cc1cccc(Cn2ccc(-c3cc(-c4cccc(C#N)c4C)nc(N)n3)cc2=O)c1,7.14,IC50,IC50,72.8
Cc1ccc(Cn2ccc(-c3cc(-c4cccc(C#N)c4C)nc(N)n3)cc2=O)cc1,6.37,IC50,IC50,424.1
COC(=O)c1ccccc1Cn1ccc(-c2cc(-c3cccc(C#N)c3C)nc(N)n2)cc1=O,6.79,IC50,IC50,161.3
COC(=O)c1cccc(Cn2ccc(-c3cc(-c4cccc(C#N)c4C)nc(N)n3)cc2=O)c1,6.94,IC50,IC50,115.9
COC(=O)c1ccc(Cn2ccc(-c3cc(-c4cccc(C#N)c4C)nc(N)n3)cc2=O)cc1,5.45,IC50,IC50,3520.0
Cc1c(C#N)cccc1-c1cc(-c2ccn(Cc3cccc(F)c3)c(=O)c2)nc(N)n1,6.89,IC50,IC50,128.8
Cc1c(C#N)cccc1-c1cc(-c2ccn(Cc3cccc(Cl)c3)c(=O)c2)nc(N)n1,6.87,IC50,IC50,133.6
Cc1c(C#N)cccc1-c1cc(-c2ccn(Cc3cccc(Br)c3)c(=O)c2)nc(N)n1,6.4,IC50,IC50,398.2
Cc1c(C#N)cccc1-c1cc(-c2ccn(Cc3cccc(C#N)c3)c(=O)c2)nc(N)n1,6.71,IC50,IC50,195.4
Cc1c(C#N)cccc1-c1cc(-c2ccn(Cc3cccc(S(N)(=O)=O)c3)c(=O)c2)nc(N)n1,6.34,IC50,IC50,452.9
Cc1c(C#N)cccc1-c1cc(-c2ccn(Cc3cccc(S(C)(=O)=O)c3)c(=O)c2)nc(N)n1,6.88,IC50,IC50,131.6
Cc1c(C#N)cccc1-c1cc(-c2ccn(Cc3cccc(O)c3)c(=O)c2)nc(N)n1,6.11,IC50,IC50,774.21
COc1cccc(Cn2ccc(-c3cc(-c4cccc(C#N)c4C)nc(N)n3)cc2=O)c1,6.74,IC50,IC50,182.6
Cc1c(C#N)cccc1-c1cc(-c2ccn(Cc3cccc(CO)c3)c(=O)c2)nc(N)n1,7.26,IC50,IC50,55.3
COCc1cccc(Cn2ccc(-c3cc(-c4cccc(C#N)c4C)nc(N)n3)cc2=O)c1,6.86,IC50,IC50,139.3
Cc1c(C#N)cccc1-c1cc(-c2ccn(Cc3cccc(OCC(=O)O)c3)c(=O)c2)nc(N)n1,5.68,IC50,IC50,2074.0
COC(=O)COc1cccc(Cn2ccc(-c3cc(-c4cccc(C#N)c4C)nc(N)n3)cc2=O)c1,5.94,IC50,IC50,1155.0
Cc1c(C#N)cccc1-c1cc(-c2ccn(Cc3cccc(C(C)(C)O)c3)c(=O)c2)nc(N)n1,7.54,IC50,IC50,29.01
Cc1c(C#N)cccc1-c1cc(-c2ccn(Cc3cccc(C(C)(C)F)c3)c(=O)c2)nc(N)n1,7.25,IC50,IC50,56.1
Cc1c(C#N)cccc1-c1cc(-c2ccn(Cc3cccc(C(C)(C)O)n3)c(=O)c2)nc(N)n1,8.05,IC50,IC50,9.0
Cc1c(C#N)cccc1-c1cc(-c2ccn(Cc3cccc(C(C)(C)F)n3)c(=O)c2)nc(N)n1,7.99,IC50,IC50,10.3
Cc1c(C#N)cccc1-c1nc(N)nc(-c2ccn(Cc3cccc(C(C)(C)O)c3)c(=O)c2)c1F,6.8,IC50,IC50,157.2
Cc1c(C#N)cccc1-c1cc(-c2ccn(Cc3cccc(C(C)(C)O)c3)c(=O)c2)nc(N)n1,6.49,IC50,IC50,325.4
Cc1c(C#N)cccc1-c1cc(-c2ccn(Cc3cccc(C(C)(C)O)c3)c(=O)c2)nc(N)n1,5.87,IC50,IC50,1357.0
CCCCC#Cc1nc2c(N)nc(-c3ccco3)nc2n1[C@@H]1OC[C@@H](O)[C@H]1O,7.69,Ki,Ki,20.5
CCCCC#Cc1nc2c(NC)nc(-c3ccco3)nc2n1[C@@H]1OC[C@@H](O)[C@H]1O,6.39,Ki,Ki,409.0
CCCCC#Cc1nc2c(NCc3cccc(I)c3)nc(-c3ccco3)nc2n1[C@@H]1OC[C@@H](O)[C@H]1O,6.16,Ki,Ki,692.0
CCCCC#Cc1nc2c(N)nc(-c3cccs3)nc2n1[C@@H]1OC[C@@H](O)[C@H]1O,7.59,Ki,Ki,25.9
CCCCC#Cc1nc2c(NC)nc(-c3cccs3)nc2n1[C@@H]1OC[C@@H](O)[C@H]1O,5.5,Ki,Ki,3170.0
CCCCC#Cc1nc2c(N)nc(-c3ccco3)nc2n1[C@@H]1SC[C@@H](O)[C@H]1O,7.75,Ki,Ki,17.8
CCCCC#Cc1nc2c(NC)nc(-c3ccco3)nc2n1[C@@H]1SC[C@@H](O)[C@H]1O,6.85,Ki,Ki,140.0
CCCCC#Cc1nc2c(NCc3cccc(I)c3)nc(-c3ccco3)nc2n1[C@@H]1SC[C@@H](O)[C@H]1O,6.31,Ki,Ki,491.0
CCCCC#Cc1nc2c(N)nc(-c3cccs3)nc2n1[C@@H]1SC[C@@H](O)[C@H]1O,6.92,Ki,Ki,119.0
CCCCC#Cc1nc2c(NC)nc(-c3cccs3)nc2n1[C@@H]1SC[C@@H](O)[C@H]1O,6.15,Ki,Ki,704.0
CCCCC#Cc1nc2c(NCc3cccc(I)c3)nc(-c3cccs3)nc2n1[C@@H]1SC[C@@H](O)[C@H]1O,5.99,Ki,Ki,1020.0
CCCCC#Cc1nc2c(N)nc(-c3ccco3)nc2[nH]1,8.3,Ki,Ki,5.0
CCCCC#Cc1nc2c(NC)nc(-c3ccco3)nc2[nH]1,7.16,Ki,Ki,69.2
CCCCC#Cc1nc2c(NCc3cccc(I)c3)nc(-c3ccco3)nc2[nH]1,6.25,Ki,Ki,564.0
CCCCC#Cc1nc2c(N)nc(-c3cccs3)nc2[nH]1,8.39,Ki,Ki,4.1
CCCCC#Cc1nc2c(NC)nc(-c3cccs3)nc2[nH]1,7.3,Ki,Ki,49.6
CCCCC#Cc1nc2c(NCc3cccc(I)c3)nc(-c3cccs3)nc2[nH]1,6.44,Ki,Ki,360.0
CCCCC#Cc1nc(N)c2nc(-c3ccco3)[nH]c2n1,8.29,Ki,Ki,5.1
CCCCC#Cc1nc(NC)c2nc(-c3ccco3)[nH]c2n1,6.91,Ki,Ki,122.0
CCCCC#Cc1nc(N)c2nc(-c3cccs3)[nH]c2n1,8.08,Ki,Ki,8.3
CCCCC#Cc1nc(NC)c2nc(-c3cccs3)[nH]c2n1,7.18,Ki,Ki,66.0
Cc1ccc(-c2nc(N)nc3c2nnn3Cc2cccc(CO[C@H]3CCOC3)n2)o1,8.48,Ki,Ki,3.3
CCCCC#Cc1nc(N)c2nc(C#CCCCC)n([C@@H]3OC[C@@H](O)[C@H]3O)c2n1,6.88,Ki,Ki,133.0
Nc1nc(-c2ccco2)nc2c1nc(-c1ccco1)n2[C@@H]1OC[C@@H](O)[C@H]1O,7.89,Ki,Ki,13.0
Nc1nc(-c2ccco2)nc2[nH]c(-c3ccco3)nc12,7.51,Ki,Ki,30.7
Nc1nc(-c2cccs2)nc2[nH]c(-c3cccs3)nc12,7.83,Ki,Ki,14.8
Cc1c(C#N)cccc1-c1cc(-c2cn(Cc3cccc(C(C)(C)O)n3)nn2)nc(N)n1,8.12,IC50,IC50,7.5
Cc1c(C#N)cccc1-c1cc(-c2cn(Cc3ccc4[nH]ccc4c3)nn2)nc(N)n1,6.0,IC50,IC50,1012.0
Cc1c(C#N)cccc1-c1cc(-c2cn(Cc3cccc4[nH]ccc34)nn2)nc(N)n1,5.24,IC50,IC50,5816.3
Cc1c(C#N)cccc1-c1cc(-c2cn(Cc3ccc4cc[nH]c4c3)nn2)nc(N)n1,6.37,IC50,IC50,427.4
Cc1c(C#N)cccc1-c1cc(-c2cn(Cc3cccc4cc[nH]c34)nn2)nc(N)n1,5.1,IC50,IC50,7861.6
Cc1c(C#N)cccc1-c1cc(-c2cn(Cc3cc4ccccc4[nH]3)nn2)nc(N)n1,5.61,IC50,IC50,2476.3
Cc1c(C#N)cccc1-c1cc(-c2cn(Cc3c[nH]c4ccccc34)nn2)nc(N)n1,6.95,IC50,IC50,112.0
Cc1c(C#N)cccc1-c1cc(-c2cn(Cc3n[nH]c4ccccc34)nn2)nc(N)n1,6.89,IC50,IC50,129.2
Cc1c(C#N)cccc1-c1cc(-c2cn(Cc3c[nH]c4cccnc34)nn2)nc(N)n1,7.43,IC50,IC50,36.7
Cc1c(C#N)cccc1-c1cc(-c2cn(Cc3c[nH]c4ccncc34)nn2)nc(N)n1,6.77,IC50,IC50,169.0
Cc1c(C#N)cccc1-c1cc(-c2cn(Cc3c[nH]c4cnccc34)nn2)nc(N)n1,5.72,IC50,IC50,1908.3
Cc1c(C#N)cccc1-c1cc(-c2cn(Cc3c[nH]c4ncccc34)nn2)nc(N)n1,5.65,IC50,IC50,2255.5
Cc1c(C#N)cccc1-c1cc(-c2cn(Cc3csc4ccccc34)nn2)nc(N)n1,7.46,IC50,IC50,34.8
Cc1c(C#N)cccc1-c1cc(-c2cn(Cc3csc4c3CCCC4)nn2)nc(N)n1,7.94,IC50,IC50,11.6
Cc1c(C#N)cccc1-c1cc(-c2cn(Cc3c[nH]c4cccc(Cl)c34)nn2)nc(N)n1,6.76,IC50,IC50,172.0
Cc1c(C#N)cccc1-c1cc(-c2cn(Cc3c[nH]c4ccc(Cl)cc34)nn2)nc(N)n1,6.61,IC50,IC50,244.2
Cc1c(C#N)cccc1-c1cc(-c2cn(Cc3c[nH]c4cc(Cl)ccc34)nn2)nc(N)n1,6.12,IC50,IC50,753.4
Cc1c(C#N)cccc1-c1cc(-c2cn(Cc3c[nH]c4c(Cl)cccc34)nn2)nc(N)n1,5.94,IC50,IC50,1144.0
Cc1c(C#N)cccc1-c1cc(-c2cn(Cc3c[nH]c4cc(Cl)c(Cl)cc34)nn2)nc(N)n1,5.2,IC50,IC50,6316.5
Cc1ccc2[nH]cc(Cn3cc(-c4cc(-c5cccc(C#N)c5C)nc(N)n4)nn3)c2c1,6.99,IC50,IC50,103.3
Cc1ccc2c(Cn3cc(-c4cc(-c5cccc(C#N)c5C)nc(N)n4)nn3)c[nH]c2c1,6.49,IC50,IC50,323.9
COc1ccc2[nH]cc(Cn3cc(-c4cc(-c5cccc(C#N)c5C)nc(N)n4)nn3)c2c1,7.27,IC50,IC50,53.5
COc1ccc2c(Cn3cc(-c4cc(-c5cccc(C#N)c5C)nc(N)n4)nn3)c[nH]c2c1,6.88,IC50,IC50,133.2
Cc1c(C#N)cccc1-c1cc(-c2cn(Cc3c[nH]c4ccc(OC(C)C)cc34)nn2)nc(N)n1,7.16,IC50,IC50,69.9
Cc1c(C#N)cccc1-c1cc(-c2cn(Cc3c[nH]c4cc(OC(C)C)ccc34)nn2)nc(N)n1,5.41,IC50,IC50,3852.5
Cc1c(C#N)cccc1-c1cc(-c2cn(Cc3c[nH]c4ccc(OC5CCCC5)cc34)nn2)nc(N)n1,7.01,IC50,IC50,97.4
Cc1c(C#N)cccc1-c1cc(-c2cn(Cc3c[nH]c4cc(OC5CCCC5)ccc34)nn2)nc(N)n1,5.68,IC50,IC50,2109.8
Cc1c(C#N)cccc1-c1cc(-c2cn(Cc3c[nH]c4ccc(F)cc34)nn2)nc(N)n1,7.2,IC50,IC50,63.3
Cc1c(C#N)cccc1-c1cc(-c2cn(Cc3c[nH]c4cc(F)ccc34)nn2)nc(N)n1,6.92,IC50,IC50,120.1
COC(=O)c1ccc2[nH]cc(Cn3cc(-c4cc(-c5cccc(C#N)c5C)nc(N)n4)nn3)c2c1,7.15,IC50,IC50,70.2
Cc1c(C#N)cccc1-c1cc(-c2cn(Cc3c[nH]c4ccc(S(C)(=O)=O)cc34)nn2)nc(N)n1,7.74,IC50,IC50,18.3
Cc1c(C#N)cccc1-c1cc(-c2cn(Cc3c[nH]c4cc(S(C)(=O)=O)ccc34)nn2)nc(N)n1,6.37,IC50,IC50,430.6
Cc1c(C#N)cccc1-c1cc(-c2cn(Cc3c[nH]c4ccc(C#N)cc34)nn2)nc(N)n1,7.95,IC50,IC50,11.2
Cc1c(C#N)cccc1-c1cc(-c2cn(Cc3c[nH]c4cc(C#N)ccc34)nn2)nc(N)n1,6.62,IC50,IC50,242.4
Cc1c(C#N)cccc1-c1cc(-c2cn(Cc3cccc(C(C)(C)O)n3)nn2)nc(N)n1,9.07,Ki,pKi,9.07
Nc1nc2c(cnn2CCc2ccccc2)c2nc(-c3ccco3)nn12,7.82,IC50,IC50,15.0
Cc1c(C#N)cccc1-c1cc(-c2cn(Cc3c[nH]c4ccc(C#N)cc34)nn2)nc(N)n1,8.14,IC50,IC50,7.3
Cc1c(C#N)cccc1-c1cc(-c2cn(Cc3c[nH]c4ccc(C#N)cc34)nn2)nc(N)n1,8.79,Kd,pA2,8.79
Nc1nc2c3ccccc3nc(-c3cccs3)n2n1,7.87,Ki,Ki,13.6
Nc1nc2c3cc(Br)ccc3nc(-c3ccccc3)n2n1,7.49,Ki,Ki,32.7
COc1cccc2c1nc(N)n1nc(C3CC3c3nc4ccccc4n3C)nc21,9.52,IC50,IC50,0.3
COc1cccc2c1nc(N)n1nc(C3CC3c3ccc4c(c3)CCNC4)nc21,9.52,IC50,IC50,0.3
COc1cccc2c1nc(N)n1nc([C@H]3C[C@H](c4ccc(C(C)(C)O)cn4)C3)nc21,9.52,IC50,IC50,0.3
COc1cccc2c1nc(N)n1nc([C@H]3C[C@H](c4ncc(C(C)(C)N)cc4C)C3)nc21,9.52,IC50,IC50,0.3
COc1cccc2c1nc(N)n1nc([C@H]3C[C@H](c4ncc(C(C)(C)N)cc4Cl)C3)nc21,9.52,IC50,IC50,0.3
COc1cccc2c1nc(N)n1nc(C3CCC(c4ccc(C(C)(C)N)cn4)C3)nc21,9.52,IC50,IC50,0.3
Clc1cc2c(NC3CCCC3)nnc(-c3ccncc3)c2cc1Cl,7.55,Ki,Ki,0.028
O=C(c1nnc(NC2CCCC2)c2cc(Cl)c(Cl)cc12)N1CCC(O)CC1,4.7,Ki,Ki,20.0
Nc1nc(NCc2ccccc2)nc(-c2ccccc2CO)n1,6.66,Ki,Ki,220.0
CCNC(=O)[C@H]1O[C@@H](n2cnc3c(N)ncnc32)[C@H](O)[C@@H]1O,7.47,IC50,IC50,3.4
CCNC(=O)[C@H]1O[C@@H](n2cnc3c(N)ncnc32)[C@H](O)[C@@H]1O,7.55,Ki,Ki,2.8
COc1cccc2c(C(=O)NCc3nc(C(C)(C)O)ccc3C)nc(N)nc12,9.22,Ki,Ki,0.6
COc1cccc2c(C(=O)NCc3cccc(C(C)(O)C(F)(F)F)n3)nc(N)nc12,9.3,Ki,Ki,0.5
COc1cccc2c(C(=O)NCc3cccc(C4(O)CCC4)n3)nc(N)nc12,9.22,Ki,Ki,0.6
COc1cccc2c(C(=O)NCc3cccc(C(C)C)n3)nc(N)nc12,9.7,Ki,Ki,0.2
COc1cccc2c(C(=O)NCc3cccc(C4CCC4)n3)nc(N)nc12,9.7,Ki,Ki,0.2
COc1cccc2c(C(=O)NCc3cccc(C4CC4)n3)nc(N)nc12,9.52,Ki,Ki,0.3
COc1cccc2c(C(=O)NCc3cccc(-c4cccc(O)c4)n3)nc(N)nc12,8.48,Ki,Ki,3.3
COc1cccc2c(C(=O)NCc3cccc(C(C)(C)O)n3)nc(N)nc12,9.4,Ki,Ki,0.4
COc1cccc2c(C(=O)NCc3cccc(-c4ccccn4)n3)nc(N)nc12,8.92,Ki,Ki,1.2
COc1cccc2c(C(=O)NCc3nc(C)ccc3C)nc(N)nc12,9.7,Ki,Ki,0.2
COc1cccc2c(C(=O)NCc3cccc4cccnc34)nc(N)nc12,9.7,Ki,Ki,0.2
CCn1cccc(CNC(=O)c2nc(N)nc3c(OC)cccc23)c1=O,9.7,Ki,Ki,0.2
COc1cccc2c(C(=O)NCc3cccc(CO)n3)nc(N)nc12,8.34,Ki,Ki,4.6
COc1cccc2c(C(=O)NCc3cccc(C)n3)nc(N)nc12,9.3,Ki,Ki,0.5
COc1cccc2c(C(=O)NCc3cccc4ccncc34)nc(N)nc12,9.52,Ki,Ki,0.3
COc1cccc2c(C(=O)NCc3cccc(C)c3)nc(N)nc12,9.4,Ki,Ki,0.4
COc1cccc2c(C(=O)NCc3cccc(C(F)(F)F)n3)nc(N)nc12,9.4,Ki,Ki,0.4
COc1cccc2c(C(=O)NCc3ncccc3C(F)(F)F)nc(N)nc12,8.59,Ki,Ki,2.6
COc1cccc2c(C(=O)NCc3nc(C)ccc3F)nc(N)nc12,9.3,Ki,Ki,0.5
COc1cccc(CNC(=O)c2nc(N)nc3c(OC)cccc23)n1,9.1,Ki,Ki,0.8
COc1ccc(CNC(=O)c2nc(N)nc3c(OC)cccc23)nc1,8.11,Ki,Ki,7.8
COc1cccnc1CNC(=O)c1nc(N)nc2c(OC)cccc12,8.52,Ki,Ki,3.0
COc1cccc2c(C(=O)NCc3ncccc3C)nc(N)nc12,9.05,Ki,Ki,0.9
COc1cccc2c(C(=O)NCc3ncccc3F)nc(N)nc12,8.85,Ki,Ki,1.4
COc1cccc2c(C(=O)NCc3ccc(F)cn3)nc(N)nc12,8.18,Ki,Ki,6.6
COc1cccc2c(C(=O)NCc3cccc(F)n3)nc(N)nc12,8.82,Ki,Ki,1.5
COc1cccc2c(C(=O)NCc3ncc(C)cc3C)nc(N)nc12,8.82,Ki,Ki,1.5
COc1cccc2c(C(=O)NCc3ncc(F)cc3F)nc(N)nc12,8.54,Ki,Ki,2.9
COc1cccc2c(C(=O)NCc3ccc4ccccc4n3)nc(N)nc12,8.82,Ki,Ki,1.5
COc1cccc2c(C(=O)NCc3nc(-c4ccccc4)c(C)o3)nc(N)nc12,8.8,Ki,Ki,1.6
COc1cccc2c(C(=O)NCC3Cc4cccnc4C3)nc(N)nc12,8.74,Ki,Ki,1.8
COc1cccc2c(C(=O)N[C@@H]3CCc4ccccc43)nc(N)nc12,8.28,Ki,Ki,5.3
COc1cccc2c(C(=O)NC3CCc4ccccc4C3)nc(N)nc12,7.7,Ki,Ki,20.0
COc1cccc2c(C(=O)N[C@H]3CCCc4cccnc43)nc(N)nc12,6.75,Ki,Ki,180.0
COc1cccc2c(C(=O)N[C@@H](CO)c3ccccc3)nc(N)nc12,8.59,Ki,Ki,2.6
COc1cccc2c(C(=O)N[C@@H](CO)c3ccc4ccccc4n3)nc(N)nc12,8.08,Ki,Ki,8.3
COc1cccc2c(C(=O)NCc3ncccn3)nc(N)nc12,7.37,Ki,Ki,43.0
COc1cccc2c(C(=O)NC(C)(C)c3ccccn3)nc(N)nc12,6.38,Ki,Ki,415.0
COc1cccc2c(C(=O)NC3(c4ccccn4)CC3)nc(N)nc12,6.03,Ki,Ki,929.0
COc1cccc2c(C(=O)NCc3ccccc3-c3cccnc3)nc(N)nc12,8.04,Ki,Ki,9.2
COc1cccc2c(C(=O)NCc3cccc4c3OC(F)(F)O4)nc(N)nc12,8.28,Ki,Ki,5.3
COc1cccc2c(C(=O)NCc3ccccc3-c3ccccn3)nc(N)nc12,8.64,Ki,Ki,2.3
COc1cccc2c(C(=O)NCc3cccc(COc4ccccc4F)n3)nc(N)nc12,9.7,Ki,Ki,0.2
COc1cccc2c(C(=O)NCc3cccc(COc4ccc(F)cc4)n3)nc(N)nc12,9.52,Ki,Ki,0.3
Nc1nc(C(=O)NCc2cccc(COc3ccccn3)n2)c2cccc(F)c2n1,8.66,Ki,Ki,2.2
N#Cc1ccc(OCc2cccc(CNC(=O)c3nc(N)nc4c(F)cccc34)n2)cc1,8.42,Ki,Ki,3.8
COc1cccc2c(C(=O)NCc3cccc(COC4CCCC4)n3)nc(N)nc12,9.3,Ki,Ki,0.5
COc1cccc2c(C(=O)NCc3cccc(COCC4CCCC4)n3)nc(N)nc12,9.3,Ki,Ki,0.5
COc1cccc2c(C(=O)NCc3cccc(COCC4CC4)n3)nc(N)nc12,8.89,Ki,Ki,1.3
COc1cccc2c(C(=O)NCc3cccc(COCC(C)C)n3)nc(N)nc12,8.72,Ki,Ki,1.9
COc1cccc2c(C(=O)NCc3cccc(CO[C@H]4CCOC4)n3)nc(N)nc12,8.96,Ki,Ki,1.1
COc1cccc2c(C(=O)NCc3cccc(CN4CCOCC4)c3)nc(N)nc12,8.15,Ki,Ki,7.1
COc1cccc2c(C(=O)NCc3cccc(COc4cccc(F)c4)n3)nc(N)nc12,8.68,Ki,Ki,2.1
COc1cccc2c(C(=O)NCc3cccc(CSc4ccc(F)cc4)n3)nc(N)nc12,8.49,Ki,Ki,3.2
COc1cccc2c(C(=O)NCc3cccc(CSc4nc5ccccc5[nH]4)n3)nc(N)nc12,8.2,Ki,Ki,6.3
Nc1nc(C(=O)NCc2cccc(CO)n2)c2cccc(F)c2n1,8.02,Ki,Ki,9.6
[2H]C([2H])(NC(=O)c1nc(N)nc2c(OC)cccc12)c1cccc(Oc2cncc(OC)c2)n1,8.3,Ki,Ki,5.0
[2H]C([2H])(NC(=O)c1nc(N)nc2c(F)cccc12)c1cccc(Oc2ccc(OCCOC)cc2)n1,8.43,Ki,Ki,3.7
[2H]C([2H])(NC(=O)c1nc(N)nc2c(OC)cccc12)c1cccc(N2CCN(c3ccc(OCCOC)cc3)CC2)n1,8.37,Ki,Ki,4.3
COc1cccc2c(C(=O)NCc3cccn(C)c3=O)nc(N)nc12,9.05,Ki,Ki,0.9
Nc1nc(C(=O)NCc2ccccc2-n2cccn2)c2cccc(F)c2n1,9.3,Ki,Ki,0.5
Nc1nc(C(=O)NCc2cccc(-c3ccccn3)n2)c2cccc(F)c2n1,9.1,Ki,Ki,0.8
Nc1nc(C(=O)NCc2ccccc2-c2ncccn2)c2cccc(F)c2n1,9.05,Ki,Ki,0.9
CC(C)c1cccc(-c2cccc(CNC(=O)c3nc(N)nc4c(F)cccc34)n2)c1,9.0,Ki,Ki,1.0
CC(C)Oc1cccc(-c2cccc(CNC(=O)c3nc(N)nc4c(F)cccc34)n2)c1,8.42,Ki,Ki,3.8
Nc1nc(C(=O)NCc2ncccc2-c2ncccn2)c2cccc(F)c2n1,8.4,Ki,Ki,4.0
Cc1ccc(-c2cccnc2CNC(=O)c2nc(N)nc3c(F)cccc23)nc1,8.04,Ki,Ki,9.1
Cc1csc(-c2cccc(CNC(=O)c3nc(N)nc4c(F)cccc34)n2)n1,8.38,Ki,Ki,4.2
Nc1nc(C(=O)NCc2cccc(-c3cnco3)n2)c2cccc(F)c2n1,8.35,Ki,Ki,4.5
Nc1nc(C(=O)NCc2cccc(C(F)F)n2)c2cccc(F)c2n1,8.44,Ki,Ki,3.6
Cc1ccc(CNC(=O)c2nc(N)nc3c(F)cccc23)nc1,8.21,Ki,Ki,6.1
Cc1ccc(CCNC(=O)c2nc(N)nc3c(F)cccc23)nc1,6.65,Ki,Ki,225.0
COC(=O)c1ccccc1CNC(=O)c1nc(N)nc2c(F)cccc12,8.6,Ki,Ki,2.5
COC(=O)c1cccc(CNC(=O)c2nc(N)nc3c(F)cccc23)n1,7.64,Ki,Ki,23.0
Cc1ccc(F)c(CNC(=O)c2nc(N)nc3c(F)cccc23)n1,9.3,Ki,Ki,0.5
COc1ccc(C)c(CNC(=O)c2nc(N)nc3c(F)cccc23)n1,9.1,Ki,Ki,0.8
CC(C)Oc1cccc(CNC(=O)c2nc(N)nc3c(F)cccc23)n1,9.0,Ki,Ki,1.0
CC1(O)CCN(c2cccc(CNC(=O)c3nc(N)nc4c(F)cccc34)n2)CC1,8.28,Ki,Ki,5.2
Nc1nc(C(=O)NCc2cccc3cncn23)c2cccc(F)c2n1,8.21,Ki,Ki,6.2
Cc1cccn2cc(CNC(=O)c3nc(N)nc4c(F)cccc34)nc12,8.16,Ki,Ki,6.9
CC(C)c1nc(CNC(=O)c2nc(N)nc3c(F)cccc23)cs1,9.22,Ki,Ki,0.6
Nc1nc(C(=O)NCc2cc(C3CC3)on2)c2cccc(F)c2n1,7.85,Ki,Ki,14.0
Nc1nc(C(=O)NCc2cccc3c2OCCN3)c2cccc(F)c2n1,8.28,Ki,Ki,5.3
Nc1nc(C(=O)NCC23CC4CC(CC(C4)C2)C3)c2cccc(F)c2n1,8.19,Ki,Ki,6.4
Nc1nc(C(=O)NCC2CCN(c3ncc(F)cn3)CC2)c2cccc(F)c2n1,8.1,Ki,Ki,8.0
Nc1nc(C(=O)NCC2CC3CCC2C3)c2cccc(F)c2n1,7.5,Ki,Ki,32.0
C[C@@H](NC(=O)c1nc(N)nc2c(F)cccc12)c1cccc2cccnc12,8.17,Ki,Ki,6.7
Nc1nc(C(=O)NCc2nccc3ccccc23)c2cccc(F)c2n1,8.18,Ki,Ki,6.6
Nc1nc(C(=O)NCc2cccc3c2NCCC3)c2cccc(F)c2n1,8.52,Ki,Ki,3.0
Nc1nc(C(=O)NCc2cccc3cccnc23)c2cccc(Cl)c2n1,8.52,Ki,Ki,3.0
Nc1nc(C(=O)NCc2cccc3cccnc23)c2cccc(C(F)(F)F)c2n1,8.64,Ki,Ki,2.3
Cc1cccc(CNC(=O)c2nc(N)nc3c(Cl)cc(Cl)cc23)n1,8.19,Ki,Ki,6.5
CSc1cccc2c(C(=O)NCc3cccc4cccnc34)nc(N)nc12,8.11,Ki,Ki,7.7
CS(=O)(=O)c1cccc2c(C(=O)NCc3cccc4cccnc34)nc(N)nc12,7.07,Ki,Ki,86.0
Nc1nc(C(=O)NCc2cccc3cccnc23)c2cccc(Br)c2n1,9.15,Ki,Ki,0.7
Nc1nc(C(=O)NCc2cccc3cccnc23)c2cccc(-c3cncnc3)c2n1,6.54,Ki,Ki,291.0
Cc1ccc(F)c(CNC(=O)c2nc(N)nc3c(-c4ncco4)cccc23)n1,8.77,Ki,Ki,1.7
Nc1nc(C(=O)NCc2ncccn2)c2cccc(I)c2n1,6.64,Ki,Ki,229.0
N#Cc1cccc2c(C(=O)NCc3cccc4cccnc34)nc(N)nc12,8.68,Ki,Ki,2.1
Nc1nc(C(=O)NCc2cccc3cccnc23)c2cccc(OC(F)(F)F)c2n1,9.7,Ki,Ki,0.2
Nc1nc(C(=O)NCc2cccc(Cc3ccc(F)c(F)c3)n2)c2cccc(F)c2n1,8.92,Ki,Ki,1.2
COc1cccc2c(C(=O)NCc3cccc(Cc4ccccc4)n3)nc(N)nc12,8.6,Ki,Ki,2.5
COc1cccc2c(C(=O)NCc3cccc(Cc4cccnc4)n3)nc(N)nc12,8.3,Ki,Ki,5.0
[2H]C([2H])(NC(=O)c1nc(N)nc2c(OC)cccc12)c1cccc(C([2H])([2H])c2ccc(N3CCOCC3)nc2)n1,8.8,Ki,Ki,1.6
[2H]C([2H])(NC(=O)c1nc(N)nc2c(OC)cccc12)c1cccc(C([2H])([2H])c2cccc(OCCOC)c2)n1,8.72,Ki,Ki,1.9
[2H]C([2H])(NC(=O)c1nc(N)nc2c(OC)cccc12)c1cccc(C([2H])([2H])c2cncc(OCCOC)c2)n1,8.7,Ki,Ki,2.0
[2H]C([2H])(NC(=O)c1nc(N)nc2c(OC)cccc12)c1cccc(C([2H])([2H])c2cncc(-c3ncco3)c2)n1,8.68,Ki,Ki,2.1
[2H]C([2H])(NC(=O)c1nc(N)nc2c(OC)cccc12)c1cccc(C([2H])([2H])c2ccc(C(C)(C)OCOC)nc2)n1,8.64,Ki,Ki,2.3
[2H]C([2H])(NC(=O)c1nc(N)nc2c(OC)cccc12)c1cccc(C([2H])([2H])c2cncc(N3CCOCC3)c2)n1,8.6,Ki,Ki,2.5
Nc1nc(C(=O)NCc2cccc(Cc3ccccc3F)n2)c2cccc(F)c2n1,8.89,Ki,Ki,1.3
Nc1nc(C(=O)NCc2cccc(Cc3ccncc3)n2)c2cccc(F)c2n1,8.8,Ki,Ki,1.6
O[C@@H]1[C@H](O)CS[C@H]1c1nnc2c(NCCc3ccccc3)nccn12,5.26,Ki,Ki,5500.0
O[C@@H]1[C@H](O)CS[C@H]1c1nnc2c(NCc3cccc(F)c3)nccn12,5.26,Ki,Ki,5500.0
O[C@@H]1[C@H](O)CS[C@H]1c1nnc2c(NC3CC3c3ccccc3)nccn12,5.26,Ki,Ki,5500.0
CN1CCN(Nc2nccn3c([C@@H]4SC[C@@H](O)[C@H]4O)nnc23)CC1,5.26,Ki,Ki,5500.0
O[C@@H]1[C@H](O)CS[C@H]1c1nnc2c(NN3CCOCC3)nccn12,5.26,Ki,Ki,5500.0
C[C@H](Nc1nccn2c([C@@H]3SC[C@@H](O)[C@H]3O)nnc12)c1cccc(Cl)c1,5.26,Ki,Ki,5500.0
O[C@@H]1[C@H](O)CS[C@H]1c1nnc2c(NCc3ccccc3Cl)nccn12,5.26,Ki,Ki,5500.0
O[C@@H]1[C@H](O)CS[C@H]1c1nnc2c(NCc3ccc(Cl)cc3)nccn12,5.26,Ki,Ki,5500.0
O[C@@H]1[C@H](O)CS[C@H]1c1nnc2c(NCCc3ccccc3F)nccn12,5.26,Ki,Ki,5500.0
O[C@@H]1[C@H](O)CS[C@H]1c1nnc2c(NCc3cc(Cl)cc(Cl)c3)nccn12,5.26,Ki,Ki,5500.0
O[C@@H]1[C@H](O)CS[C@H]1c1nnc2c(NCc3cc(Cl)ccc3Cl)nccn12,5.26,Ki,Ki,5500.0
O[C@@H]1[C@H](O)CS[C@H]1c1nnc2c(NCc3cccs3)nccn12,5.26,Ki,Ki,5500.0
Nc1cc(Cl)c(-c2ccncc2)c(-c2cccnc2)n1,6.3,Ki,Ki,500.0
Nc1cc(Br)c(-c2ccncc2)c(-c2cccnc2)n1,6.52,Ki,Ki,300.0
Nc1cc(Cl)c(-c2ccnc(F)c2)c(-c2cccnc2)n1,5.32,Ki,Ki,4800.0
Nc1cc(Cl)c(-c2ccnc(F)c2)c(-c2ccncc2)n1,6.26,Ki,Ki,555.0
Nc1cc(Br)c(-c2ccnc(F)c2)c(-c2ccncc2)n1,5.89,Ki,Ki,1300.0
CCn1c(=O)c2c(C)c(CN3CCNC3=O)sc2n(CCOC)c1=O,6.92,Ki,Ki,120.0
CCn1c(=O)c2c(C)c(CN3CCNC3=O)sc2n(CC2CCO2)c1=O,6.55,Ki,Ki,280.0
COCCn1c(=O)n(C(C)C)c(=O)c2c(C)c(CN3CCNC3=O)sc21,6.57,Ki,Ki,270.0
CCn1c(=O)c2c(C)c(Cn3cc[nH]c3=O)sc2n(CCOC)c1=O,7.0,Ki,Ki,100.0
CCn1c(=O)c2c(C)c(Cn3nc[nH]c3=O)sc2n(CCC(F)(F)F)c1=O,5.77,Ki,Ki,1700.0
CCn1c(=O)c2c(C)c(Cn3cn[nH]c3=O)sc2n(CCC(F)(F)F)c1=O,6.1,Ki,Ki,790.0
CNC(=O)[C@]12CC1[C@@H](n1cnc3cnc(C#Cc4ccccc4)nc31)[C@H](O)C2O,5.92,Ki,Ki,1200.0
COc1cccc2c1nc(N)n1nc([C@@H]3CCCN(CCC(F)(F)F)C3)nc21,9.22,Ki,Ki,0.6
COc1cccc2c1nc(N)n1nc([C@@H]3CCCN(CC(C(F)(F)F)C(F)(F)F)C3)nc21,9.52,Ki,Ki,0.3
COc1cccc2c1nc(N)n1nc([C@@H]3CCCN(CC(F)F)C3)nc21,9.4,Ki,Ki,0.4
COc1cccc2c1nc(N)n1nc([C@@H]3CCCN(CCN(C)C)C3)nc21,8.27,Ki,Ki,5.4
CCN1CCC[C@@H](c2nc3c4cccc(OC)c4nc(N)n3n2)C1,7.47,Ki,Ki,34.0
COCCN1CCC[C@@H](c2nc3c4cccc(OC)c4nc(N)n3n2)C1,8.51,Ki,Ki,3.1
CCCCN1CCC[C@@H](c2nc3c4cccc(OC)c4nc(N)n3n2)C1,7.54,Ki,Ki,29.0
COc1cccc2c1nc(N)n1nc([C@@H]3CCCN(CC(C)C)C3)nc21,7.35,Ki,Ki,45.0
C#CC(C)(C)N1CCC[C@@H](c2nc3c4cccc(OC)c4nc(N)n3n2)C1,7.7,Ki,Ki,20.0
COc1cccc2c1nc(N)n1nc([C@@H]3CCCN(CC4(C)CC4)C3)nc21,7.7,Ki,Ki,20.0
COc1cccc2c1nc(N)n1nc([C@@H]3CCCN(CCC(F)(F)C(F)(F)F)C3)nc21,9.4,Ki,Ki,0.4
COc1cccc2c1nc(N)n1nc([C@H]3CCCN(CCC(F)(F)F)C3)nc21,7.85,Ki,Ki,14.0
COc1cccc2c1nc(N)n1nc([C@@H]3CCCNC3)nc21,7.03,Ki,Ki,93.0
COc1cccc2c1nc(N)n1nc([C@@H]3CCCN(CCC4CC4)C3)nc21,8.16,Ki,Ki,6.9
COc1cccc2c1nc(N)n1nc([C@@H]3CCCN(CCN4CCOCC4)C3)nc21,8.82,Ki,Ki,1.5
COc1cccc2c1nc(N)n1nc([C@@H]3CCCN(CCCC(F)(F)F)C3)nc21,8.12,Ki,Ki,7.6
COc1cccc2c1nc(N)n1nc([C@@H]3CCCN(CC4CC(F)(F)C4)C3)nc21,9.15,Ki,Ki,0.7
COc1cccc2c1nc(N)n1nc([C@@H]3CCCN(CC4(C)COC4)C3)nc21,8.52,Ki,Ki,3.0
COc1cccc2c1nc(N)n1nc([C@@H]3CCCN(c4nnc(C)s4)C3)nc21,8.7,Ki,Ki,2.0
COc1cccc2c1nc(N)n1nc([C@@H]3CCCN(c4nncs4)C3)nc21,8.72,Ki,Ki,1.9
COc1cccc2c1nc(N)n1nc([C@@H]3CCCN(c4ncns4)C3)nc21,8.49,Ki,Ki,3.2
COc1cccc2c1nc(N)n1nc([C@@H]3CCCN(c4ncc(C)s4)C3)nc21,9.1,Ki,Ki,0.8
COc1cccc2c1nc(N)n1nc([C@@H]3CCCN(CC(F)(F)F)C3)nc21,9.1,Ki,Ki,0.8
COc1cccc2c1nc(N)n1nc([C@@H]3CCCN(C[C@@H](C4CC4)C(F)(F)F)C3)nc21,9.3,Ki,Ki,0.5
COc1cccc2c1nc(N)n1nc([C@@H]3CCCN(C[C@H](C4CC4)C(F)(F)F)C3)nc21,9.4,Ki,Ki,0.4
Nc1nc2c(OC(F)F)cccc2c2nc([C@@H]3CCCN(CC(F)F)C3)nn12,8.92,Ki,Ki,1.2
Nc1nc2cc(Cl)ccc2c2nc([C@@H]3CCCN(CC(F)F)C3)nn12,8.89,Ki,Ki,1.3
Nc1nc2c(Cl)cccc2c2nc(C3CCCN(CCC(F)(F)F)C3)nn12,8.01,Ki,Ki,9.7
Nc1nc2ccccc2c2nc([C@@H]3CCCN(CC(F)F)C3)nn12,7.96,Ki,Ki,11.0
Nc1nc2c(O)cccc2c2nc([C@H]3CCC[C@@H](CCC(F)(F)F)C3)nn12,7.8,Ki,Ki,16.0
Nc1nc2c(O)cccc2c2nc([C@H]3CCC[C@H](CCC(F)(F)F)C3)nn12,8.77,Ki,Ki,1.7
Nc1nc2c(O)cccc2c2nc([C@@H]3CCC[C@@H](CCC(F)(F)F)C3)nn12,9.4,Ki,Ki,0.4
Nc1nc2c(O)cccc2c2nc([C@@H]3CCC[C@H](CCC(F)(F)F)C3)nn12,7.77,Ki,Ki,17.0
COc1cccc2c1nc(N)n1nc([C@H]3CCC[C@@H](N)C3)nc21,7.04,Ki,Ki,91.0
COc1cccc2c1nc(N)n1nc([C@H]3CCC[C@H](N)C3)nc21,7.36,Ki,Ki,44.0
COc1cccc2c1nc(N)n1nc([C@@H]3CCC[C@@H](N)C3)nc21,6.94,Ki,Ki,115.0
COc1cccc2c1nc(N)n1nc([C@@H]3CCC[C@H](N)C3)nc21,6.18,Ki,Ki,660.0
CCC(C)(C)N1CCC[C@@H](c2nc3c4cccc(OC)c4nc(N)n3n2)C1,7.48,Ki,Ki,33.0
COc1cccc2c1nc(N)n1nc([C@H]3CCCCN(CC(F)(F)F)C3)nc21,9.15,Ki,Ki,0.7
COc1cccc2c1nc(N)n1nc([C@@H]3CCCCN(CC(F)(F)F)C3)nc21,8.23,Ki,Ki,5.9
COc1cccc2c1nc(N)n1nc(C3CNCC(F)(F)C3)nc21,8.28,Ki,Ki,5.3
COc1cccc2c1nc(N)n1nc([C@H]3CNCC(F)(F)C3)nc21,8.62,Ki,Ki,2.4
COc1cccc2c1nc(N)n1nc([C@@H]3CN(CC(F)F)CC(F)(F)C3)nc21,8.96,Ki,Ki,1.1
COc1cccc2c1nc(N)n1nc([C@@H]3CN(CC(F)F)CC(F)(F)C3)nc21,8.33,Ki,Ki,4.7
COc1cccc2c1nc(N)n1nc([C@H]3CC4CC[C@@H]3N(CC(F)(F)F)C4)nc21,7.68,Ki,Ki,21.0
COc1cccc2c1nc(N)n1nc([C@H]3CC4CC[C@H]3N(CC(F)(F)F)C4)nc21,7.27,Ki,Ki,54.0
COc1cccc2c1nc(N)n1nc([C@@H]3CC4CC[C@@H]3N(CC(F)(F)F)C4)nc21,9.52,Ki,Ki,0.3
COc1cccc2c1nc(N)n1nc([C@@H]3CC4CC[C@H]3N(CC(F)(F)F)C4)nc21,8.0,Ki,Ki,9.9
COc1cccc2c1nc(N)n1nc([C@@H]3CCCN(S(=O)(=O)c4ccccc4)C3)nc21,8.92,Ki,Ki,1.2
COc1cccc2c1nc(N)n1nc([C@@H]3CCCN(C(=O)c4ccccc4)C3)nc21,8.89,Ki,Ki,1.3
COc1cccc2c1nc(N)n1nc([C@@H]3CCCN(C(=O)C(C)(C)C)C3)nc21,8.36,Ki,Ki,4.4
COc1cccc2c1nc(N)n1nc([C@@H]3CCCN(C(=O)c4cccs4)C3)nc21,8.57,Ki,Ki,2.7
COc1cccc2c1nc(N)n1nc([C@@H]3CCCN(C(=O)c4ocnc4C)C3)nc21,8.82,Ki,Ki,1.5
COc1cccc(C(=O)N2CCC[C@@H](c3nc4c5cccc(OC)c5nc(N)n4n3)C2)c1,8.72,Ki,Ki,1.9
COc1cccc2c1nc(N)n1nc([C@@H]3CCCN(C(=O)C(C)(C)F)C3)nc21,8.96,Ki,Ki,1.1
COc1cccc2c1nc(N)n1nc([C@@H]3CCCN(CC(C)(C)F)C3)nc21,9.22,Ki,Ki,0.6
COc1cccc2c1nc(N)n1nc([C@@H]3CCCN(CC4CCOCC4)C3)nc21,8.3,Ki,Ki,5.0
COc1cccc2c1nc(N)n1nc([C@@H]3CCCN(Cc4cccnc4)C3)nc21,8.42,Ki,Ki,3.8
COc1cccc2c1nc(N)n1nc([C@@H]3CCCN(Cc4cc(F)cc(C(F)(F)F)c4)C3)nc21,8.7,Ki,Ki,2.0
COc1cccc2c1nc(N)n1nc([C@@H]3CCCN(CC4CCCC4)C3)nc21,8.01,Ki,Ki,9.7
COc1cccc2c1nc(N)n1nc([C@@H]3CCCN(Cc4cnc(C)s4)C3)nc21,8.68,Ki,Ki,2.1
COc1cccc2c1nc(N)n1nc([C@@H]3CCCN(C4CCC(F)(F)CC4)C3)nc21,8.23,Ki,Ki,5.9
COc1cccc2c1nc(N)n1nc(C3CCCN(c4ccccc4)C3)nc21,9.05,Ki,Ki,0.9
COc1cccc2c1nc(N)n1nc([C@@H]3CCCN(c4ccccc4)C3)nc21,7.47,Ki,Ki,34.0
COc1cccc2c1nc(N)n1nc(C3CCN(c4cccc(F)c4)C3)nc21,8.85,Ki,Ki,1.4
COc1cccc2c1nc(N)n1nc([C@@H]3CCCN(C4CC4)C3)nc21,8.92,Ki,Ki,1.2
COc1cccc2c1nc(N)n1nc([C@@H]3CCN(CC(F)(F)F)C3)nc21,8.7,Ki,Ki,2.0
COc1cccc2c1nc(N)n1nc([C@H]3CN(C4CCC(F)(F)CC4)CCO3)nc21,8.52,Ki,Ki,3.0
COc1cccc2c1nc(N)n1nc([C@@H]3CC(F)(F)CCO3)nc21,8.72,Ki,Ki,1.9
COc1cccc2c1nc(N)n1nc([C@H]3CC(F)(F)CCO3)nc21,8.7,Ki,Ki,2.0
Nc1nc2c3c(ccc2c2nc([C@H]4CCCN(CCC(F)(F)F)C4)nn12)OC(F)(F)O3,9.1,Ki,Ki,0.8
Nc1nc2c3c(ccc2c2nc([C@@H]4CCCN(CCC(F)(F)F)C4)nn12)OC(F)(F)O3,7.26,Ki,Ki,55.0
COc1cccc2c1nc(N)n1nc([C@@H]3CC(F)(F)CN3)nc21,9.3,Ki,Ki,0.5
COc1cccc2c1nc(N)n1nc([C@@H]3CCC(F)(F)CN3)nc21,8.62,Ki,Ki,2.4
COc1cccc2c1nc(N)n1nc([C@H]3CCC(F)(F)CN3)nc21,9.52,Ki,Ki,0.3
Cn1cc(-c2c(-c3ccc(F)cc3)nc(N)n3nc(Cc4ncccc4F)nc23)ccc1=O,8.64,IC50,IC50,2.3
Cn1cc(-c2c(-c3ccc(F)cc3)nc(N)n3nc(Cc4c(F)cccc4F)nc23)ccc1=O,8.68,IC50,IC50,2.1
CN(C)c1cc(-c2c(-c3ccc(F)cc3)nc(N)n3nc(Cc4c(F)cccc4F)nc23)ccn1,9.05,IC50,IC50,0.9
Cn1cc(-c2c(-c3ccc(F)cc3)nc(N)n3nc(Cc4ncccc4OC(F)F)nc23)ccc1=O,8.55,IC50,IC50,2.8
Cn1cc(-c2c(-c3ncco3)nc(N)n3nc(Cc4ncccc4F)nc23)ccc1=O,7.7,IC50,IC50,20.0
Cn1cc(-c2c(-c3ncco3)nc(N)n3nc(Cc4c(F)cccc4F)nc23)ccc1=O,7.92,IC50,IC50,12.0
Cn1cc(-c2c(-n3nccn3)nc(N)n3nc(Cc4c(F)cccc4F)nc23)ccc1=O,8.85,IC50,IC50,1.4
Nc1nc(-c2ncco2)c(-c2ccc3nccn3c2)c2nc(Cc3ncccc3F)nn12,8.52,IC50,IC50,3.0
Nc1nc(-c2ccc(F)cc2)c(-c2ccc3nccn3c2)c2nc(Cc3ncccc3F)nn12,8.26,IC50,IC50,5.5
CCn1cc(-c2c(-c3ccc(F)cc3)nc(N)n3nc(Cc4ncccc4F)nc23)ccc1=O,8.55,IC50,IC50,2.8
Nc1cccc(Cc2nc3c(-c4ccc5nccn5c4)c(-c4ccc(F)cc4)nc(N)n3n2)n1,8.2,IC50,IC50,6.3
Cn1cc(-c2c(-c3ccc(C(F)F)cc3)nc(N)n3nc(Cc4ncccc4F)nc23)ccc1=O,8.47,IC50,IC50,3.4
CC(C)n1cc(-c2c(-c3ccc(F)cc3)nc(N)n3nc(Cc4ncccc4F)nc23)ccc1=O,8.4,IC50,IC50,4.0
COc1ccc(-c2nc(N)n3nc(Cc4ncccc4F)nc3c2-c2ccc(=O)n(C)c2)cc1,8.38,IC50,IC50,4.2
Cn1cc(-c2c(-c3ccc(C(F)(F)F)cc3)nc(N)n3nc(Cc4ncccc4F)nc23)ccc1=O,8.28,IC50,IC50,5.2
Cc1c(-c2c(-c3ccc(F)cc3)nc(N)n3nc(Cc4ncccc4F)nc23)ccc(=O)n1C,8.14,IC50,IC50,7.2
Cn1cc(-c2c(-c3cccc(Cl)c3)nc(N)n3nc(Cc4ncccc4F)nc23)ccc1=O,8.39,IC50,IC50,4.1
COc1cccc(-c2nc(N)n3nc(Cc4ncccc4F)nc3c2-c2ccc(=O)n(C)c2)c1,8.44,IC50,IC50,3.6
Nc1nc(-c2ncco2)c(-c2ccnc(OC(F)F)c2)c2nc(Cc3c(F)cccc3F)nn12,8.26,IC50,IC50,5.5
Nc1nc(-c2ncco2)c(-c2ccnc(OC(F)F)c2)c2nc(Cc3ncccc3F)nn12,8.08,IC50,IC50,8.3
Nc1nc(-n2nccn2)c(-c2ccc3nccn3c2)c2nc(Cc3ncccc3F)nn12,8.46,IC50,IC50,3.5
Cn1cc(-c2c(-c3ccc(F)cc3)nc(N)n3nc(Cc4ncccc4F)nc23)ccc1=O,8.33,IC50,IC50,4.7
Cc1cc(-c2c(-c3ccc(F)cc3)nc(N)n3nc(Cc4ncccc4F)nc23)ccn1,7.23,IC50,IC50,59.0
Nc1nc(-c2ccc(F)cc2)c(-c2ccnc(Cl)c2)c2nc(Cc3ncccc3F)nn12,7.25,IC50,IC50,56.0
Nc1nc(-c2ccc(F)cc2)c(-c2ccnc(C(F)(F)F)c2)c2nc(Cc3c(F)cccc3F)nn12,7.28,IC50,IC50,52.0
COc1cc(-c2c(-c3ccc(F)cc3)nc(N)n3nc(Cc4c(F)cccc4F)nc23)ccn1,8.72,IC50,IC50,1.9
Nc1nc(-c2ccc(F)cc2)c(-c2ccnnc2)c2nc(Cc3c(F)cccc3F)nn12,7.2,IC50,IC50,63.0
Cc1cc(-c2c(-c3ccc(F)cc3)nc(N)n3nc(Cc4cscn4)nc23)ccn1,6.99,IC50,IC50,102.0
Cc1cc(-c2c(-c3ccc(F)cc3)nc(N)n3nc(Cc4cccc(Cl)c4)nc23)ccn1,7.23,IC50,IC50,59.0
Cn1cc(-c2c(-c3ccc(F)cc3)nc(N)n3nc(Cc4c(F)cccc4F)nc23)ccc1=O,9.22,IC50,IC50,0.6
CN(C)c1cc(-c2c(-c3ccc(F)cc3)nc(N)n3nc(Cc4c(F)cccc4F)nc23)ccn1,9.7,IC50,IC50,0.2
Cc1cc(-c2c(-c3ccc(F)cc3)nc(N)n3nc(Cc4nccs4)nc23)ccn1,7.47,IC50,IC50,34.0
Cc1cc(-c2c(-c3ccc(F)cc3)nc(N)n3nc(C(C)c4c(F)cccc4F)nc23)ccn1,7.34,IC50,IC50,46.0
Cc1cc(-c2c(-c3ccc(F)cc3)nc(N)n3nc(Cc4c(F)cccc4F)nc23)c(C)cn1,7.96,IC50,IC50,11.0
Cc1cc(-c2c(-c3ccc(F)cc3)nc(N)n3nc(Cc4ncccc4F)nc23)cc(C)n1,8.16,IC50,IC50,6.9
Cc1cc(-c2c(-c3ccc(F)cc3)nc(N)n3nc(Cc4cccc(Cl)n4)nc23)ccn1,7.34,IC50,IC50,46.0
Cc1nccc(-c2c(-c3ccc(F)cc3)nc(N)n3nc(Cc4c(F)cccc4F)nc23)c1C,6.76,IC50,IC50,174.0
Cc1cc(-c2c(-c3ccc(F)cc3)nc(N)n3nc(Cc4cccc(N(C)C)n4)nc23)ccn1,7.37,IC50,IC50,43.0
Cc1cc(-c2c(-c3ccc(F)cc3)nc(N)n3nc(Cc4ncccc4F)nc23)cc(Cl)n1,8.92,IC50,IC50,1.2
Cc1cc(-c2c(-c3ccc(F)cc3)nc(N)n3nc(Cc4cccc(C#N)n4)nc23)ccn1,6.99,IC50,IC50,102.0
Cn1cc(-c2c(-c3ccc(F)cc3)nc(N)n3nc(Cc4ncccc4OC(F)F)nc23)ccc1=O,8.46,IC50,IC50,3.5
Cn1cc(-c2c(-c3ncco3)nc(N)n3nc(Cc4ncccc4F)nc23)ccc1=O,7.44,IC50,IC50,36.0
Cn1cc(-c2c(-c3ncco3)nc(N)n3nc(Cc4c(F)cccc4F)nc23)ccc1=O,8.09,IC50,IC50,8.2
Nc1nc(-c2ccc(F)cc2)c(-c2ccc(=O)n(C3CCOC3)c2)c2nc(Cc3c(F)cccc3F)nn12,8.11,IC50,IC50,7.7
Cc1ccc(-c2nc(N)n3nc(Cc4c(F)cccc4F)nc3c2-c2ccc(=O)n(C)c2)cn1,7.24,IC50,IC50,58.0
Cn1cc(-c2c(-n3nccn3)nc(N)n3nc(Cc4c(F)cccc4F)nc23)ccc1=O,7.7,IC50,IC50,20.0
Cc1cnc(-c2nc(N)n3nc(Cc4c(F)cccc4F)nc3c2-c2ccc(=O)n(C)c2)o1,7.82,IC50,IC50,15.0
Cc1coc(-c2nc(N)n3nc(Cc4c(F)cccc4F)nc3c2-c2ccc(=O)n(C)c2)n1,6.86,IC50,IC50,139.0
Cn1cc(-c2c(Cl)nc(N)n3nc(Cc4c(F)cccc4F)nc23)ccc1=O,6.8,IC50,IC50,158.0
Cc1cc(-c2c(-c3ccc(F)cc3)nc(N)n3nc(Cc4ncccc4F)nc23)cn(C)c1=O,8.42,IC50,IC50,3.8
Cn1nc(-c2c(-c3ccc(F)cc3)nc(N)n3nc(Cc4ncccc4F)nc23)ccc1=O,8.23,IC50,IC50,5.9
Nc1nc(-c2ncco2)c(-c2ccc3nccn3c2)c2nc(Cc3ncccc3F)nn12,7.85,IC50,IC50,14.0
Nc1nc(-c2ccc(F)cc2)c(-c2ccc3nccn3c2)c2nc(Cc3ncccc3F)nn12,9.05,IC50,IC50,0.9
Cc1cc(-c2c(-c3ncco3)nc(N)n3nc(Cc4c(F)cccc4F)nc23)cc(C)n1,7.75,IC50,IC50,18.0
CCn1cc(-c2c(-c3ccc(F)cc3)nc(N)n3nc(Cc4ncccc4F)nc23)ccc1=O,8.68,IC50,IC50,2.1
Cn1cc(-c2c(-c3ccc(F)cc3)nc(N)n3nc(Cc4cccc(N)n4)nc23)ccc1=O,7.57,IC50,IC50,27.0
Nc1nc(-c2ccc(F)cc2)c(-c2ccc(=O)n(C3CC3)c2)c2nc(Cc3ncccc3F)nn12,7.7,IC50,IC50,20.0
Nc1cccc(Cc2nc3c(-c4ccc5nccn5c4)c(-c4ccc(F)cc4)nc(N)n3n2)n1,8.74,IC50,IC50,1.8
Nc1cc(-c2c(-c3ccc(F)cc3)nc(N)n3nc(Cc4ncccc4F)nc23)ccn1,7.39,IC50,IC50,41.0
Cn1cc(-c2c(-c3ccc(F)c(F)c3)nc(N)n3nc(Cc4ncccc4F)nc23)ccc1=O,7.75,IC50,IC50,18.0
Cn1cc(-c2c(-c3cccc(F)c3)nc(N)n3nc(Cc4ncccc4F)nc23)ccc1=O,8.28,IC50,IC50,5.2
Cn1cc(-c2c(-c3ccc(C(F)F)cc3)nc(N)n3nc(Cc4ncccc4F)nc23)ccc1=O,7.16,IC50,IC50,70.0
Cn1cc(-c2c(-c3ccc(F)cc3)nc(N)n3nc(Cc4nccs4)nc23)ccc1=O,8.1,IC50,IC50,7.9
CNc1cc(-c2c(-c3ccc(F)cc3)nc(N)n3nc(Cc4ncccc4F)nc23)ccn1,7.72,IC50,IC50,19.0
Cn1cc(-c2c(-c3nccs3)nc(N)n3nc(Cc4c(F)cccc4F)nc23)ccc1=O,8.37,IC50,IC50,4.3
CC(C)n1cc(-c2c(-c3ccc(F)cc3)nc(N)n3nc(Cc4ncccc4F)nc23)ccc1=O,9.15,IC50,IC50,0.7
Cn1cc(-c2c(-c3ccc(Cl)cc3)nc(N)n3nc(Cc4ncccc4F)nc23)ccc1=O,7.66,IC50,IC50,22.0
Cn1cc(-c2c(-c3ccc(C#N)cc3)nc(N)n3nc(Cc4ncccc4F)nc23)ccc1=O,6.92,IC50,IC50,120.0
Cn1cc(-c2c(-c3ccc(F)cc3)nc(N)n3nc(Cc4cscn4)nc23)ccc1=O,7.54,IC50,IC50,29.0
Cn1cc(-c2nc(N)n3nc(Cc4ncccc4F)nc3c2-c2ccc(=O)n(C)c2)cn1,7.01,IC50,IC50,98.0
Nc1nc(-c2ccc(F)cc2)c(-c2ccc(=O)n(C3CS(=O)(=O)C3)c2)c2nc(Cc3c(F)cccc3F)nn12,7.25,IC50,IC50,56.0
COc1ccc(-c2nc(N)n3nc(Cc4ncccc4F)nc3c2-c2ccc(=O)n(C)c2)cc1,7.55,IC50,IC50,28.0
Cn1cc(-c2c(-c3ccc(C(F)(F)F)cc3)nc(N)n3nc(Cc4ncccc4F)nc23)ccc1=O,6.74,IC50,IC50,184.0
Cn1cc(-c2c(-n3cccn3)nc(N)n3nc(Cc4ncccc4F)nc23)ccc1=O,6.91,IC50,IC50,122.0
Cn1cc(-c2c(-c3ccc(F)cc3F)nc(N)n3nc(Cc4ncccc4F)nc23)ccc1=O,7.17,IC50,IC50,68.0
Nc1nc(-c2ccc(F)cc2)c(-c2ccc(=O)n(CCO)c2)c2nc(Cc3c(F)cccc3F)nn12,9.7,IC50,IC50,0.2
Cc1c(-c2c(-c3ccc(F)cc3)nc(N)n3nc(Cc4ncccc4F)nc23)ccc(=O)n1C,7.51,IC50,IC50,31.0
Cn1cc(-c2c(-c3ccc(F)cc3)nc(N)n3nc(Cc4ncc(F)cc4F)nc23)ccc1=O,7.66,IC50,IC50,22.0
Cc1nc(Cc2nc3c(-c4ccc5nccn5c4)c(-c4ccc(F)cc4)nc(N)n3n2)cs1,8.49,IC50,IC50,3.2
Cn1cnc2ccc(-c3c(-c4ccc(F)cc4)nc(N)n4nc(Cc5ncccc5F)nc34)cc21,10.0,IC50,IC50,0.1
Cn1cc(-c2c(-c3cccc(Cl)c3)nc(N)n3nc(Cc4ncccc4F)nc23)ccc1=O,8.26,IC50,IC50,5.5
Cn1cc(-c2c(-c3ncco3)nc(N)n3nc(Cc4ncccc4OC(F)F)nc23)ccc1=O,7.96,IC50,IC50,11.0
Nc1nc(-c2ccc(F)cc2)c(-c2ccc3nncn3c2)c2nc(Cc3ncccc3F)nn12,7.43,IC50,IC50,37.0
Nc1nc(-c2ccc(F)cc2)c(-c2ccc3nncn3c2)c2nc(Cc3ncccc3OC(F)F)nn12,10.0,IC50,IC50,0.1
Nc1nc(-c2ncco2)c(-c2ccc3nncn3c2)c2nc(Cc3ncccc3OC(F)F)nn12,9.1,IC50,IC50,0.8
Nc1nc(-c2ccc(F)cc2)c(-c2ccc3nc[nH]c3c2)c2nc(Cc3ncccc3F)nn12,8.77,IC50,IC50,1.7
Cn1cc(-c2c(-c3cc(F)cc(F)c3)nc(N)n3nc(Cc4ncccc4F)nc23)ccc1=O,8.1,IC50,IC50,7.9
COc1cccc(-c2nc(N)n3nc(Cc4ncccc4F)nc3c2-c2ccc(=O)n(C)c2)c1,8.17,IC50,IC50,6.7
Cn1cc(-c2c(-c3ccccc3Cl)nc(N)n3nc(Cc4ncccc4F)nc23)ccc1=O,6.87,IC50,IC50,135.0
CC(C)n1cc(-c2c(-c3ncco3)nc(N)n3nc(Cc4c(F)cccc4F)nc23)ccc1=O,9.15,IC50,IC50,0.7
CC(C)n1cc(-c2c(-c3ncco3)nc(N)n3nc(Cc4ncccc4F)nc23)ccc1=O,8.44,IC50,IC50,3.6
Cc1cc(-c2c(-c3ncco3)nc(N)n3nc(Cc4c(F)cccc4F)nc23)cc(N)n1,7.31,IC50,IC50,49.0
Cc1cc(-c2c(-c3ncco3)nc(N)n3nc(Cc4ncccc4F)nc23)cc(Cl)n1,7.6,IC50,IC50,25.0
Cc1cc(-c2c(-c3ncco3)nc(N)n3nc(Cc4c(F)cccc4F)nc23)cc(C#N)n1,7.75,IC50,IC50,18.0
Cc1cc(-c2c(-c3ncco3)nc(N)n3nc(Cc4c(F)cccc4F)nc23)cc(C2CC2)n1,7.22,IC50,IC50,60.0
Nc1nc(-c2ncco2)c(-c2ccnc(OC(F)F)c2)c2nc(Cc3c(F)cccc3F)nn12,7.82,IC50,IC50,15.0
Nc1nc(-c2ncco2)c(-c2ccnc(OC(F)F)c2)c2nc(Cc3ncccc3F)nn12,7.15,IC50,IC50,71.0
Cc1cc(-c2c(-c3ncco3)nc(N)n3nc(Cc4ncccc4F)nc23)cc(OC(F)F)n1,7.57,IC50,IC50,27.0
Nc1nc(-c2ccc(F)cc2)c(-c2ccc3ncsc3c2)c2nc(Cc3ncccc3F)nn12,9.15,IC50,IC50,0.7
Nc1nc(-c2ccc(F)cc2)c(-c2ccc3ncccc3c2)c2nc(Cc3ncccc3F)nn12,9.4,IC50,IC50,0.4
Cn1cnc2ccc(-c3c(-c4ncco4)nc(N)n4nc(Cc5ncccc5F)nc34)cc21,8.74,IC50,IC50,1.8
Cn1cnc2ccc(-c3c(-c4ncco4)nc(N)n4nc(Cc5c(F)cccc5F)nc34)cc21,8.59,IC50,IC50,2.6
Cn1cc(-c2c(-c3ccccn3)nc(N)n3nc(Cc4c(F)cccc4F)nc23)ccc1=O,8.1,IC50,IC50,8.0
Nc1nc(-n2ccnn2)c(-c2ccc3nccn3c2)c2nc(Cc3ncccc3F)nn12,6.99,IC50,IC50,103.0
Nc1nc(-n2nccn2)c(-c2ccc3nccn3c2)c2nc(Cc3ncccc3F)nn12,8.11,IC50,IC50,7.7
Nc1nc(-c2ccc(F)cc2)c(-c2ccc(=O)n(CCO)c2)c2nc(Cc3ncccc3F)nn12,8.43,IC50,IC50,3.7
Nc1nc(-c2ccc(F)cc2)c(-c2ccc3nccnc3c2)c2nc(Cc3ncccc3F)nn12,7.6,IC50,IC50,25.0
Cn1cc(-c2c(-c3ccc4c(ccn4C)c3)nc(N)n3nc(Cc4ncccc4F)nc23)ccc1=O,7.33,IC50,IC50,47.0
COc1ccccc1-c1nc(N)n2nc(Cc3ncccc3F)nc2c1-c1ccc(=O)n(C)c1,7.06,IC50,IC50,88.0
Cc1cnc2ccc(-c3c(-c4ncco4)nc(N)n4nc(Cc5ncccc5F)nc34)cn12,9.3,IC50,IC50,0.5
Cc1cnc2ccc(-c3c(N(C)C)nc(N)n4nc(Cc5ncccc5F)nc34)cn12,8.92,IC50,IC50,1.2
Cc1cnc2ccc(-c3c(N4CCCC4)nc(N)n4nc(Cc5ncccc5F)nc34)cn12,8.09,IC50,IC50,8.2
Cc1cnc2ccc(-c3c(N4CCOCC4)nc(N)n4nc(Cc5ncccc5F)nc34)cn12,8.59,IC50,IC50,2.6
CN1CCC[C@H]1Cc1nc2c(-c3ccc4ncn(C)c4c3)c(-c3ccc(F)cc3)nc(N)n2n1,8.08,IC50,IC50,8.3
CN1CCC[C@@H]1Cc1nc2c(-c3ccc4ncn(C)c4c3)c(-c3ccc(F)cc3)nc(N)n2n1,9.0,IC50,IC50,1.0
Cc1cnc2ccc(-c3c(-c4ccc(F)cc4)nc(N)n4nc(CC5CCOC5)nc34)cn12,10.0,IC50,IC50,0.1
Cc1cnc2ccc(-c3c(-c4ccc(F)cc4)nc(N)n4nc(C[C@H]5CCOC5)nc34)cn12,10.0,IC50,IC50,0.1
Cc1cnc2ccc(-c3c(-c4ncco4)nc(N)n4nc(C[C@@H]5CCCO5)nc34)cn12,9.3,IC50,IC50,0.5
Cc1cnc2ccc(-c3c(-c4ncco4)nc(N)n4nc(C[C@H]5CCCO5)nc34)cn12,9.7,IC50,IC50,0.2
Cc1cnc2ccc(-c3c(-c4ncco4)nc(N)n4nc(C[C@@H]5CCOC5)nc34)cn12,9.3,IC50,IC50,0.5
Cc1cnc2ccc(-c3c(-c4ncco4)nc(N)n4nc(C[C@H]5CCOC5)nc34)cn12,9.3,IC50,IC50,0.5
Cc1cnc2ccc(-c3c(N4CCN(C)CC4)nc(N)n4nc(Cc5c(F)cccc5F)nc34)cn12,7.37,IC50,IC50,42.3
COC1CN(c2nc(N)n3nc(Cc4c(F)cccc4F)nc3c2-c2ccc3ncc(C)n3c2)C1,8.46,IC50,IC50,3.5
Cc1cnc2ccc(-c3c(N4CCC5(COC5)C4)nc(N)n4nc(Cc5ncccc5F)nc34)cn12,6.1,IC50,IC50,795.0
Cc1cnc2ccc(-c3c(N4CCO[C@H](C)C4)nc(N)n4nc(Cc5ncccc5F)nc34)cn12,7.04,IC50,IC50,91.6
Cc1cnc2ccc(-c3c(N4CCO[C@@H](C)C4)nc(N)n4nc(Cc5ncccc5F)nc34)cn12,8.49,IC50,IC50,3.2
Cc1cnc2ccc(-c3c(N4CCOC[C@@H]4C)nc(N)n4nc(Cc5ncccc5F)nc34)cn12,7.37,IC50,IC50,42.4
Cc1cnc2ccc(-c3c(N4CCOC[C@H]4C)nc(N)n4nc(Cc5ncccc5F)nc34)cn12,7.14,IC50,IC50,73.0
COCCc1nc2c(-c3ccc4ncc(C)n4c3)c(-c3ccc(F)cc3)nc(N)n2n1,9.7,IC50,IC50,0.2
Cc1cnc2ccc(-c3c(-n4ccc(F)n4)nc(N)n4nc(Cc5ncccc5F)nc34)cn12,9.7,IC50,IC50,0.2
Cc1cnc2ccc(-c3c(-n4cc(F)cn4)nc(N)n4nc(Cc5ncccc5F)nc34)cn12,9.7,IC50,IC50,0.2
Cc1cnc2ccc(-c3c(N4CC5(COC5)C4)nc(N)n4nc(Cc5ncccc5F)nc34)cn12,6.64,IC50,IC50,228.0
Cc1cnc2ccc(-c3c(N4CCC4)nc(N)n4nc(Cc5ncccc5F)nc34)cn12,8.72,IC50,IC50,1.9
Cc1cnc2ccc(-c3c(-c4ccc(F)cc4)nc(N)n4nc(CCN(C)C)nc34)cn12,9.22,IC50,IC50,0.6
Cc1cnc2ccc(-c3c(N4CCOCC4)nc(N)n4nc(Cc5c(F)cccc5F)nc34)cn12,9.7,IC50,IC50,0.2
Cc1cnc2ccc(-c3c(-c4ccc(F)cc4)nc(N)n4nc(C[C@@H]5CCCN5C)nc34)cn12,9.52,IC50,IC50,0.3
Cc1cnc2ccc(-c3c(N4CCCC4)nc(N)n4nc(Cc5c(F)cccc5F)nc34)cn12,9.4,IC50,IC50,0.4
Cc1cnc2ccc(-c3c(N4CCC4)nc(N)n4nc(Cc5c(F)cccc5F)nc34)cn12,10.0,IC50,IC50,0.1
Cc1cnc2ccc(-c3c(-c4ccc(F)cc4)nc(N)n4nc(C[C@H]5CCCN5C)nc34)cn12,9.4,IC50,IC50,0.4
COCCc1nc2c(-c3ccc4ncc(C)n4c3)c(-c3ncco3)nc(N)n2n1,8.96,IC50,IC50,1.1
Cn1cc(-c2nc(C(=O)NCc3c(F)cccc3F)c(N)nc2-c2ncco2)ccc1=O,8.72,IC50,IC50,1.9
Cn1cc(-c2nc(C(=O)NCc3ncccc3F)c(N)nc2-c2ncco2)ccc1=O,8.51,IC50,IC50,3.1
CN(C)c1cccnc1CNC(=O)c1nc(-c2ccc(=O)n(C)c2)c(-c2ncco2)nc1N,8.41,IC50,IC50,3.9
Cn1cc(-c2nc(C(=O)NCc3ncccc3OC(F)F)c(N)nc2-c2ncco2)ccc1=O,5.0,IC50,IC50,10000.0
Cc1scnc1CNC(=O)c1nc(-c2ccc(=O)n(C)c2)c(-c2ncco2)nc1N,8.46,IC50,IC50,3.5
CNc1cccc(CNC(=O)c2nc(-c3ccc(=O)n(C)c3)c(-c3ncco3)nc2N)n1,8.46,IC50,IC50,3.5
Cn1cc(-c2nc(C(=O)NCc3cccc(N)n3)c(N)nc2-c2ncco2)ccc1=O,7.96,IC50,IC50,11.0
Cn1cc(-c2nc(C(=O)NCc3c(F)cccc3F)c(N)nc2-c2ccc(F)cc2)ccc1=O,8.64,IC50,IC50,2.3
Nc1nc(-c2ncco2)c(-c2ccc3nncn3c2)nc1C(=O)NCc1c(F)cccc1F,8.43,IC50,IC50,3.7
Cn1cc(-c2nc(C(=O)NCc3c(F)cccc3F)c(N)nc2-n2nccn2)ccc1=O,8.49,IC50,IC50,3.2
Cn1nc(-c2nc(C(=O)NCc3c(F)cccc3F)c(N)nc2-c2ncco2)ccc1=O,9.0,IC50,IC50,1.0
CC(NC(=O)c1nc(-c2ccc(=O)n(C)c2)c(-c2ncco2)nc1N)c1c(F)cccc1F,8.28,IC50,IC50,5.2
Nc1nc(-c2ncco2)c(-c2ccc(=O)n(CCO)c2)nc1C(=O)NCc1c(F)cccc1F,8.48,IC50,IC50,3.3
Nc1nc(-c2ncco2)c(-c2ccc3nccn3c2)nc1C(=O)NCc1ncccc1F,7.68,IC50,IC50,21.0
Nc1nc(-c2ncco2)c(-c2ccc3[nH]cnc3c2)nc1C(=O)NCc1ncccc1F,8.59,IC50,IC50,2.6
Nc1cccc(CNC(=O)c2nc(-c3ccc4nccn4c3)c(-c3ncco3)nc2N)n1,8.51,IC50,IC50,3.1
Cn1cc(-c2nc(C(=O)NCc3nc(N)ccc3F)c(N)nc2-c2ncco2)ccc1=O,8.28,IC50,IC50,5.3
Cn1cnc2ccc(-c3nc(C(=O)NCc4ncccc4F)c(N)nc3-c3ncco3)cc21,8.68,IC50,IC50,2.1
COc1ccccc1CNC(=O)c1nc(-c2cc(C)nc(C)c2)c(-c2ccc(C)o2)nc1N,8.1,IC50,IC50,7.9
Cc1cc(-c2nc(C(=O)NCc3ccccc3OC(F)(F)F)c(N)nc2-c2ccc(F)cc2)cc(C)n1,7.89,IC50,IC50,13.0
Cn1cc(-c2nc(CNC(=O)c3c(F)cccc3F)c(N)nc2-c2ccc(F)cc2)ccc1=O,8.62,IC50,IC50,2.4
Cn1cc(-c2nc(C(=O)NC(CO)c3c(F)cccc3F)c(N)nc2-c2ncco2)ccc1=O,8.03,IC50,IC50,9.3
Nc1nc(-c2ncco2)c(-c2ccc3ncnn3c2)nc1C(=O)NCc1ncccc1F,8.08,IC50,IC50,8.4
Cc1cnc2ccc(-c3nc(C(=O)NCc4ncccc4F)c(N)nc3-c3ncco3)cn12,8.62,IC50,IC50,2.4
Nc1nc(-n2nccn2)c(-c2ccc3nccn3c2)nc1C(=O)NCc1ncccc1F,8.21,IC50,IC50,6.2
CNCCOc1cccnc1CNC(=O)c1nc(-c2ccc3ncn(C)c3c2)c(-c2ccc(F)cc2)nc1N,8.16,IC50,IC50,6.9
Cc1cnc2ccc(-c3nc(C(=O)NCC4CCCN4C)c(N)nc3-c3ncco3)cn12,8.43,IC50,IC50,3.7
Cc1cnc2ccc(-c3nc(C(=O)NCC4CCCN4C)c(N)nc3-c3ncco3)cn12,8.54,IC50,IC50,2.9
Cc1cnc2ccc(-c3nc(C(=O)NC[C@H]4CCCO4)c(N)nc3-c3ncco3)cn12,8.85,IC50,IC50,1.4
Cc1cnc2ccc(-c3nc(C(=O)NC[C@@H]4CCCO4)c(N)nc3-c3ncco3)cn12,8.51,IC50,IC50,3.1
Cc1cnc2ccc(-c3nc(C(=O)NC(C)C)c(N)nc3-c3ncco3)cn12,8.57,IC50,IC50,2.7
Cc1cnc2ccc(-c3nc(C(=O)NCC4CCO4)c(N)nc3-c3ncco3)cn12,8.26,IC50,IC50,5.5
Cc1cnc2ccc(-c3nc(C(=O)NCC4CCO4)c(N)nc3-c3ncco3)cn12,8.7,IC50,IC50,2.0
Cc1cnc2ccc(-c3nc(C(=O)NC[C@H]4CCOC4)c(N)nc3-c3ncco3)cn12,8.77,IC50,IC50,1.7
Cc1cnc2ccc(-c3nc(C(=O)NC[C@@H]4CCOC4)c(N)nc3-c3ncco3)cn12,8.41,IC50,IC50,3.9
Cc1cnc2ccc(-c3nc(C(=O)NC[C@H]4CCCN4C)c(N)nc3-c3ccc(F)cc3)cn12,8.66,IC50,IC50,2.2
Cc1cnc2ccc(-c3nc(C(=O)NC[C@@H]4CCCN4C)c(N)nc3-c3ccc(F)cc3)cn12,8.28,IC50,IC50,5.2
COCCNC(=O)c1nc(-c2ccc3ncc(C)n3c2)c(-c2ncco2)nc1N,8.25,IC50,IC50,5.6
COC[C@H](C)NC(=O)c1nc(-c2ccc3ncc(C)n3c2)c(-c2ncco2)nc1N,8.5,IC50,IC50,3.15
Cc1cnc2ccc(-c3nc(C(=O)NC4CCC4)c(N)nc3-c3ncco3)cn12,8.04,IC50,IC50,9.1
Nc1nnc(-c2cccc(Cl)c2)c(-c2ccccc2)n1,7.29,Ki,Ki,51.3
Nc1nnc(-c2cccc(C(F)(F)F)c2)c(-c2ccccc2)n1,7.7,Ki,Ki,20.0
Nc1nnc(-c2cc(Cl)cc(Cl)c2)c(-c2ccccc2)n1,8.4,Ki,Ki,3.98
Nc1nnc(-c2ccc(F)c(Cl)c2)c(-c2ccccc2)n1,7.11,Ki,Ki,77.6
Nc1nnc(-c2ccc3cc[nH]c3c2)c(-c2ccccc2)n1,6.75,Ki,Ki,178.0
COc1cc(OC)cc(-c2nnc(N)nc2-c2ccccc2)c1,6.97,Ki,Ki,107.0
Cc1cc(C)cc(-c2nnc(N)nc2-c2ccccc2)c1,6.3,Ki,Ki,501.0
Nc1nnc(-c2ccc3occc3c2)c(-c2ccccc2)n1,7.19,Ki,Ki,64.6
Cc1cc(-c2nnc(N)nc2-c2ccccc2)cc(C)c1O,8.68,Ki,Ki,2.09
Nc1nnc(-c2ccc(O)c(Cl)c2)c(-c2ccccc2)n1,8.86,Ki,Ki,1.38
Nc1nnc(-c2ccnc(Cl)c2)c(-c2ccccc2)n1,7.74,Ki,Ki,18.2
Cc1cc(Cl)cc(-c2nnc(N)nc2-c2ccccc2)c1,8.66,Ki,Ki,2.19
Cc1cc(-c2nnc(N)nc2-c2ccccc2)cc(Cl)n1,8.22,Ki,Ki,6.03
Nc1nnc(-c2ccc3ccccc3c2)c(-c2ccccc2)n1,6.99,Ki,Ki,102.0
Cc1cc(-c2nnc(N)nc2-c2ccccc2)cc(C)n1,8.11,Ki,Ki,7.76
Nc1nnc(-c2ccnc(C3CC3)c2)c(-c2ccccc2)n1,7.45,Ki,Ki,35.5
CC1(C)C=C(c2nnc(N)nc2-c2ccccc2)CC(C)(C)O1,6.61,Ki,Ki,245.0
Cc1cc(-c2nnc(N)nc2-c2cccc(F)c2)cc(Cl)n1,8.07,Ki,Ki,8.51
Cc1cc(-c2nnc(N)nc2-c2ccc(F)cc2)cc(Cl)n1,7.86,Ki,Ki,13.8
Nc1nnc(-c2cnn(Cc3ccccc3)c2)c(-c2ccccc2)n1,5.62,Ki,Ki,2399.0
Cc1cc(-c2nnc(N)nc2-c2ccc(OC(F)F)cc2)cc(C)c1C#N,6.31,Ki,Ki,490.0
Cc1cc(-c2nnc(N)nc2-c2cc(F)cc(F)c2)cc(C)n1,7.56,Ki,Ki,27.5
Cc1cc(-c2nnc(N)nc2-c2cccc(F)c2)cc(C)n1,7.98,Ki,Ki,10.5
Cc1cc(-c2nnc(N)nc2-c2ccc(Cl)cc2)cc(C)n1,7.81,Ki,Ki,15.5
Nc1nnc(-c2cc(Cl)nc(C(F)(F)F)c2)c(-c2ccc(F)cc2)n1,8.4,Ki,Ki,3.98
Cc1cc(-c2nnc(N)nc2-c2ccc(F)cc2)cc(C(F)(F)F)n1,8.07,Ki,Ki,8.51
Cc1cc(-c2nnc(N)nc2-c2ccccc2F)cc(Cl)n1,8.03,Ki,Ki,9.33
Cc1cc(-c2nnc(N)nc2-c2ccccc2)cc(C(F)F)n1,8.62,Ki,Ki,2.4
Nc1nnc(-c2cc(Cl)nc(C(F)F)c2)c(-c2ccccc2)n1,8.9,Ki,Ki,1.26
Nc1nnc(-c2cc(Cl)nc(CF)c2)c(-c2ccccc2)n1,8.71,Ki,Ki,1.95
Cc1cc(-c2nnc(N)nc2-c2ccccc2F)cc(C(F)(F)F)n1,8.26,Ki,Ki,5.5
Cc1cc(-c2nnc(N)nc2-c2ccc(F)cc2)cc(C(F)(F)F)n1,8.34,Ki,Ki,4.57
Nc1nnc(-c2cc(Cl)cc(Cl)c2)c(-c2ccccn2)n1,7.21,Ki,Ki,61.7
Cc1cc(-c2nnc(N)nc2-c2ccccc2)cc(C(F)(F)F)n1,8.59,Ki,Ki,2.57
CN(C)c1cc(-c2nnc(N)nc2-c2ccccc2)ccn1,7.71,Ki,Ki,19.5
Cc1cc(-c2nnc(N)nc2-c2ccccc2)cc(Br)n1,8.66,Ki,Ki,2.19
Cc1cc(-c2nnc(N)nc2-c2ccccc2)cc(C)[n+]1[O-],7.51,Ki,Ki,30.9
Nc1nnc(-c2cc(Cl)cc(C(F)(F)F)c2)c(-c2ncccn2)n1,6.58,Ki,Ki,263.0
CC1CCCN(c2nnc(N)nc2-c2ccccc2)C1,7.31,Ki,Ki,49.0
CC1CN(c2nnc(N)nc2-c2ccccc2)CC(C)O1,7.79,Ki,Ki,16.2
CC1(C)CCCN(c2nnc(N)nc2-c2ccccc2)C1,7.39,Ki,Ki,40.7
Cc1csc(Nc2nnc(N)nc2-c2ccccc2)n1,5.07,Ki,Ki,8511.0
Nc1nnc(N2CCOC(CO)C2)c(-c2ccccc2)n1,5.53,Ki,Ki,2951.0
Nc1nnc(Oc2ccccc2)c(-c2ccccc2)n1,7.17,Ki,Ki,67.6
Nc1nnc(Oc2cccc(C(F)(F)F)c2)c(-c2ccccc2)n1,5.96,Ki,Ki,1096.0
Nc1nnc(-n2ccc(=O)cc2)c(-c2ccccc2)n1,7.41,Ki,Ki,38.9
Cc1ncccc1Oc1nnc(N)nc1-c1ccccc1,6.22,Ki,Ki,603.0
Cn1nc(C(F)(F)F)cc1Oc1nnc(N)nc1-c1ccccc1,7.39,Ki,Ki,40.7
Cc1ccc(Sc2nnc(N)nc2-c2ccccc2)cc1,5.82,Ki,Ki,1514.0
Nc1nnc(-c2cc(Cl)cc(OS(=O)(=O)C(F)(F)F)c2)c(-c2ccccc2)n1,7.89,Ki,Ki,12.9
CC(=O)Nc1cc(-c2nnc(N)nc2-c2ccccc2)ccc1O,6.73,Ki,Ki,186.0
Cc1cc(-c2nnc(N)nc2-c2ccccc2)cc(C)n1,7.91,Ki,Ki,12.3
Cc1cn(-c2nnc(N)nc2-c2ccccc2)cc(C)c1=O,7.77,Ki,Ki,17.0
Cc1cc(-c2nnc(N)nc2-c2ccccc2)cc(N2CCC2)n1,8.52,Ki,Ki,3.02
Cc1cc(-c2nnc(N)nc2-c2ccc(F)cc2)cc(N2CCC2)n1,7.76,Ki,Ki,17.4
Nc1cnc(-c2ccc(O)c(Cl)c2)c(-c2ccccc2)n1,7.24,IC50,IC50,57.0
Cc1ccn(-c2nc(N)cnc2-c2cc(Cl)c3ncccc3c2)n1,8.68,IC50,IC50,2.1
Cc1ccn(-c2nc(N)c(C#N)nc2-c2cc(Cl)c3ncccc3c2)n1,8.62,IC50,IC50,2.4
Cc1ncc(-c2nc(N)cnc2-c2ccc3ncccc3c2)s1,7.26,IC50,IC50,55.5
Cc1ccn(-c2nc(N)c(C#N)nc2-c2ccc3ncccc3c2)n1,8.48,IC50,IC50,3.3
Cc1ccn(-c2nc(N)cnc2-c2cc(Cl)c3[nH]ncc3c2)n1,8.26,IC50,IC50,5.5
Cn1ccc(-c2nc(N)cnc2-c2cc(Cl)c3ncccc3c2)n1,7.77,IC50,IC50,17.0
Cn1ccc(-c2nc(N)cnc2-c2cc(Cl)c3[nH]ncc3c2)n1,8.05,IC50,IC50,9.0
Cn1ccc(-c2nc(N)c(C#N)nc2-c2cc(Cl)c3ncccc3c2)n1,8.8,IC50,IC50,1.6
Cn1ccc(-c2nc(N)cnc2-c2ccc3c(=O)[nH]ccc3c2)n1,7.0,IC50,IC50,101.0
Cc1ncc(-c2nc(N)cnc2-c2cc(Cl)c3ncccc3c2)s1,8.03,IC50,IC50,9.4
Nc1nc(-c2ccco2)c2c(n1)C(Cc1ccccc1F)OC2=O,7.1,IC50,IC50,79.0
Nc1nc(-c2ccco2)c2c(n1)C(Cc1ccccc1F)OC2=O,7.83,IC50,IC50,14.7
Nc1nc(-c2ccco2)c2c(n1)C(Cc1ccc(Cl)cc1F)OC2=O,7.41,IC50,IC50,39.3
N#Cc1ccc(CC2OC(=O)c3c(-c4ccco4)nc(N)nc32)cc1F,6.8,IC50,IC50,159.0
N#Cc1ccc(CC2OC(=O)c3c(-c4ccco4)nc(N)nc32)cc1,6.6,IC50,IC50,249.0
Nc1nc(-c2ccco2)c2c(n1)C(Cc1ccccc1)OC2=O,7.4,IC50,IC50,40.0
Nc1nc(-c2ccco2)c2c(n1)[C@@H](Cc1ccccc1)OC2,6.8,IC50,IC50,157.0
Nc1nc(-c2ccco2)c2c(n1)C(Cc1ccc(F)cc1F)OC2=O,7.97,IC50,IC50,10.7
Nc1nc(-c2ccco2)c2c(n1)C(Cc1ccc(F)cc1Cl)OC2=O,6.94,IC50,IC50,114.0
Nc1nc(-c2ccco2)c2c(n1)C(Cc1ccccc1Cl)OC2=O,7.49,IC50,IC50,32.1
Nc1nc(-c2ccco2)c2c(n1)C(Cc1ccc(Cl)c(F)c1)OC2=O,7.0,IC50,IC50,99.8
CS(=O)(=O)c1ccc(CC2OC(=O)c3c(-c4ccco4)nc(N)nc32)cc1,6.82,IC50,IC50,152.0
NC(=O)c1ccc(CC2OC(=O)c3c(-c4ccco4)nc(N)nc32)cc1,6.66,IC50,IC50,218.0
Nc1nc(-c2ccco2)c2c(n1)C(Cc1ccc(C(F)(F)F)cc1)OC2=O,6.56,IC50,IC50,274.0
Nc1nc(-c2ccco2)c2c(n1)C(Cc1ccccc1C(F)(F)F)OC2=O,7.8,IC50,IC50,15.7
Nc1nc(-c2ccco2)c2c(n1)C(Cc1c(F)cccc1Cl)OC2=O,7.54,IC50,IC50,29.2
Nc1nc(-c2ccco2)c2c(n1)C(Cc1cccc(Cl)c1F)OC2=O,7.13,IC50,IC50,73.7
Cc1ccccc1CC1OC(=O)c2c(-c3ccco3)nc(N)nc21,7.51,IC50,IC50,31.1
Nc1nc(-c2ccco2)c2c(n1)C(Cc1cc(C(F)(F)F)cc(C(F)(F)F)c1)OC2=O,6.52,IC50,IC50,299.0
Nc1nc(-c2ccco2)c2c(n1)C(Cc1ccc(OC(F)(F)F)cc1)OC2=O,6.97,IC50,IC50,106.0
Nc1nc(-c2ccco2)c2c(n1)C(Cc1c(F)cccc1F)OC2=O,7.33,IC50,IC50,47.3
Nc1nc(-c2ccco2)c2c(n1)C(Cc1ccccc1OC(F)(F)F)OC2=O,8.41,IC50,IC50,3.9
Nc1nc(-c2ccccn2)c2c(n1)C(Cc1ccccc1)OC2=O,6.04,IC50,IC50,918.0
Nc1nc(-c2ccc(Br)o2)c2c(n1)C(Cc1ccc(F)cc1F)OC2=O,7.73,IC50,IC50,18.6
Cc1ccc(-c2nc(N)nc3c2C(=O)OC3Cc2ccc(F)cc2F)o1,7.49,IC50,IC50,32.1
Cc1ccc(-c2nc(N)nc3c2C(=O)OC3Cc2ccccc2F)o1,7.68,IC50,IC50,21.0
Cc1ccc(-c2nc(N)nc3c2C(=O)OC3Cc2ccccc2C(F)(F)F)o1,7.95,IC50,IC50,11.2
Cc1ccc(-c2nc(N)nc3c2C(=O)OC3Cc2cc(F)ccc2F)o1,6.6,IC50,IC50,252.0
Cc1ccc(-c2nc(N)nc3c2C(=O)OC3Cc2cc(Cl)ccc2F)o1,7.03,IC50,IC50,94.0
Cc1ccc(-c2nc(N)nc3c2C(=O)OC3Cc2c(F)cccc2Cl)o1,7.42,IC50,IC50,38.4
Cc1ccc(-c2nc(N)nc3c2C(=O)OC3Cc2ccc(F)cc2C(F)(F)F)o1,7.7,IC50,IC50,19.9
Nc1nc(-c2ccco2)c2c(n1)[C@H](Cc1ccccc1)OC2,6.56,IC50,IC50,275.0
Cn1c(=O)n(Cc2ccc(F)cc2F)c2nc(N)nc(-c3ccco3)c21,7.52,IC50,IC50,30.1
Cc1ccc(-c2nc(N)nc3c2n(C)c(=O)n3Cc2ccccc2OC(F)(F)F)o1,7.55,IC50,IC50,28.1
Nc1nc(-c2ccc(Br)o2)c2c(n1)C(Cc1ccccc1OC(F)(F)F)OC2=O,7.17,IC50,IC50,67.4
CN1C(=O)c2c(nc(N)nc2-c2ccco2)C1=Cc1ccccc1F,8.21,IC50,IC50,6.1
Cc1ccc(-c2nc(N)nc3c2C(=O)OC3Cc2ccccc2OC(F)F)o1,6.89,IC50,IC50,128.0
Nc1nc(-c2ccco2)c2c(n1)C(Cc1ccccc1F)OC2=O,6.97,IC50,IC50,106.0
Cn1c(=O)n(Cc2ccccc2F)c2nc(N)nc(-c3ccco3)c21,7.36,IC50,IC50,43.5
Cc1ccc(-c2nc(N)nc3c2C(=O)OC3Cc2ccc(F)cc2F)o1,7.06,IC50,IC50,87.4
Cc1ccc(-c2nc(N)nc3c2C(=O)OC3(C)Cc2ccccc2F)o1,6.0,IC50,IC50,992.0
CN1C(=O)c2c(-c3ccco3)nc(N)nc2C1Cc1ccccc1F,7.19,IC50,IC50,64.6
CN1C(=O)c2c(-c3ccco3)nc(N)nc2C1Cc1ccccc1OC(F)(F)F,7.94,IC50,IC50,11.6
CN1C(=O)c2c(nc(N)nc2-c2ccco2)C1=Cc1ccc(F)cc1F,8.06,IC50,IC50,8.7
CN1C(=O)c2c(-c3ccco3)nc(N)nc2C1Cc1ccc(F)cc1F,7.79,IC50,IC50,16.4
Cc1ccc(-c2nc(N)nc3c2C(=O)N(C)C3=Cc2ccc(F)cc2F)o1,7.88,IC50,IC50,13.2
Cc1ccc(-c2nc(N)nc3c2C(=O)N(C)C3Cc2ccc(F)cc2F)o1,7.49,IC50,IC50,32.1
Cc1ccc(-c2nc(N)nc3c2C(=O)N(C)C3=Cc2ccccc2F)o1,8.14,IC50,IC50,7.3
Cc1ccc(-c2nc(N)nc3c2C(=O)N(C)C3=Cc2ccccc2C(F)(F)F)o1,8.33,IC50,IC50,4.7
Cc1ccc(-c2nc(N)nc3c2C(=O)N(C)C3=Cc2ccccc2OC(F)(F)F)o1,8.44,IC50,IC50,3.6
Cc1ccc(-c2nc(N)nc3c2C(=O)N(C)C3Cc2ccccc2OC(F)(F)F)o1,7.25,IC50,IC50,56.2
Cc1ccc(-c2nc(N)nc3c2C(=O)N(C)C3Cc2ccccc2C(F)(F)F)o1,7.46,IC50,IC50,34.7
Cc1ccc(-c2nc(N)nc3c2C(=O)N(C)C3Cc2ccccc2F)o1,7.53,IC50,IC50,29.3
Cc1ccc(-c2nc(N)nc3c2C(=O)N(C)C3=Cc2ccc(F)cc2C(F)(F)F)o1,8.47,IC50,IC50,3.4
Cc1ccc(-c2nc(N)nc3c2C(=O)N(C)C3Cc2ccc(F)cc2C(F)(F)F)o1,6.82,IC50,IC50,152.0
Cc1ccc(-c2nc(N)nc3c2C(=O)N(C)C3Cc2cc[n+]([O-])cc2)o1,7.68,IC50,IC50,21.0
Cc1ccc(-c2nc(N)nc3c2C(=O)N(C)C3Cc2ccncc2)o1,6.75,IC50,IC50,179.0
Cc1ccc(-c2nc(N)nc3c2[nH]c(=O)n3Cc2ccccc2C(F)(F)F)o1,6.75,IC50,IC50,177.0
Cc1ccc(Cn2c(=O)[nH]c3c(-c4ccc(C)o4)nc(N)nc32)c(C(F)(F)F)c1,6.67,IC50,IC50,213.0
Nc1nc2c3c(ccc2c2ncnn12)OC(F)(F)O3,7.92,Ki,Ki,12.0
Cc1nc2c3ccc4c(c3nc(N)n2n1)OC(F)(F)O4,8.21,Ki,Ki,6.2
Nc1nc2c3c(ccc2c2nc(Cc4cccnc4Cl)nn12)OC(F)(F)O3,8.54,Ki,Ki,2.9
Nc1nc2c3c(ccc2c2nc(Cc4cccnc4N4CC[C@@H](c5ccc(F)cc5)C4)nn12)OC(F)(F)O3,8.08,Ki,Ki,8.3
Nc1nc2c3c(ccc2c2nc(Cc4cccnc4N4CC[C@@H](c5ccc(C(F)(F)F)cc5)C4)nn12)OC(F)(F)O3,7.82,Ki,Ki,15.0
Nc1nc2c3c(ccc2c2nc(CCN4Cc5cccnc5C4)nn12)OC(F)(F)O3,8.19,Ki,Ki,6.5
Nc1nc2c3c(ccc2c2nc(CCN4Cc5ccc(C(F)(F)F)cc5C4)nn12)OC(F)(F)O3,8.51,Ki,Ki,3.1
Nc1nc2c3c(ccc2c2nc(CCN4Cc5ccc(F)cc5C4)nn12)OC(F)(F)O3,8.68,Ki,Ki,2.1
Nc1nc2c3c(ccc2c2nc(CCN4Cc5cnc(C(F)(F)F)nc5C4)nn12)OC(F)(F)O3,8.42,Ki,Ki,3.8
CCc1nnc2n1CCN(CCc1nc3c4ccc5c(c4nc(N)n3n1)OC(F)(F)O5)C2,8.8,Ki,Ki,1.6
Nc1nc2c3c(ccc2c2nc(CCN4Cc5ccncc5C4)nn12)OC(F)(F)O3,8.68,Ki,Ki,2.1
Cc1nc2c(o1)CN(CCc1nc3c4ccc5c(c4nc(N)n3n1)OC(F)(F)O5)CC2,8.82,Ki,Ki,1.5
Cc1nc2c(s1)CCN(CCc1nc3c4ccc5c(c4nc(N)n3n1)OC(F)(F)O5)C2,8.74,Ki,Ki,1.8
Nc1nc2c3c(ccc2c2nc(CCN4CCc5nc(C6CC6)oc5C4)nn12)OC(F)(F)O3,9.05,Ki,Ki,0.9
Nc1nc2c3c(ccc2c2nc(CCN4CC(F)C4)nn12)OC(F)(F)O3,8.6,Ki,Ki,2.5
CC1(F)CN(CCc2nc3c4ccc5c(c4nc(N)n3n2)OC(F)(F)O5)C1,8.49,Ki,Ki,3.2
CCC1(F)CN(CCc2nc3c4ccc5c(c4nc(N)n3n2)OC(F)(F)O5)C1,8.46,Ki,Ki,3.5
Nc1nc2c3c(ccc2c2nc(CCN4CC(F)(C5CC5)C4)nn12)OC(F)(F)O3,8.8,Ki,Ki,1.6
Nc1nc2c3c(ccc2c2nc(CCN4CC(F)(F)C4)nn12)OC(F)(F)O3,8.52,Ki,Ki,3.0
Nc1nc2c3c(ccc2c2nc(CCN4CC(O)(C(F)(F)F)C4)nn12)OC(F)(F)O3,7.92,Ki,Ki,12.0
Nc1nc2c3c(ccc2c2nc(CCN4CC(F)(C(F)(F)F)C4)nn12)OC(F)(F)O3,8.47,Ki,Ki,3.4
C[C@@H]1C[C@H](F)CN1CCc1nc2c3ccc4c(c3nc(N)n2n1)OC(F)(F)O4,8.82,Ki,Ki,1.5
Nc1nc2c3c(ccc2c2nc(CCN4C[C@H](F)[C@@H](F)C4)nn12)OC(F)(F)O3,8.8,Ki,Ki,1.6
Nc1nc2c3c(ccc2c2nc(CCN4CCC(F)(F)C4)nn12)OC(F)(F)O3,8.85,Ki,Ki,1.4
C[C@@H]1CC(F)(F)CN1CCc1nc2c3ccc4c(c3nc(N)n2n1)OC(F)(F)O4,8.96,Ki,Ki,1.1
C[C@H]1CC(F)(F)CN1CCc1nc2c3ccc4c(c3nc(N)n2n1)OC(F)(F)O4,8.52,Ki,Ki,3.0
Nc1nc2c3c(ccc2c2nc(CCN4CCC(F)CC4)nn12)OC(F)(F)O3,8.11,Ki,Ki,7.8
CC1(F)CCN(CCc2nc3c4ccc5c(c4nc(N)n3n2)OC(F)(F)O5)CC1,7.96,Ki,Ki,11.0
Nc1nc2c3c(ccc2c2nc(CCN4CCCC(F)(F)C4)nn12)OC(F)(F)O3,8.8,Ki,Ki,1.6
Nc1nc2c3c(ccc2c2nc(CCN4CCC(F)(F)CC4)nn12)OC(F)(F)O3,8.59,Ki,Ki,2.6
C[C@@H]1CC(F)(F)CCN1CCc1nc2c3ccc4c(c3nc(N)n2n1)OC(F)(F)O4,8.66,Ki,Ki,2.2
Nc1nc2c3c(ccc2c2nc(CCN4CC5COCC(C4)C5(F)F)nn12)OC(F)(F)O3,7.4,Ki,Ki,40.0
CC1(C)CN(CCc2nc3c4ccc5c(c4nc(N)n3n2)OC(F)(F)O5)C1,7.54,Ki,Ki,29.0
C[C@@H]1CC[C@@H](C)N1CCc1nc2c3ccc4c(c3nc(N)n2n1)OC(F)(F)O4,7.96,Ki,Ki,11.0
Nc1nc2c3c(ccc2c2nc(CCN4CC5CC5C4)nn12)OC(F)(F)O3,8.52,Ki,Ki,3.0
Nc1nc2c3c(ccc2c2nc(CCN4CC[C@@H](c5ccccc5)C4)nn12)OC(F)(F)O3,7.41,Ki,Ki,39.0
Nc1nc2c3c(ccc2c2nc(CCN4CC[C@H](c5ccccc5)C4)nn12)OC(F)(F)O3,7.7,Ki,Ki,20.0
CC1CCN(CCc2nc3c4ccc5c(c4nc(N)n3n2)OC(F)(F)O5)CC1,7.57,Ki,Ki,27.0
CC1(C)CCCN(CCc2nc3c4ccc5c(c4nc(N)n3n2)OC(F)(F)O5)C1,7.17,Ki,Ki,67.0
CO[C@@H]1CCCN(CCc2nc3c4ccc5c(c4nc(N)n3n2)OC(F)(F)O5)C1,7.89,Ki,Ki,13.0
CC1=CCN(CCc2nc3c4ccc5c(c4nc(N)n3n2)OC(F)(F)O5)CC1,8.42,Ki,Ki,3.8
C[C@@H]1CN(CCc2nc3c4ccc5c(c4nc(N)n3n2)OC(F)(F)O5)CCO1,7.96,Ki,Ki,11.0
C[C@H]1COCCN1CCc1nc2c3ccc4c(c3nc(N)n2n1)OC(F)(F)O4,8.11,Ki,Ki,7.8
C[C@@H]1CN(CCc2nc3c4ccc5c(c4nc(N)n3n2)OC(F)(F)O5)C[C@H](C)O1,7.35,Ki,Ki,45.0
Cc1ncc(N2CCN(CCc3nc4c5ccc6c(c5nc(N)n4n3)OC(F)(F)O6)[C@H](C)C2)s1,8.82,Ki,Ki,1.5
C[C@@H]1CN(c2nsnc2Cl)CCN1CCc1nc2c3ccc4c(c3nc(N)n2n1)OC(F)(F)O4,8.74,Ki,Ki,1.8
CN1CCN(CCc2nc3c4ccc5c(c4nc(N)n3n2)OC(F)(F)O5)CC1=O,8.77,Ki,Ki,1.7
Nc1nc2c3c(ccc2c2nc(CCN4CCN(CC5CC5)C(=O)C4)nn12)OC(F)(F)O3,9.1,Ki,Ki,0.8
Nc1nc2c3c(ccc2c2nc(CCN4CCN(C5CCCC5)C(=O)C4)nn12)OC(F)(F)O3,8.8,Ki,Ki,1.6
Nc1nc2c3c(ccc2c2nc(CCN4CCN(c5cccc(F)c5)C(=O)C4)nn12)OC(F)(F)O3,8.96,Ki,Ki,1.1
Nc1nc2c3c(ccc2c2nc(CCN4C[C@H]5CCCN[C@H]5C4)nn12)OC(F)(F)O3,7.26,Ki,Ki,55.0
Nc1nc2c3c(ccc2c2nc(CCN4CC5CNC[C@H]5C4)nn12)OC(F)(F)O3,7.4,Ki,Ki,40.0
Nc1nc2c3c(ccc2c2nc(CCN4CCC5(CCNCC5)C4)nn12)OC(F)(F)O3,7.41,Ki,Ki,39.0
Nc1nc2c3c(ccc2c2nc(CCN4CCC5(CCNCC5)CC4)nn12)OC(F)(F)O3,6.5,Ki,Ki,320.0
Nc1nc2c3c(ccc2c2nc(CCN4CCCC45CCNCC5)nn12)OC(F)(F)O3,7.66,Ki,Ki,22.0
Nc1nc2c3c(ccc2c2nc(CCN4CCCC5(CCNCC5)C4)nn12)OC(F)(F)O3,7.57,Ki,Ki,27.0
Nc1nc2c3c(ccc2c2nc(CCNC4CC5(CNC5)C4)nn12)OC(F)(F)O3,7.05,Ki,Ki,90.0
Nc1nc2c3c(ccc2c2nc(CCNC4(C(F)(F)F)CCC4)nn12)OC(F)(F)O3,9.0,Ki,Ki,1.0
Nc1nc2c3c(ccc2c2nc(CCNCc4ccc(C(F)(F)F)cc4)nn12)OC(F)(F)O3,8.21,Ki,Ki,6.2
Cc1csc(CN(CCc2nc3c4ccc5c(c4nc(N)n3n2)OC(F)(F)O5)CC2CC2)n1,9.15,Ki,Ki,0.7
Cc1ncc(CN(CCc2nc3c4ccc5c(c4nc(N)n3n2)OC(F)(F)O5)CC2CC2)s1,8.82,Ki,Ki,1.5
Nc1nc2c3c(ccc2c2nc(CCN4CCCC(C(F)(F)F)C4)nn12)OC(F)(F)O3,8.44,Ki,Ki,3.6
C[C@@H]1CN(CCc2nc3c4ccc5c(c4nc(N)n3n2)OC(F)(F)O5)C[C@@H](C)O1,7.44,Ki,Ki,36.0
CC1(F)CCCN(CCc2nc3c4ccc5c(c4nc(N)n3n2)OC(F)(F)O5)C1,8.11,Ki,Ki,7.7
CC1(F)CCCN(CCc2nc3c4ccc5c(c4nc(N)n3n2)OC(F)(F)O5)C1,8.38,Ki,Ki,4.2
Nc1nc2c3c(ccc2c2nc(CCN4CC5CC4C(F)(F)C5)nn12)OC(F)(F)O3,8.52,Ki,Ki,3.0
Nc1nc2c3c(ccc2c2nc(CCN4CC5CC4C(F)(F)C5)nn12)OC(F)(F)O3,8.46,Ki,Ki,3.5
C[C@H]1N(CCc2nc3c4ccc5c(c4nc(N)n3n2)OC(F)(F)O5)CCCC1(F)F,8.92,Ki,Ki,1.2
C[C@@H]1N(CCc2nc3c4ccc5c(c4nc(N)n3n2)OC(F)(F)O5)CCCC1(F)F,8.74,Ki,Ki,1.8
Nc1nc2c3c(ccc2c2nc(CCN4CCCC(O)(C(F)(F)F)C4)nn12)OC(F)(F)O3,8.28,Ki,Ki,5.2
Nc1nc2c3c(ccc2c2nc(CCN4CCCC(O)(C(F)(F)F)C4)nn12)OC(F)(F)O3,8.41,Ki,Ki,3.9
Nc1nc2c3c(ccc2c2nc(CCN4CCCC(F)(C(F)(F)F)C4)nn12)OC(F)(F)O3,9.05,Ki,Ki,0.9
Nc1nc2c3c(ccc2c2nc(CCN4CCCC(F)(C(F)(F)F)C4)nn12)OC(F)(F)O3,9.05,Ki,Ki,0.9
C[C@H](Cc1nc2c3ccc4c(c3nc(N)n2n1)OC(F)(F)O4)N1Cc2ccncc2C1,8.15,Ki,Ki,7.1
C[C@H](Cc1nc2c3ccc4c(c3nc(N)n2n1)OC(F)(F)O4)N1CCc2cccnc21,8.38,Ki,Ki,4.2
C[C@H](Cc1nc2c3ccc4c(c3nc(N)n2n1)OC(F)(F)O4)N1CCc2ccncc21,8.74,Ki,Ki,1.8
C[C@H](Cc1nc2c3ccc4c(c3nc(N)n2n1)OC(F)(F)O4)N1CCc2ccncc2C1,8.41,Ki,Ki,3.9
C[C@H](Cc1nc2c3ccc4c(c3nc(N)n2n1)OC(F)(F)O4)N1CCc2cccnc2C1,8.85,Ki,Ki,1.4
Cc1nc2c(o1)CN([C@H](C)Cc1nc3c4ccc5c(c4nc(N)n3n1)OC(F)(F)O5)CC2,8.89,Ki,Ki,1.3
Cc1nc2c(s1)CN([C@H](C)Cc1nc3c4ccc5c(c4nc(N)n3n1)OC(F)(F)O5)CC2,8.59,Ki,Ki,2.6
C[C@H](Cc1nc2c3ccc4c(c3nc(N)n2n1)OC(F)(F)O4)N1CCc2nc(C3CC3)oc2C1,8.62,Ki,Ki,2.4
Cc1nc2c(s1)CCN([C@H](C)Cc1nc3c4ccc5c(c4nc(N)n3n1)OC(F)(F)O5)C2,8.82,Ki,Ki,1.5
Cc1cc2n(n1)CCN([C@H](C)Cc1nc3c4ccc5c(c4nc(N)n3n1)OC(F)(F)O5)C2,8.42,Ki,Ki,3.8
C[C@H](Cc1nc2c3ccc4c(c3nc(N)n2n1)OC(F)(F)O4)N1CC(C)(F)C1,8.31,Ki,Ki,4.9
C[C@H](Cc1nc2c3ccc4c(c3nc(N)n2n1)OC(F)(F)O4)N1CCCC(C)(F)C1,7.92,Ki,Ki,12.0
C[C@H](Cc1nc2c3ccc4c(c3nc(N)n2n1)OC(F)(F)O4)N1CCCC(C)(F)C1,7.8,Ki,Ki,16.0
C[C@@H](Cc1nc2c3ccc4c(c3nc(N)n2n1)OC(F)(F)O4)N1Cc2ccncc2C1,8.11,Ki,Ki,7.7
C[C@@H](Cc1nc2c3ccc4c(c3nc(N)n2n1)OC(F)(F)O4)N1CC(C)(F)C1,8.32,Ki,Ki,4.8
C[C@@H](Cc1nc2c3ccc4c(c3nc(N)n2n1)OC(F)(F)O4)N1CCCC(C)(F)C1,8.21,Ki,Ki,6.1
C[C@@H](Cc1nc2c3ccc4c(c3nc(N)n2n1)OC(F)(F)O4)N1CCCC(C)(F)C1,7.92,Ki,Ki,12.0
CC(Cc1nc2c3ccc4c(c3nc(N)n2n1)OC(F)(F)O4)N1Cc2cccnc2C1,8.92,Ki,Ki,1.2
CC(Cc1nc2c3ccc4c(c3nc(N)n2n1)OC(F)(F)O4)N1Cc2cccnc2C1,8.4,Ki,Ki,4.0
CC(Cc1nc2c3ccc4c(c3nc(N)n2n1)OC(F)(F)O4)N1CC(F)(F)C1,8.32,Ki,Ki,4.8
CC(Cc1nc2c3ccc4c(c3nc(N)n2n1)OC(F)(F)O4)N1CC(F)(F)C1,8.39,Ki,Ki,4.1
C[C@H](Cc1nc2c3ccc4c(c3nc(N)n2n1)OC(F)(F)O4)N1CCCC(F)(F)C1,8.37,Ki,Ki,4.3
C[C@@H](Cc1nc2c3ccc4c(c3nc(N)n2n1)OC(F)(F)O4)N1CCCC(F)(F)C1,8.39,Ki,Ki,4.1
Nc1nc2c3c(ccc2c2nc(CC(C(F)F)N4Cc5cccnc5C4)nn12)OC(F)(F)O3,8.66,Ki,Ki,2.2
Nc1nc2c3c(ccc2c2nc(CC(C(F)F)N4Cc5cccnc5C4)nn12)OC(F)(F)O3,8.18,Ki,Ki,6.6
Nc1nc2c3c(ccc2c2nc(CCn4cccn4)nn12)OC(F)(F)O3,8.57,Ki,Ki,2.7
Nc1nc2c3c(ccc2c2nc(CCN4Cc5ncccc5C4=O)nn12)OC(F)(F)O3,8.19,Ki,Ki,6.5
CC(C)(Cc1nc2c3ccc4c(c3nc(N)n2n1)OC(F)(F)O4)N1CC(F)C1,7.51,Ki,Ki,31.0
Nc1nc2c3c(ccc2c2nc(CN4CCN(c5ccc(F)cc5)CC45CC5)nn12)OC(F)(F)O3,8.46,Ki,Ki,3.5
Nc1nc2c3c(ccc2c2nc(CN4CCN(c5ccc(F)cn5)CC45CC5)nn12)OC(F)(F)O3,8.47,Ki,Ki,3.4
Nc1nc2c3c(ccc2c2nc(CN4CCN(c5cccc(F)c5)CC45CC5)nn12)OC(F)(F)O3,8.06,Ki,Ki,8.7
COCCOc1ccc(N2CCN(Cc3nc4c5ccc6c(c5nc(N)n4n3)OC(F)(F)O6)C3(CC3)C2)cc1,8.43,Ki,Ki,3.7
C[C@@H]1CN(c2ccc(F)cc2)CCN1Cc1nc2c3ccc4c(c3nc(N)n2n1)OC(F)(F)O4,8.68,Ki,Ki,2.1
Cc1ncc(N2CCN(Cc3nc4c5ccc6c(c5nc(N)n4n3)OC(F)(F)O6)[C@H](C)C2)s1,8.4,Ki,Ki,4.0
C[C@@H]1CN(c2nsnc2Cl)CCN1Cc1nc2c3ccc4c(c3nc(N)n2n1)OC(F)(F)O4,8.12,Ki,Ki,7.5
Nc1nc2c3c(ccc2c2nc(CN4CC(F)(F)C4)nn12)OC(F)(F)O3,8.23,Ki,Ki,5.9
CC1(C)CN(Cc2nc3c4ccc5c(c4nc(N)n3n2)OC(F)(F)O5)C1,8.54,Ki,Ki,2.9
CC1(F)CN(Cc2nc3c4ccc5c(c4nc(N)n3n2)OC(F)(F)O5)C1,8.85,Ki,Ki,1.4
CCC1(F)CN(Cc2nc3c4ccc5c(c4nc(N)n3n2)OC(F)(F)O5)C1,8.7,Ki,Ki,2.0
Nc1nc2c3c(ccc2c2nc(CN4CC(O)(C(F)(F)F)C4)nn12)OC(F)(F)O3,8.55,Ki,Ki,2.8
Nc1nc2c3c(ccc2c2nc(CN4CC(F)(C(F)(F)F)C4)nn12)OC(F)(F)O3,8.85,Ki,Ki,1.4
Nc1nc2c3c(ccc2c2nc(CN4C[C@H](F)[C@@H](F)C4)nn12)OC(F)(F)O3,8.36,Ki,Ki,4.4
Nc1nc2c3c(ccc2c2nc(CN4CCC(F)(F)C4)nn12)OC(F)(F)O3,8.74,Ki,Ki,1.8
Nc1nc2c3c(ccc2c2nc(CN4CCC(Oc5ccc(F)cc5)CC4)nn12)OC(F)(F)O3,8.31,Ki,Ki,4.9
Nc1nc2c3c(ccc2c2nc(CN4CCCC(F)(F)C4)nn12)OC(F)(F)O3,8.38,Ki,Ki,4.2
Nc1nc2c3c(ccc2c2nc(CN4CCC(F)(F)CC4)nn12)OC(F)(F)O3,8.77,Ki,Ki,1.7
Nc1nc2c3c(ccc2c2nc(CN4Cc5ccc(F)cc5C4)nn12)OC(F)(F)O3,8.57,Ki,Ki,2.7
Nc1nc2c3c(ccc2c2nc(CN4Cc5cnc(C(F)(F)F)nc5C4)nn12)OC(F)(F)O3,7.8,Ki,Ki,16.0
CCc1nnc2n1CCN(Cc1nc3c4ccc5c(c4nc(N)n3n1)OC(F)(F)O5)C2,6.96,Ki,Ki,110.0
Nc1nc2c3c(ccc2c2nc(CN4Cc5ccc(C(F)(F)F)cc5C4)nn12)OC(F)(F)O3,8.31,Ki,Ki,4.9
Nc1nc2c3c(ccc2c2nc(CNCc4ccc(C(F)(F)F)cc4)nn12)OC(F)(F)O3,8.8,Ki,Ki,1.6
Nc1nc2c3c(ccc2c2nc(CNC4(C(F)(F)F)CCC4)nn12)OC(F)(F)O3,8.96,Ki,Ki,1.1
CN(C)Cc1nc2c3ccc4c(c3nc(N)n2n1)OC(F)(F)O4,7.54,Ki,Ki,29.0
Cc1csc(CN(Cc2nc3c4ccc5c(c4nc(N)n3n2)OC(F)(F)O5)CC2CC2)n1,8.85,Ki,Ki,1.4
Nc1nc2c3c(ccc2c2nc(Cn4cccn4)nn12)OC(F)(F)O3,8.6,Ki,Ki,2.5
Cc1cc(C)n(Cc2nc3c4ccc5c(c4nc(N)n3n2)OC(F)(F)O5)n1,9.0,Ki,Ki,1.0
Nc1nc2c3c(ccc2c2nc(Cn4nc(C(F)(F)F)cc4C(F)(F)F)nn12)OC(F)(F)O3,8.41,Ki,Ki,3.9
CC(c1nc2c3ccc4c(c3nc(N)n2n1)OC(F)(F)O4)N1CC(F)(F)C1,6.89,Ki,Ki,130.0
CC(c1nc2c3ccc4c(c3nc(N)n2n1)OC(F)(F)O4)N1CC(F)(F)C1,7.25,Ki,Ki,56.0
CC(c1nc2c3ccc4c(c3nc(N)n2n1)OC(F)(F)O4)N1C[C@H](F)[C@@H](F)C1,7.19,Ki,Ki,64.0
CC(c1nc2c3ccc4c(c3nc(N)n2n1)OC(F)(F)O4)N1C[C@H](F)[C@@H](F)C1,7.62,Ki,Ki,24.0
C[C@H](c1nc2c3ccc4c(c3nc(N)n2n1)OC(F)(F)O4)N1CCCC(F)(F)C1,7.05,Ki,Ki,89.0
C[C@@H](c1nc2c3ccc4c(c3nc(N)n2n1)OC(F)(F)O4)N1CCCC(F)(F)C1,7.6,Ki,Ki,25.0
Nc1nc2c3c(ccc2c2nc(CN4Cc5cccnc5C4)nn12)OC(F)(F)O3,8.72,Ki,Ki,1.9
Nc1nc2c3c(ccc2c2nc([C@@H]4CCCN(CC(F)(F)F)C4)nn12)OC(F)(F)O3,9.0,Ki,Ki,1.0
Nc1nc2c3c(ccc2c2nc([C@@H]4CCCN(CC(F)F)C4)nn12)OC(F)(F)O3,8.82,Ki,Ki,1.5
Nc1nc2c3c(ccc2c2nc(C4CCCN(CCC(F)(F)F)C4)nn12)OC(F)(F)O3,9.1,Ki,Ki,0.8
Nc1nc2c3c(ccc2c2nc(C4CCCN(CCC(F)(F)F)C4)nn12)OC(F)(F)O3,7.26,Ki,Ki,55.0
Nc1nc2c3c(ccc2c2nc(C4CCCN(c5cccc(F)c5)C4)nn12)OC(F)(F)O3,8.92,Ki,Ki,1.2
Nc1nc2c3c(ccc2c2nc(C4CCCN(c5cccc(F)c5)C4)nn12)OC(F)(F)O3,7.23,Ki,Ki,59.0
Nc1nc2c3c(ccc2c2nc(C4CCCN(c5cc(F)cc(F)c5)C4)nn12)OC(F)(F)O3,8.92,Ki,Ki,1.2
Nc1nc2c3c(ccc2c2nc(C4CCCN(c5cc(F)cc(F)c5)C4)nn12)OC(F)(F)O3,6.85,Ki,Ki,140.0
Nc1nc2c3c(ccc2c2nc([C@H]4CCCN(c5cncnc5)C4)nn12)OC(F)(F)O3,7.36,Ki,Ki,44.0
Nc1nc2c3c(ccc2c2nc([C@@H]4CCCN(c5cncnc5)C4)nn12)OC(F)(F)O3,8.54,Ki,Ki,2.9
COC(=O)C(Cc1nc2c3ccc4c(c3nc(N)n2n1)OC(F)(F)O4)C(=O)OC,8.7,Ki,Ki,2.0
Nc1nc2c3c(ccc2c2nc(CC(CO)CO)nn12)OC(F)(F)O3,8.57,Ki,Ki,2.7
Nc1nc2c3c(ccc2c2nc(CC(CCl)CCl)nn12)OC(F)(F)O3,8.64,Ki,Ki,2.3
Nc1nc2c3c(ccc2c2nc(CC4CN(C5CCC5)C4)nn12)OC(F)(F)O3,7.19,Ki,Ki,65.0
CC(F)(F)CN1CC(Cc2nc3c4ccc5c(c4nc(N)n3n2)OC(F)(F)O5)C1,8.26,Ki,Ki,5.5
Nc1nc2c3c(ccc2c2nc(CC4CN(c5ccccn5)C4)nn12)OC(F)(F)O3,6.77,Ki,Ki,170.0
Nc1nc2c3c(ccc2c2nc(CC4CCN(CCC(F)(F)F)C4)nn12)OC(F)(F)O3,7.7,Ki,Ki,20.0
Nc1nc2c3c(ccc2c2nc(CC4CCN(CCC(F)(F)F)C4)nn12)OC(F)(F)O3,8.14,Ki,Ki,7.2
Nc1nc2c3c(ccc2c2nc(CC4CCN(CC(F)F)C4)nn12)OC(F)(F)O3,8.28,Ki,Ki,5.3
COCCN1CCC(Cc2nc3c4ccc5c(c4nc(N)n3n2)OC(F)(F)O5)C1,7.12,Ki,Ki,75.0
Nc1nc2c3c(ccc2c2nc(C[C@H](N)C4CC4)nn12)OC(F)(F)O3,7.72,Ki,Ki,19.0
Nc1nc2c3c(ccc2c2nc(C[C@@H](N)C4CC4)nn12)OC(F)(F)O3,6.75,Ki,Ki,180.0
Nc1nc2c3c(ccc2c2nc([C@H]4CC[C@H](N5CCCC(F)(F)C5)C4)nn12)OC(F)(F)O3,7.8,Ki,Ki,16.0
Nc1nc2c3c(ccc2c2nc([C@H]4CC[C@@H](N5CCCC(F)(F)C5)C4)nn12)OC(F)(F)O3,7.5,Ki,Ki,32.0
CCNC(=O)c1cc2c(N)nc(-c3cccc(C#N)c3)c(C3(C(F)(F)F)CC3)n2n1,7.26,Ki,Ki,55.0
N#Cc1cccc(-c2nc(N)c3cc(CN4CCC4)nn3c2-c2ccncn2)c1,7.26,Ki,Ki,55.0
CCOC(=O)Nc1nc2c(N)nc(-c3cccc(C#N)c3)cn2n1,7.26,Ki,Ki,55.0
CCCCCn1c2cc[nH]c2c(=O)n2c(C)nnc12,6.26,Ki,Ki,550.0
CCCCCn1c2cc(-c3ccc(S(=O)(=O)Nc4ccc(C)cc4)cc3)[nH]c2c(=O)n2c(C)nnc12,7.26,Ki,Ki,55.0
CCCCCn1c2c(Br)c[nH]c2c(=O)n2c(C)nnc12,7.26,Ki,Ki,55.0
CCCCCn1c2c(C)c[nH]c2c(=O)n2c(C)nnc12,6.26,Ki,Ki,550.0
CCCCCn1c2c(-c3ccccc3)c[nH]c2c(=O)n2c(C)nnc12,6.26,Ki,Ki,550.0
CCCCCn1c2c(C#N)c[nH]c2c(=O)n2c(C)nnc12,6.26,Ki,Ki,550.0
CCCCCn1c2c(-c3cnn(Cc4ccccc4)c3)c[nH]c2c(=O)n2c(C)nnc12,6.26,Ki,Ki,550.0
CCCCCn1c2cc[nH]c2c(=O)n2c(C)cnc12,7.26,Ki,Ki,55.0
CC(C)n1cc(-c2cc3c(=O)cc[nH]c3nc2-c2ccccc2)ccc1=O,8.59,IC50,IC50,2.6
Cc1cc(-c2cc3c(=O)cc[nH]c3nc2-c2cccc(C#N)c2C)cc(Cl)n1,5.59,IC50,IC50,2595.0
Cc1cc(-c2cc3c(=O)cc[nH]c3nc2-c2cccc(C#N)c2)cc(Cl)n1,6.95,IC50,IC50,113.0
CC(C)n1cc(-c2cc3c(=O)cc[nH]c3nc2-c2ccccc2)cc(Cl)c1=O,8.46,IC50,IC50,3.5
Cc1c(C#N)cccc1-c1nc2[nH]ccc(=O)c2cc1-c1ccc2ncccc2c1,6.75,IC50,IC50,179.0
N#Cc1cccc(-c2nc3[nH]ccc(=O)c3cc2-c2ccc3ncccc3c2)c1,8.27,IC50,IC50,5.4
N#Cc1cccc(-c2nc3[nH]ccc(=O)c3cc2-c2ccc3[nH]ncc3c2)c1,7.31,IC50,IC50,49.0
N#Cc1cccc(-c2nc3[nH]ccc(=O)c3cc2-c2ccc3ncsc3c2)c1,8.02,IC50,IC50,9.5
N#Cc1cccc(-c2nc3[nH]ccc(=O)c3cc2-c2ccc3[nH]cnc3c2)c1,7.77,IC50,IC50,17.0
C[C@H](NC(=O)c1nc(N[C@@H](C)c2cccnc2)nc2ccsc12)c1cccnc1,7.12,IC50,IC50,75.0
C[C@H](Nc1nc(C(=O)N2CCC2)c2sccc2n1)c1cccnc1,6.52,IC50,IC50,300.0
C[C@H](Nc1nc(C(=O)N2CCC(C)(C)C2)c2sccc2n1)c1cccnc1,6.52,IC50,IC50,300.0
C[C@H](Nc1nc(C(=O)N2CC[C@@H](F)C2)c2sccc2n1)c1cccnc1,6.52,IC50,IC50,300.0
C[C@H](Nc1nc(C(=O)N2CC[C@H](F)C2)c2sccc2n1)c1cccnc1,7.12,IC50,IC50,75.0
C[C@H](Nc1nc(C(=O)N2CCCC2)c2sccc2n1)c1ccccn1,7.12,IC50,IC50,75.0
COc1ccc(CNC(=O)c2nc(NCc3ccc(OC)nc3)nc3ccsc23)cn1,7.12,IC50,IC50,75.0
C[C@H](Nc1nc(C(=O)N2CCC(F)(F)C2)c2sccc2n1)c1cccnc1,6.52,IC50,IC50,300.0
C[C@H](Nc1nc(C(=O)N2CC3(COC3)C2)c2sccc2n1)c1cccnc1,6.52,IC50,IC50,300.0
COc1ccc(CNC(=O)c2nc(N[C@@H](C)c3ccccn3)nc3ccsc23)cn1,7.12,IC50,IC50,75.0
COc1ccc(CNc2nc(C(=O)N3CCCC3)c3sccc3n2)cn1,7.12,IC50,IC50,75.0
CO[C@H]1CCN(C(=O)c2nc(N[C@@H](C)c3cccnc3)nc3ccsc23)C1,7.12,IC50,IC50,75.0
CO[C@@H]1CCN(C(=O)c2nc(N[C@@H](C)c3cccnc3)nc3ccsc23)C1,7.52,IC50,IC50,30.0
C[C@H](Nc1nc(C(=O)NCc2cncc(F)c2)c2sccc2n1)c1cccnc1,6.52,IC50,IC50,300.0
O=C(c1nc(NCc2cncc(F)c2)nc2ccsc12)N1CCCC1,6.52,IC50,IC50,300.0
CCC(Nc1nc(C(=O)N2CCCC2)c2sccc2n1)c1cccnc1,6.52,IC50,IC50,300.0
CCC(Nc1nc(C(=O)N2CC[C@@H](OC)C2)c2sccc2n1)c1cccnc1,7.12,IC50,IC50,75.0
C[C@H](Nc1nc(C(=O)NCC2CCN(Cc3ccccc3)CC2)c2sccc2n1)c1cccnc1,6.52,IC50,IC50,300.0
C[C@H](Nc1nc(C(=O)N2CC(F)(F)C2)c2sccc2n1)c1cccnc1,6.52,IC50,IC50,300.0
C[C@@H]1CCN(C(=O)c2nc(N[C@@H](C)c3cccnc3)nc3ccsc23)C1,6.52,IC50,IC50,300.0
C[C@H](Nc1nc(C(=O)N2CCC[C@@H]2C)c2sccc2n1)c1cccnc1,6.52,IC50,IC50,300.0
O=C(c1nc(NCc2ccccc2)nc2ccsc12)N1CCCC1,6.52,IC50,IC50,300.0
C[C@H](Nc1nc(C(=O)NCc2ccccc2)c2sccc2n1)c1cccnc1,7.52,IC50,IC50,30.0
CC(Nc1nc(C(=O)N2CC[C@@H](F)C2)c2sccc2n1)c1cccnc1,6.52,IC50,IC50,300.0
COc1ccc(CNC(=O)c2nc(NC(C)c3ccccn3)nc3ccsc23)cn1,6.52,IC50,IC50,300.0
O=C(NCc1ccccc1)c1nc(NCc2ccccc2)nc2ccsc12,6.52,IC50,IC50,300.0
C[C@H](Nc1nc(C(=O)N2CC[C@@H](F)C2)c2sccc2n1)c1ccccn1,7.52,IC50,IC50,30.0
C[C@H](Nc1nc(C(=O)N2CC[C@H](F)C2)c2sccc2n1)c1ccccn1,7.12,IC50,IC50,75.0
C[C@H](NC(=O)c1nc(N[C@@H](C)c2ccccn2)nc2ccsc12)c1ccccn1,7.52,IC50,IC50,30.0
COc1ccc(CNC(=O)c2nc(NCc3cncc(C)c3)nc3ccsc23)cn1,6.52,IC50,IC50,300.0
C[C@H](Nc1nc(C(=O)N2CC[C@@H](O)C2)c2sccc2n1)c1ccccn1,6.52,IC50,IC50,300.0
O=C(c1nc(NCc2cncc(F)c2)nc2ccsc12)N1CC[C@@H](F)C1,6.52,IC50,IC50,300.0
O=C(c1nc(NCc2cncc(F)c2)nc2ccsc12)N1CCC1,6.52,IC50,IC50,300.0
C[C@H]1CCN(C(=O)c2nc(N[C@@H](C)c3cccnc3)nc3ccsc23)C1,6.52,IC50,IC50,300.0
C[C@H](Nc1nc(C(=O)NCc2ccc(C#N)nc2)c2sccc2n1)c1ccccn1,6.52,IC50,IC50,300.0
O=C(c1nc(NCc2cncc(F)c2)nc2ccsc12)N1CC[C@@H](O)C1,6.52,IC50,IC50,300.0
COc1ccc(CNC(=O)c2nc(NCc3cncc(F)c3)nc3ccsc23)cn1,6.52,IC50,IC50,300.0
O=C(NCC1CCN(Cc2ccccc2)CC1)c1nc(NCc2cncc(F)c2)nc2ccsc12,7.12,IC50,IC50,75.0
COc1cccc(CNC(=O)c2nc(N[C@@H](C)c3cccnc3)nc3ccsc23)n1,7.12,IC50,IC50,75.0
O=C(NCc1cccc(F)c1)c1nc(NCc2cccc(F)c2)nc2ccsc12,6.52,IC50,IC50,300.0
O=C(c1nc(NCc2ccc(C(F)(F)F)nc2)nc2ccsc12)N1CCCC1,6.52,IC50,IC50,300.0
CC(CNC(=O)c1nc(N[C@@H](C)c2ccccn2)nc2ccsc12)Oc1cccnc1,6.52,IC50,IC50,300.0
O=C(NCc1ccccn1)c1nc(NCc2ccccn2)nc2ccsc12,6.52,IC50,IC50,300.0
C[C@H](Nc1nc(C(=O)NCc2ccc(C(F)(F)F)nc2)c2sccc2n1)c1ccccn1,6.52,IC50,IC50,300.0
O=C(c1nc(NCc2cccc(F)c2)nc2ccsc12)N1CC[C@@H](O)C1,6.52,IC50,IC50,300.0
COc1ccc(CNC(=O)c2nc(NCc3cccc(F)c3)nc3ccsc23)cn1,7.12,IC50,IC50,75.0
CCC(Nc1nc(C(=O)NCc2ccc(OC)nc2)c2sccc2n1)c1cccnc1,6.52,IC50,IC50,300.0
C[C@@H]1CCN(C(=O)c2nc(N[C@@H](C)c3ccccn3)nc3ccsc23)C1,7.12,IC50,IC50,75.0
C[C@H]1CCN(C(=O)c2nc(N[C@@H](C)c3ccccn3)nc3ccsc23)C1,6.52,IC50,IC50,300.0
C[C@H](Nc1nc(C(=O)NCc2ccccn2)c2sccc2n1)c1cccnc1,7.52,IC50,IC50,30.0
C[C@H](Nc1nc(C(=O)N2CCC2)c2sccc2n1)c1ccccn1,7.12,IC50,IC50,75.0
Cc1ncccc1CNc1nc(C(=O)N2CCCC2)c2sccc2n1,6.52,IC50,IC50,300.0
C[C@H](Nc1nc(C(=O)N2CC(F)(F)C2)c2sccc2n1)c1ccccn1,6.52,IC50,IC50,300.0
COc1ccc(CNC(=O)c2nc(NCc3cccnc3C)nc3ccsc23)cn1,6.52,IC50,IC50,300.0
O=C(c1nc(NCc2ccccn2)nc2ccsc12)N1CCCC1,6.52,IC50,IC50,300.0
C[C@H](Nc1nc(C(=O)N2CCC(F)(F)C2)c2sccc2n1)c1ccccn1,6.52,IC50,IC50,300.0
C[C@H](Nc1nc(C(=O)N2CC(O)C2)c2sccc2n1)c1ccccn1,6.52,IC50,IC50,300.0
C[C@H](Nc1nc(C(=O)N2CC(C)(O)C2)c2sccc2n1)c1ccccn1,6.52,IC50,IC50,300.0
C[C@H](Nc1nc(C(=O)NCc2cncc(C#N)c2)c2sccc2n1)c1ccccn1,6.52,IC50,IC50,300.0
C[C@H](Nc1nc(C(=O)NCc2cncc(C#N)c2)c2sccc2n1)c1cccnc1,6.52,IC50,IC50,300.0
C[C@H](Nc1nc(C(=O)N2CCOC2)c2sccc2n1)c1ccccn1,6.52,IC50,IC50,300.0
C[C@H](Nc1nc(C(=O)NCCO)c2sccc2n1)c1ccccn1,6.52,IC50,IC50,300.0
C[C@H](Nc1nc(C(=O)NCc2ccc(OCC3CC3)nc2)c2sccc2n1)c1ccccn1,7.12,IC50,IC50,75.0
COC1CN(C(=O)c2nc(N[C@@H](C)c3ccccn3)nc3ccsc23)C1,6.52,IC50,IC50,300.0
COc1cncc(CNC(=O)c2nc(N[C@@H](C)c3ccccn3)nc3ccsc23)c1,6.52,IC50,IC50,300.0
CCNC(=O)c1nc(N[C@@H](C)c2ccccn2)nc2ccsc12,7.12,IC50,IC50,75.0
COC1CN(C(=O)c2nc(NCc3cncc(F)c3)nc3ccsc23)C1,6.52,IC50,IC50,300.0
O=C(c1nc(NCc2cccc(Cl)c2)nc2ccsc12)N1CCCC1,6.52,IC50,IC50,300.0
O=C(c1nc(NCc2cccc(Cl)c2)nc2ccsc12)N1CCC1,6.52,IC50,IC50,300.0
O=C(c1nc(NCc2cccc(Cl)c2)nc2ccsc12)N1CC(O)C1,6.52,IC50,IC50,300.0
C[C@H](Nc1nc(C(=O)N2CCCC2)c2sccc2n1)c1cccc(F)c1,6.52,IC50,IC50,300.0
COCC(Nc1nc(C(=O)N2CCCC2)c2sccc2n1)c1cccnc1,6.52,IC50,IC50,300.0
C[C@H](Nc1nc(C(=O)N2CCC2)c2sccc2n1)c1cccc(F)c1,7.12,IC50,IC50,75.0
C[C@H](Nc1nc(C(=O)N2CC[C@H](O)C2)c2sccc2n1)c1cccc(F)c1,6.52,IC50,IC50,300.0
C[C@H](Nc1nc(C(=O)N2CC[C@@H](O)C2)c2sccc2n1)c1cccc(F)c1,6.52,IC50,IC50,300.0
CC1CCN1C(=O)c1nc(N[C@@H](C)c2ccccn2)nc2ccsc12,7.52,IC50,IC50,30.0
C[C@H](Nc1nc(C(=O)N2CCCC2)c2sccc2n1)c1cncc(F)c1,6.52,IC50,IC50,300.0
COc1cc(F)cc(CNc2nc(C(=O)N3CC(O)C3)c3sccc3n2)c1,6.52,IC50,IC50,300.0
C[C@H](Nc1nc(C(=O)N2CC(O)C2)c2sccc2n1)c1cccnc1,6.52,IC50,IC50,300.0
COC1CN(C(=O)c2nc(N[C@@H](C)c3cccnc3)nc3ccsc23)C1,7.12,IC50,IC50,75.0
C[C@H](Nc1nc(C(=O)NC2CCN(C(=O)OC(C)(C)C)C2)c2sccc2n1)c1ccccn1,7.52,IC50,IC50,30.0
COCCNC(=O)c1nc(N[C@@H](C)c2ccccn2)nc2ccsc12,7.12,IC50,IC50,75.0
C[C@H](Nc1nc(C(=O)NCCO)c2sccc2n1)c1cccnc1,6.52,IC50,IC50,300.0
COCCNC(=O)c1nc(NCc2cncc(F)c2)nc2ccsc12,6.52,IC50,IC50,300.0
C[C@H](Nc1nc(C(=O)NC2CCC2)c2sccc2n1)c1ccccn1,7.52,IC50,IC50,30.0
C[C@H](Nc1nc(C(=O)NCC2CCN(Cc3ccccc3)CC2)c2sccc2n1)c1ccccn1,6.52,IC50,IC50,300.0
CNc1cc2nc(N[C@@H](C)c3cccnc3)nc(C(=O)N3CCCC3)c2s1,6.52,IC50,IC50,300.0
CNc1cc2nc(N[C@@H](C)c3cccnc3)nc(C(=O)N3CCC3)c2s1,6.52,IC50,IC50,300.0
O=C(NC1CCC1)c1nc(NCc2cnccn2)nc2ccsc12,6.52,IC50,IC50,300.0
C[C@H](Nc1nc(C(=O)NC2CC(O)C2)c2sccc2n1)c1ccccn1,7.52,IC50,IC50,30.0
C[C@H](Nc1nc(C(=O)NC2CC(O)C2)c2sccc2n1)c1ccccn1,6.52,IC50,IC50,300.0
CNc1cc2nc(N[C@@H](C)c3cccnc3)nc(C(=O)N3CC[C@@H](F)C3)c2s1,6.52,IC50,IC50,300.0
C[C@H](Nc1nc(C(=O)NC[C@@H](C)O)c2sccc2n1)c1ccccn1,6.52,IC50,IC50,300.0
C[C@H](O)CNC(=O)c1nc(N[C@@H](C)c2ccccn2)nc2ccsc12,6.52,IC50,IC50,300.0
C[C@H](Nc1nc(C(=O)N2CCC2)c2sccc2n1)c1cncc(F)c1,7.12,IC50,IC50,75.0
CC(C)(C)OC(=O)N[C@@H]1CCN(C(=O)c2nc(NCc3cc(F)cc(F)c3)nc3ccsc23)C1,6.52,IC50,IC50,300.0
O=C(c1nc(NCc2cc(F)cc(F)c2)nc2ccsc12)N1CCC1,6.52,IC50,IC50,300.0
O=C(NCCO)c1nc(NCc2cc(F)cc(F)c2)nc2ccsc12,6.52,IC50,IC50,300.0
CCOc1ccc(CNC(=O)c2nc(N[C@@H](C)c3ccccn3)nc3ccsc23)cn1,7.12,IC50,IC50,75.0
O=C(NC1CCC1)c1nc(NCc2cncc(F)c2)nc2ccsc12,7.12,IC50,IC50,75.0
CNc1cc2nc(N[C@@H](C)c3ccccn3)nc(C(=O)N3CCC3)c2s1,6.52,IC50,IC50,300.0
C[C@H](Nc1nc(C(=O)N2CC[C@@H](F)C2)c2sc(N)cc2n1)c1ccccn1,6.52,IC50,IC50,300.0
CNc1cc2nc(N[C@@H](C)c3ccccn3)nc(C(=O)N3CC[C@@H](F)C3)c2s1,6.52,IC50,IC50,300.0
O=C(NC1CCC1)c1nc(NCc2cc(F)cc(F)c2)nc2ccsc12,7.12,IC50,IC50,75.0
CC(C)(C)OC(=O)N1CC(NC(=O)c2nc(NCc3cncc(F)c3)nc3ccsc23)C1,6.52,IC50,IC50,300.0
C[C@H](Nc1nc(C(=O)NC2CN(C(=O)OC(C)(C)C)C2)c2sccc2n1)c1ccccn1,7.12,IC50,IC50,75.0
C[C@H](Nc1nc(C(=O)NC2CCCC2)c2sccc2n1)c1ccccn1,7.52,IC50,IC50,30.0
C[C@H](Nc1nc(C(=O)N[C@@H](C)CO)c2sccc2n1)c1ccccn1,6.52,IC50,IC50,300.0
C[C@H](CO)NC(=O)c1nc(N[C@@H](C)c2ccccn2)nc2ccsc12,6.52,IC50,IC50,300.0
O=C(NC1CC(O)C1)c1nc(NCc2cncc(F)c2)nc2ccsc12,6.52,IC50,IC50,300.0
COC1CN(C(=O)c2nc(N[C@@H](C)c3cncc(F)c3)nc3ccsc23)C1,6.52,IC50,IC50,300.0
CNc1cc2nc(N[C@@H](C)c3cccnc3)nc(C(=O)N3CC[C@H](F)C3)c2s1,6.52,IC50,IC50,300.0
C[C@H](Nc1nc(C(=O)N2CCC2)c2sc(N)cc2n1)c1ccccn1,6.52,IC50,IC50,300.0
C[C@H](Nc1nc(C(=O)NC[C@@H](C)O)c2sccc2n1)c1cncc(F)c1,7.12,IC50,IC50,75.0
C[C@H](O)CNC(=O)c1nc(N[C@@H](C)c2cncc(F)c2)nc2ccsc12,6.52,IC50,IC50,300.0
C[C@H](Nc1nc(C(=O)NC2CC2)c2sccc2n1)c1ccccn1,7.52,IC50,IC50,30.0
C[C@H](Nc1nc(C(=O)NCC2CCC2)c2sccc2n1)c1ccccn1,7.12,IC50,IC50,75.0
C[C@H](Nc1nc(C(=O)NC2COC2)c2sccc2n1)c1ccccn1,6.52,IC50,IC50,300.0
C[C@H](Nc1nc(C(=O)N2CC[C@@H](F)C2)c2sc(N)cc2n1)c1cccnc1,6.52,IC50,IC50,300.0
C[C@H](Nc1nc(C(=O)N2CC(O)C2)c2sccc2n1)c1cncc(F)c1,6.52,IC50,IC50,300.0
CC(C)NC(=O)c1nc(N[C@@H](C)c2ccccn2)nc2ccsc12,7.52,IC50,IC50,30.0
C[C@H](Nc1nc(C(=O)NCc2cncc(C(F)(F)F)c2)c2sccc2n1)c1ccccn1,6.52,IC50,IC50,300.0
C[C@H](Nc1nc(C(=O)NC(C)(C)C)c2sccc2n1)c1ccccn1,7.12,IC50,IC50,75.0
COCC(Nc1nc(C(=O)NC2CC2)c2sccc2n1)c1cccnc1,7.12,IC50,IC50,75.0
C[C@H](Nc1nc(C(=O)N2CCC2)c2sc(N)cc2n1)c1cccnc1,6.52,IC50,IC50,300.0
C[C@H](Nc1nc(C(=O)N2CC[C@H](F)C2)c2sc(N)cc2n1)c1cccnc1,6.52,IC50,IC50,300.0
C[C@H](Nc1nc(C(=O)N2CC(O)C2)c2sc(N)cc2n1)c1ccccn1,6.52,IC50,IC50,300.0
C[C@@H]1CCN(C(=O)c2nc(N[C@@H](C)c3ccccn3)nc3cc(N)sc23)C1,6.52,IC50,IC50,300.0
CNc1cc2nc(N[C@@H](C)c3ccccn3)nc(C(=O)N3CC[C@@H](C)C3)c2s1,6.52,IC50,IC50,300.0
CNc1cc2nc(N[C@@H](C)c3cncc(F)c3)nc(C(=O)N3CCCC3)c2s1,6.52,IC50,IC50,300.0
CNc1cc2nc(N[C@@H](C)c3cncc(F)c3)nc(C(=O)N3CCC3)c2s1,6.52,IC50,IC50,300.0
Cc1cc2nc(N[C@@H](C)c3cccnc3)nc(C(=O)N3CCCC3)c2s1,6.52,IC50,IC50,300.0
C[C@H](Nc1nc(C(=O)NCCS(C)(=O)=O)c2sccc2n1)c1ccccn1,6.52,IC50,IC50,300.0
COCC(Nc1nc(C(=O)NC2COC2)c2sccc2n1)c1cccnc1,6.52,IC50,IC50,300.0
COCC(Nc1nc(C(=O)N2CC(OC)C2)c2sccc2n1)c1cccnc1,7.12,IC50,IC50,75.0
COCC(Nc1nc(C(=O)NC2CC(O)C2)c2sccc2n1)c1cccnc1,6.52,IC50,IC50,300.0
C[C@H](Nc1nc(C(=O)NCC2CCOCC2)c2sccc2n1)c1cncc(F)c1,6.52,IC50,IC50,300.0
C[C@H](Nc1nc(C(=O)N2CCCC2)c2sc(N)cc2n1)c1cncc(F)c1,6.52,IC50,IC50,300.0
C[C@H](Nc1nc(C(=O)N2CC[C@H](F)C2)c2sccc2n1)c1cncc(F)c1,6.52,IC50,IC50,300.0
C[C@H](Nc1nc(C(=O)NCC(F)(F)F)c2sccc2n1)c1ccccn1,7.12,IC50,IC50,75.0
C[C@H](Nc1nc(C(=O)NCC2CCOCC2)c2sccc2n1)c1ccccn1,6.52,IC50,IC50,300.0
C[C@H](Nc1nc(C(=O)N2CCCC2)c2sccc2n1)c1cncc(Cl)c1,6.52,IC50,IC50,300.0
C[C@H](Nc1nc(C(=O)N2CCC2)c2sccc2n1)c1cncc(Cl)c1,6.52,IC50,IC50,300.0
COC1CN(C(=O)c2nc(N[C@@H](C)c3cncc(Cl)c3)nc3ccsc23)C1,6.52,IC50,IC50,300.0
C[C@H](Nc1nc(C(=O)N2CC[C@@H](F)C2)c2sccc2n1)c1cncc(F)c1,6.52,IC50,IC50,300.0
CN(C(=O)OC(C)(C)C)C1CN(C(=O)c2nc(NCc3cncc(F)c3)nc3ccsc23)C1,6.52,IC50,IC50,300.0
C[C@H](Nc1nc(C(=O)NCC(C)(C)O)c2sccc2n1)c1cncc(F)c1,6.52,IC50,IC50,300.0
CC(C)(C)OC(=O)N[C@@H]1CCN(C(=O)c2nc(NCc3cncc(F)c3)nc3ccsc23)C1,6.52,IC50,IC50,300.0
C[C@H](Nc1nc(C(=O)N2CCC2)c2sc(N)cc2n1)c1cncc(F)c1,7.12,IC50,IC50,75.0
C[C@H](Nc1nc(C(=O)N2CC[C@@H](O)C2)c2sc(N)cc2n1)c1cncc(F)c1,6.52,IC50,IC50,300.0
CNc1cc2nc(N[C@@H](C)c3cncc(F)c3)nc(C(=O)N3CC(OC)C3)c2s1,6.52,IC50,IC50,300.0
Cc1cc2nc(N[C@@H](C)c3ccccn3)nc(C(=O)N3CCCC3)c2s1,7.52,IC50,IC50,30.0
CC(C)(C)OC(=O)N[C@H]1CCN(C(=O)c2nc(NCc3cncc(F)c3)nc3ccsc23)C1,6.52,IC50,IC50,300.0
C[C@H](Nc1nc(C(=O)N2CC[C@@H](NC(=O)OC(C)(C)C)C2)c2sccc2n1)c1ccccn1,6.52,IC50,IC50,300.0
CO[C@@H]1CCN(C(=O)c2nc(N[C@@H](C)c3cccnc3)nc3ccsc23)C1,7.12,IC50,IC50,75.0
Cc1cc2nc(N[C@@H](C)c3cncc(F)c3)nc(C(=O)N3CC[C@H](O)C3)c2s1,6.52,IC50,IC50,300.0
Cc1cc2nc(N[C@@H](C)c3cncc(F)c3)nc(C(=O)N3CC[C@@H](O)C3)c2s1,6.52,IC50,IC50,300.0
CO[C@@H]1CCN(C(=O)c2nc(N[C@@H](C)c3cncc(F)c3)nc3ccsc23)C1,6.52,IC50,IC50,300.0
CO[C@H]1CCN(C(=O)c2nc(N[C@@H](C)c3cncc(F)c3)nc3ccsc23)C1,6.52,IC50,IC50,300.0
CO[C@@H]1CCN(C(=O)c2nc(N[C@@H](C)c3cncc(Cl)c3)nc3ccsc23)C1,6.52,IC50,IC50,300.0
CO[C@H]1CCN(C(=O)c2nc(N[C@@H](C)c3cncc(Cl)c3)nc3ccsc23)C1,6.52,IC50,IC50,300.0
CO[C@H]1CCN(C(=O)c2nc(N[C@@H](C)c3ccccn3)nc3ccsc23)C1,7.52,IC50,IC50,30.0
O=C(c1nc(NCCc2ccccc2)nc2ccsc12)N1CCCC1,6.52,IC50,IC50,300.0
C[C@H](Nc1nc(C(=O)N2CC[C@H](CO)C2)c2sccc2n1)c1cccnc1,6.52,IC50,IC50,300.0
C[C@H](Nc1nc(C(=O)N2CC[C@@H](CO)C2)c2sccc2n1)c1cccnc1,6.52,IC50,IC50,300.0
C[C@H](Nc1nc(C(=O)NCC(F)(F)F)c2sccc2n1)c1cncc(F)c1,6.52,IC50,IC50,300.0
Cc1cc2nc(N[C@@H](C)c3cncc(F)c3)nc(C(=O)N3CC(O)C3)c2s1,7.12,IC50,IC50,75.0
COC1CN(C(=O)c2nc(N[C@@H](C)c3cncc(F)c3)nc3cc(C)sc23)C1,7.12,IC50,IC50,75.0
C[C@H](Nc1nc(C(=O)NC(CO)c2cccnc2)c2sccc2n1)c1ccccn1,6.52,IC50,IC50,300.0
C[C@H](Nc1nc(C(=O)N2CCC[C@@H]2C)c2sccc2n1)c1cncc(F)c1,6.52,IC50,IC50,300.0
C[C@H](Nc1nc(C(=O)N2CCC[C@H]2C)c2sccc2n1)c1cncc(F)c1,6.52,IC50,IC50,300.0
C[C@H](Nc1nc(C(=O)N2CC[C@H](S(C)(=O)=O)C2)c2sccc2n1)c1ccccn1,6.52,IC50,IC50,300.0
C[C@H](Nc1nc(C(=O)NCCO)c2sccc2n1)c1cncc(F)c1,6.52,IC50,IC50,300.0
Cc1cc2nc(N[C@@H](C)c3cncc(F)c3)nc(C(=O)N3CCC3)c2s1,7.12,IC50,IC50,75.0
Cc1cc2nc(N[C@@H](C)c3cncc(F)c3)nc(C(=O)NC[C@H](C)O)c2s1,6.52,IC50,IC50,300.0
Cc1cc2nc(N[C@@H](C)c3cncc(F)c3)nc(C(=O)NC[C@@H](C)O)c2s1,7.12,IC50,IC50,75.0
Cc1cc2nc(N[C@@H](C)c3cncc(F)c3)nc(C(=O)N3CCCC3)c2s1,7.12,IC50,IC50,75.0
Cc1cc2nc(N[C@@H](C)c3cncc(F)c3)nc(C(=O)NCC(F)(F)F)c2s1,7.52,IC50,IC50,30.0
Cc1cc2nc(N[C@@H](C)c3cccnc3)nc(C(=O)N3CCC3)c2s1,6.52,IC50,IC50,300.0
Cc1cc2nc(N[C@@H](C)c3ccccn3)nc(C(=O)N3CCC3)c2s1,7.12,IC50,IC50,75.0
Cc1cc2nc(N[C@@H](C)c3ccccn3)nc(C(=O)N3CC(O)C3)c2s1,6.52,IC50,IC50,300.0
COC1CN(C(=O)c2nc(N[C@@H](C)c3cccnc3)nc3cc(C)sc23)C1,7.12,IC50,IC50,75.0
Cc1cc2nc(N[C@@H](C)c3ccccn3)nc(C(=O)NC[C@H](C)O)c2s1,6.52,IC50,IC50,300.0
Cc1cc2nc(N[C@@H](C)c3ccccn3)nc(C(=O)NC[C@@H](C)O)c2s1,6.52,IC50,IC50,300.0
C[C@H](Nc1nc(C(=O)NC[C@@H](C)O)c2sccc2n1)c1cncc(Cl)c1,6.52,IC50,IC50,300.0
C[C@H](Nc1nc(C(=O)N2CC[C@H](CO)C2)c2sccc2n1)c1cncc(F)c1,6.52,IC50,IC50,300.0
C[C@H](Nc1nc(C(=O)N2CC[C@@H](CO)C2)c2sccc2n1)c1cncc(F)c1,6.52,IC50,IC50,300.0
COC1CC(NC(=O)c2nc(N[C@@H](C)c3cccnc3)nc3ccsc23)C1,6.52,IC50,IC50,300.0
Cc1cc2nc(N[C@@H](C)c3ccccn3)nc(C(=O)N3CC[C@@H](O)C3)c2s1,6.52,IC50,IC50,300.0
Cc1cc2nc(N[C@@H](C)c3cccnc3)nc(C(=O)N3CC(O)C3)c2s1,6.52,IC50,IC50,300.0
COC1CN(C(=O)c2nc(N[C@@H](C)c3ccccn3)nc3cc(C)sc23)C1,7.52,IC50,IC50,30.0
CO[C@H]1CCN(C(=O)c2nc(N[C@@H](C)c3cncc(F)c3)nc3cc(C)sc23)C1,6.52,IC50,IC50,300.0
CO[C@@H]1CCN(C(=O)c2nc(N[C@@H](C)c3cncc(F)c3)nc3cc(C)sc23)C1,7.12,IC50,IC50,75.0
C[C@H](Nc1nc(C(=O)Nc2ccccc2)c2sccc2n1)c1ccccn1,6.52,IC50,IC50,300.0
C[C@H](Nc1nc(C(=O)NCc2ncc[nH]2)c2sccc2n1)c1ccccn1,6.52,IC50,IC50,300.0
C[C@H](Nc1nc(C(=O)NC2CC(O)C2)c2sccc2n1)c1cncc(Cl)c1,7.12,IC50,IC50,75.0
COc1cncc(NC(=O)c2nc(N[C@@H](C)c3ccccn3)nc3ccsc23)c1,6.52,IC50,IC50,300.0
Cc1cc2nc(N[C@@H](C)c3cncc(F)c3)nc(C(=O)NCC(C)(C)O)c2s1,7.12,IC50,IC50,75.0
Cc1cc2nc(N[C@@H](C)c3cncc(F)c3)nc(C(=O)N3CC[C@H](CO)C3)c2s1,7.12,IC50,IC50,75.0
Cc1cc2nc(N[C@@H](C)c3cncc(F)c3)nc(C(=O)N3CC[C@@H](CO)C3)c2s1,6.52,IC50,IC50,300.0
CO[C@H]1CCN(C(=O)c2nc(N[C@@H](C)c3ccccn3)nc3cc(C)sc23)C1,7.12,IC50,IC50,75.0
CO[C@@H]1CCN(C(=O)c2nc(N[C@@H](C)c3ccccn3)nc3cc(C)sc23)C1,7.52,IC50,IC50,30.0
C[C@H](Nc1nc(C(=O)N2CC[C@@H](NC(=O)OC(C)(C)C)C2)c2sccc2n1)c1cccnc1,6.52,IC50,IC50,300.0
C[C@H](Nc1nc(C(=O)N2CC[C@H](NC(=O)OC(C)(C)C)C2)c2sccc2n1)c1cccnc1,7.12,IC50,IC50,75.0
C[C@H](Nc1nc(C(=O)N2CC[C@H](NC(=O)OC(C)(C)C)C2)c2sccc2n1)c1ccccn1,7.12,IC50,IC50,75.0
COC[C@@H](Nc1nc(C(=O)NC[C@H](C)O)c2sccc2n1)c1cccnc1,6.52,IC50,IC50,300.0
COC[C@@H](Nc1nc(C(=O)NC[C@@H](C)O)c2sccc2n1)c1cccnc1,6.52,IC50,IC50,300.0
C[C@H](Nc1nc(C(=O)NC2CCN(C(=O)OC(C)(C)C)C2)c2sccc2n1)c1ccccn1,7.52,IC50,IC50,30.0
Cc1cc2nc(N[C@@H](C)c3cccnc3)nc(C(=O)NC[C@H](C)O)c2s1,6.52,IC50,IC50,300.0
C[C@H](Nc1nc(C(=O)NC2CC[C@@H](O)C2)c2sccc2n1)c1cncc(F)c1,7.52,IC50,IC50,30.0
CC(=O)N[C@H]1CCN(C(=O)c2nc(N[C@@H](C)c3cncc(F)c3)nc3ccsc23)C1,6.52,IC50,IC50,300.0
C[C@H](Nc1nc(C(=O)NC2CC[C@@H](O)C2)c2sccc2n1)c1ccccn1,6.52,IC50,IC50,300.0
Cc1cc2nc(N[C@@H](C)c3cccnc3)nc(C(=O)NC[C@@H](C)O)c2s1,6.52,IC50,IC50,300.0
C[C@H](Nc1nc(C(=O)NCC2CCOCC2)c2sccc2n1)c1cncc(F)c1,7.12,IC50,IC50,75.0
C[C@H](Nc1nc(C(=O)NCCc2ccc(O)cc2)c2sccc2n1)c1cncc(F)c1,6.52,IC50,IC50,300.0
COC[C@@H](Nc1nc(C(=O)N2CCC2)c2sccc2n1)c1cccnc1,6.52,IC50,IC50,300.0
C[C@H](Nc1nc(C(=O)NCCC2CCN(C(=O)OC(C)(C)C)CC2)c2sccc2n1)c1ccccn1,6.52,IC50,IC50,300.0
C[C@H](Nc1nc(C(=O)NCCC2CCN(C(=O)OC(C)(C)C)CC2)c2sccc2n1)c1cncc(F)c1,6.52,IC50,IC50,300.0
C[C@H](Nc1nc(C(=O)N2CCCC2)c2sccc2n1)c1ccncc1,6.52,IC50,IC50,300.0
COc1ccc(CNC(=O)c2nc(N[C@@H](C)c3ccncc3)nc3ccsc23)cn1,6.52,IC50,IC50,300.0
CO[C@H]1CCN(C(=O)c2nc(N[C@@H](C)c3cccnc3)nc3cc(C)sc23)C1,6.52,IC50,IC50,300.0
CO[C@@H]1CCN(C(=O)c2nc(N[C@@H](C)c3cccnc3)nc3cc(C)sc23)C1,7.12,IC50,IC50,75.0
Cc1cc2nc(N[C@@H](C)c3ccccn3)nc(C(=O)NC3CCC3)c2s1,7.52,IC50,IC50,30.0
Cc1cc2nc(N[C@@H](C)c3ccccn3)nc(C(=O)NCCO)c2s1,6.52,IC50,IC50,300.0
C[C@H](Nc1nc(C(=O)N2CCC(C(=O)OC(C)(C)C)C2)c2sccc2n1)c1cncc(F)c1,6.52,IC50,IC50,300.0
O=C(c1nc(NCCc2ccc(O)cc2)nc2ccsc12)N1CCCC1,6.52,IC50,IC50,300.0
C[C@H](Nc1nc(C(=O)NCCC2CCN(C(=O)OC(C)(C)C)C2)c2sccc2n1)c1cncc(F)c1,7.12,IC50,IC50,75.0
Cc1cc2nc(N[C@@H](C)c3cccnc3)nc(C(=O)NCCO)c2s1,6.52,IC50,IC50,300.0
Cc1cc2nc(N[C@@H](C)c3cncc(F)c3)nc(C(=O)NCCc3ccc(O)cc3)c2s1,6.52,IC50,IC50,300.0
COc1cccc(CNC(=O)c2nc(N[C@@H](C)c3cncc(F)c3)nc3cc(C)sc23)n1,6.52,IC50,IC50,300.0
Cc1cc2nc(N[C@@H](C)c3cccnc3)nc(C(=O)NCC3CCOCC3)c2s1,6.52,IC50,IC50,300.0
Cc1cc2nc(N[C@@H](C)c3cncc(F)c3)nc(C(=O)NCC3CCOCC3)c2s1,6.52,IC50,IC50,300.0
C[C@H](Nc1nc(C(=O)NCCc2ccc(CO)cc2)c2sccc2n1)c1cncc(F)c1,6.52,IC50,IC50,300.0
Cc1cc2nc(N[C@@H](C)c3cncc(F)c3)nc(C(=O)NCC3CCOC3)c2s1,6.52,IC50,IC50,300.0
C[C@H](NC(=O)c1nc(N[C@@H](C)c2ccccc2)nc2ccsc12)c1ccccc1,6.52,IC50,IC50,300.0
C[C@H](Nc1nc(C(=O)N[C@@H]2CC[C@@H](O)C2)c2sccc2n1)c1cncc(F)c1,6.52,IC50,IC50,300.0
COc1ccc(Oc2cc(CNC(=O)c3nc(N[C@@H](C)c4cncc(F)c4)nc4ccsc34)ccn2)cc1,6.52,IC50,IC50,300.0
C[C@H](Nc1nc(C(=O)N[C@@H]2CC[C@H](O)C2)c2sccc2n1)c1cncc(F)c1,7.12,IC50,IC50,75.0
C[C@H](Nc1nc(C(=O)N2CC(CNC(=O)OC(C)(C)C)C2)c2sccc2n1)c1cncc(F)c1,7.52,IC50,IC50,30.0
C[C@H](Nc1nc(C(=O)NCCc2ccc(O)cc2)c2sccc2n1)c1ccnc(F)c1,6.52,IC50,IC50,300.0
C[C@H](Nc1nc(C(=O)N2CCCC2)c2sccc2n1)c1ccnc(F)c1,6.52,IC50,IC50,300.0
C[C@H](Nc1nc(C(=O)NCCc2cccc(O)c2)c2sccc2n1)c1cncc(F)c1,7.52,IC50,IC50,30.0
C[C@H](Nc1nc(C(=O)NCCc2ccc(O)cc2)c2sccc2n1)c1ccccn1,6.52,IC50,IC50,300.0
COc1cccc(CCNC(=O)c2nc(N[C@@H](C)c3cncc(F)c3)nc3ccsc23)n1,6.52,IC50,IC50,300.0
Cc1csc2c(C(=O)N3CCCC3)nc(N[C@@H](C)c3cncc(F)c3)nc12,7.52,IC50,IC50,30.0
Cc1csc2c(C(=O)N3CCC3)nc(N[C@@H](C)c3cncc(F)c3)nc12,7.52,IC50,IC50,30.0
Cc1csc2c(C(=O)N3CC[C@H](O)C3)nc(N[C@@H](C)c3cncc(F)c3)nc12,6.52,IC50,IC50,300.0
COc1ccc(CCNC(=O)c2nc(N[C@@H](C)c3cncc(F)c3)nc3ccsc23)cc1,6.52,IC50,IC50,300.0
COc1ccc(CCCNC(=O)c2nc(N[C@@H](C)c3cncc(F)c3)nc3ccsc23)cc1,6.52,IC50,IC50,300.0
C[C@H](Nc1nc(C(=O)NCCC2CCCC2)c2sccc2n1)c1ccccn1,7.12,IC50,IC50,75.0
C[C@H](Nc1nc(C(=O)NCCC2CCN(C(=O)OC(C)(C)C)C2)c2sccc2n1)c1ccccn1,7.12,IC50,IC50,75.0
C[C@H](Nc1nc(C(=O)NCCC2CC(C(=O)OC(C)(C)C)C2)c2sccc2n1)c1ccccn1,6.52,IC50,IC50,300.0
C[C@H](Nc1nc(C(=O)NCCc2cccc(O)c2)c2sccc2n1)c1cccnc1,6.52,IC50,IC50,300.0
C[C@H](Nc1nc(C(=O)NCCc2cccc(O)c2)c2sccc2n1)c1ccccn1,6.52,IC50,IC50,300.0
Cc1cc2nc(N[C@@H](C)c3cncc(F)c3)nc(C(=O)N3CC(NC(=O)OC(C)(C)C)C3)c2s1,7.52,IC50,IC50,30.0
COc1ccc([C@H](C)Nc2nc(C(=O)N3CCC3)c3sccc3n2)cc1,6.52,IC50,IC50,300.0
COc1ccc(CNc2nc(C(=O)NC3CCC3)c3sccc3n2)cn1,7.12,IC50,IC50,75.0
COc1ccc([C@H](C)Nc2nc(C(=O)NCc3cccnc3)c3sccc3n2)cc1,7.52,IC50,IC50,30.0
COc1ccc(CNc2nc(C(=O)NCc3cccnc3)c3sccc3n2)cn1,6.52,IC50,IC50,300.0
COc1cccc(CCNC(=O)c2nc(N[C@@H](C)c3ccccn3)nc3ccsc23)c1,6.52,IC50,IC50,300.0
CCO[C@@H]1CCN(C(=O)c2nc(N[C@@H](C)c3ccccn3)nc3ccsc23)C1,7.12,IC50,IC50,75.0
CCOc1ccc(CNc2nc(C(=O)NCCc3cccc(O)c3)c3sccc3n2)cn1,6.52,IC50,IC50,300.0
CO[C@H]1CCN(C(=O)c2nc(N[C@@H](C)c3ccccn3)nc3c(C)csc23)C1,6.52,IC50,IC50,300.0
CO[C@@H]1CCN(C(=O)c2nc(N[C@@H](C)c3ccccn3)nc3c(C)csc23)C1,7.52,IC50,IC50,30.0
CCO[C@H]1CCN(C(=O)c2nc(N[C@@H](C)c3ccccn3)nc3ccsc23)C1,6.52,IC50,IC50,300.0
Cc1csc2c(C(=O)NCc3ccccc3)nc(N[C@@H](C)c3ccccn3)nc12,7.52,IC50,IC50,30.0
COc1cccc(CCNC(=O)c2nc(N[C@@H](C)c3ccccn3)nc3c(C)csc23)c1,7.12,IC50,IC50,75.0
Cc1csc2c(C(=O)NCCc3cccc(O)c3)nc(N[C@@H](C)c3ccccn3)nc12,7.12,IC50,IC50,75.0
C[C@H](Nc1nc(C(=O)NCCc2ccccc2O)c2sccc2n1)c1cncc(F)c1,6.52,IC50,IC50,300.0
COc1cccc(CNC(=O)c2nc(N[C@@H](C)c3ccccn3)nc3c(C)csc23)n1,7.52,IC50,IC50,30.0
Cc1csc2c(C(=O)NCc3ccccn3)nc(N[C@@H](C)c3ccccn3)nc12,7.52,IC50,IC50,30.0
CCOc1ccc(CNc2nc(C(=O)N3CCC3)c3sccc3n2)cn1,6.52,IC50,IC50,300.0
Cc1csc2c(C(=O)NC3CCC3)nc(N[C@@H](C)c3ccccn3)nc12,7.52,IC50,IC50,30.0
Cc1cc2nc(N[C@@H](C)c3cccnc3)nc(C(=O)NCc3ccccn3)c2s1,6.52,IC50,IC50,300.0
Cc1csc2c(C(=O)NCc3cccnc3)nc(N[C@@H](C)c3ccccn3)nc12,7.52,IC50,IC50,30.0
Cc1csc2c(C(=O)N3CCCC3)nc(N[C@@H](C)c3ccccn3)nc12,7.52,IC50,IC50,30.0
CCNC(=O)c1nc(NCCc2ccc(O)cc2)nc2ccsc12,6.52,IC50,IC50,300.0
Cc1cc2nc(N[C@@H](C)c3ccccn3)nc(C(=O)NCc3ccccn3)c2s1,7.52,IC50,IC50,30.0
Cc1cc2nc(N[C@@H](C)c3ccccn3)nc(C(=O)NCc3cccnc3)c2s1,7.12,IC50,IC50,75.0
COc1cccc(CNC(=O)c2nc(N[C@@H](C)c3cccnc3)nc3cc(C)sc23)n1,6.52,IC50,IC50,300.0
COc1ccc([C@@H](C)Nc2nc(C(=O)NCc3ccc(OC)nc3)c3sccc3n2)cc1,7.52,IC50,IC50,30.0
COc1ccc([C@H](C)Nc2nc(C(=O)NCc3ccccn3)c3sccc3n2)cc1,7.52,IC50,IC50,30.0
COC[C@@H]1CCN(C(=O)c2nc(N[C@@H](C)c3ccccn3)nc3cc(C)sc23)C1,6.52,IC50,IC50,300.0
COC[C@H]1CCN(C(=O)c2nc(N[C@@H](C)c3ccccn3)nc3ccsc23)C1,6.52,IC50,IC50,300.0
COC[C@@H]1CCN(C(=O)c2nc(N[C@@H](C)c3ccccn3)nc3ccsc23)C1,6.52,IC50,IC50,300.0
COc1ccc(CNC(=O)c2nc(N[C@@H](C)c3ccccn3)nc3ccsc23)cc1,7.12,IC50,IC50,75.0
Cc1cc2nc(N[C@@H](C)c3cncc(F)c3)nc(C(=O)N3CC(CNC(=O)OC(C)(C)C)C3)c2s1,6.52,IC50,IC50,300.0
Cc1cc2nc(N[C@@H](C)c3ccccn3)nc(C(=O)N3CC(CNC(=O)OC(C)(C)C)C3)c2s1,6.52,IC50,IC50,300.0
COc1ccc(CNC(=O)c2nc(N[C@@H](C)c3ccccn3)nc3cc(C)sc23)cc1,6.52,IC50,IC50,300.0
COC1(C)CN(C(=O)c2nc(N[C@@H](C)c3ccccn3)nc3cc(C)sc23)C1,6.52,IC50,IC50,300.0
Cc1cc2nc(N[C@@H](C)c3cncc(F)c3)nc(C(=O)N3CC(N(C)C(=O)OC(C)(C)C)C3)c2s1,6.52,IC50,IC50,300.0
Cc1cc2nc(N[C@@H](C)c3cncc(F)c3)nc(C(=O)NCCC3CN(C(=O)OC(C)(C)C)C3)c2s1,6.52,IC50,IC50,300.0
Cc1cc2nc(N[C@@H](C)c3cncc(F)c3)nc(C(=O)N3CC(CNC(=O)C(C)(C)C)C3)c2s1,6.52,IC50,IC50,300.0
Cc1cc2nc(N[C@@H](C)c3ccccn3)nc(C(=O)NCc3nccs3)c2s1,6.52,IC50,IC50,300.0
Cc1cc2nc(N[C@@H](C)c3cncc(F)c3)nc(C(=O)N3CC(CO)C3)c2s1,6.52,IC50,IC50,300.0
CCNC(=O)CC1CN(C(=O)c2nc(N[C@@H](C)c3cncc(F)c3)nc3cc(C)sc23)C1,7.12,IC50,IC50,75.0
Cc1cc2nc(N[C@@H](C)c3cncc(F)c3)nc(C(=O)N3CC(CN(C)C)C3)c2s1,7.12,IC50,IC50,75.0
Cc1cc2nc(N[C@@H](C)c3cncc(F)c3)nc(C(=O)N3CC(CN(C)C)C3)c2s1,6.52,IC50,IC50,300.0
CCOC(=O)N(C)C1CN(C(=O)c2nc(N[C@@H](C)c3cncc(F)c3)nc3cc(C)sc23)C1,7.12,IC50,IC50,75.0
Cc1cc2nc(N[C@@H](C)c3cncc(F)c3)nc(C(=O)N3CC(N(C)C(=O)CC(C)(C)C)C3)c2s1,7.52,IC50,IC50,30.0
CC(C)OC(=O)NC1CN(C(=O)c2nc(N[C@@H](C)c3cncc(F)c3)nc3ccsc23)C1,7.52,IC50,IC50,30.0
Cc1cc2nc(N[C@@H](C)c3cncc(F)c3)nc(C(=O)N3CC(NC(=O)OC(C)C)C3)c2s1,7.52,IC50,IC50,30.0
COCC1CN(C(=O)c2nc(N[C@@H](C)c3ccccn3)nc3cc(C)sc23)C1,7.52,IC50,IC50,30.0
C[C@H](Nc1nc(C(=O)N2CC(NC(=O)C3CC3)C2)c2sccc2n1)c1cncc(F)c1,7.52,IC50,IC50,30.0
COCCC(=O)NC1CN(C(=O)c2nc(N[C@@H](C)c3cncc(F)c3)nc3cc(C)sc23)C1,7.52,IC50,IC50,30.0
C[C@H](Nc1nc(C(=O)N2CC(NC(=O)C3CCOC3)C2)c2sccc2n1)c1cncc(F)c1,7.52,IC50,IC50,30.0
CCNC(=O)C1CCN(C(=O)c2nc(N[C@@H](C)c3cncc(F)c3)nc3ccsc23)C1,6.52,IC50,IC50,300.0
Cc1cc2nc(N[C@@H](C)c3cncc(F)c3)nc(C(=O)N3CC(NC(=O)C4CC4)C3)c2s1,7.52,IC50,IC50,30.0
Cc1cc2nc(N[C@@H](C)c3cncc(F)c3)nc(C(=O)N3CC(NC(=O)C4CCOC4)C3)c2s1,7.52,IC50,IC50,30.0
CC1CCN1C(=O)c1nc(N[C@@H](C)c2cncc(F)c2)nc2ccsc12,7.12,IC50,IC50,75.0
C[C@H](Nc1nc(C(=O)N2CC(CN(C)C(=O)OC(C)(C)C)C2)c2sccc2n1)c1cncc(F)c1,6.52,IC50,IC50,300.0
CC(C)(C)C(=O)N[C@H]1CCN(C(=O)c2nc(NCc3cncc(F)c3)nc3ccsc23)C1,7.12,IC50,IC50,75.0
CC(=O)NCC1CN(C(=O)c2nc(N[C@@H](C)c3cncc(F)c3)nc3ccsc23)C1,6.52,IC50,IC50,300.0
C[C@H](Nc1nc(C(=O)N2CC(CNC(=O)C(C)(C)C)C2)c2sccc2n1)c1cncc(F)c1,6.52,IC50,IC50,300.0
CC(=O)NC1CN(C(=O)c2nc(N[C@@H](C)c3cncc(F)c3)nc3ccsc23)C1,6.52,IC50,IC50,300.0
C[C@H](Nc1nc(C(=O)N2CC(CNS(C)(=O)=O)C2)c2sccc2n1)c1cncc(F)c1,6.52,IC50,IC50,300.0
CC(=O)NC1CN(C(=O)c2nc(N[C@@H](C)c3ccccn3)nc3ccsc23)C1,6.52,IC50,IC50,300.0
C[C@H](Nc1nc(C(=O)NCCNC(=O)C(C)(C)C)c2sccc2n1)c1cncc(F)c1,6.52,IC50,IC50,300.0
CC(=O)N1CC(CCNC(=O)c2nc(N[C@@H](C)c3cncc(F)c3)nc3ccsc23)C1,6.52,IC50,IC50,300.0
Cc1cc2nc(N[C@@H](C)c3cncc(F)c3)nc(C(=O)N3CC(N4CCCC4)C3)c2s1,6.52,IC50,IC50,300.0
Cc1cc2nc(N[C@@H](C)c3cncc(F)c3)nc(C(=O)N3CC(NC(=O)C4CCCO4)C3)c2s1,7.52,IC50,IC50,30.0
Cc1cc2nc(N[C@@H](C)c3cncc(F)c3)nc(C(=O)N3CC(NC(=O)C4CCC4)C3)c2s1,7.52,IC50,IC50,30.0
CC(=O)NC1CN(C(=O)c2nc(N[C@@H](C)c3cncc(F)c3)nc3cc(C)sc23)C1,6.52,IC50,IC50,300.0
C[C@H](Nc1nc(C(=O)NC2CN(C(=O)C(C)(C)C)C2)c2sccc2n1)c1cncc(F)c1,6.52,IC50,IC50,300.0
Cc1cc2nc(N[C@@H](C)c3cncc(F)c3)nc(C(=O)N3CC(NC(=O)c4ccoc4)C3)c2s1,7.52,IC50,IC50,30.0
C[C@H](Nc1nc(C(=O)N2CCC(C(=O)NC(C)(C)C)C2)c2sccc2n1)c1cncc(F)c1,6.52,IC50,IC50,300.0
C[C@H](Nc1nc(C(=O)N2CC(CN(C)C(=O)CC(C)(C)C)C2)c2sccc2n1)c1cncc(F)c1,7.12,IC50,IC50,75.0
C[C@H](Nc1nc(C(=O)N2CC(CN(C)C(=O)C(C)(C)C)C2)c2sccc2n1)c1cncc(F)c1,7.52,IC50,IC50,30.0
Cc1cc2nc(N[C@@H](C)c3ccccn3)nc(C(=O)N3CC(C(=O)OC(C)(C)C)C3)c2s1,7.52,IC50,IC50,30.0
COCC1CN(C(=O)c2nc(N[C@@H](C)c3ccccn3)nc3c(C)csc23)C1,7.52,IC50,IC50,30.0
COc1ccc([C@H](C)Nc2nc(C(=O)N3CC(NC(=O)OC(C)C)C3)c3sc(C)cc3n2)cc1,7.12,IC50,IC50,75.0
COc1ccc([C@H](C)Nc2nc(C(=O)N3CC(NC(C)=O)C3)c3sc(C)cc3n2)cc1,7.12,IC50,IC50,75.0
C[C@H](Nc1nc(C(=O)N2CC(NC(=O)CC(C)(C)C)C2)c2sccc2n1)c1cncc(F)c1,7.52,IC50,IC50,30.0
CC(C)C(=O)NC1CN(C(=O)c2nc(N[C@@H](C)c3cncc(F)c3)nc3ccsc23)C1,7.52,IC50,IC50,30.0
C[C@H](Nc1nc(C(=O)N2CC(NC(=O)C(C)(C)C)C2)c2sccc2n1)c1ccccn1,7.52,IC50,IC50,30.0
C[C@H](Nc1nc(C(=O)N2CC(CC(=O)NC(C)(C)C)C2)c2sccc2n1)c1cncc(F)c1,7.52,IC50,IC50,30.0
C[C@H](Nc1nc(C(=O)N2CC(C(=O)OC(C)(C)C)C2)c2sccc2n1)c1cncc(F)c1,6.52,IC50,IC50,300.0
Cc1cc2nc(N[C@@H](C)c3cncc(F)c3)nc(C(=O)N3CC(C(=O)OC(C)(C)C)C3)c2s1,6.52,IC50,IC50,300.0
CNC(=O)NCC1CN(C(=O)c2nc(N[C@@H](C)c3cncc(F)c3)nc3ccsc23)C1,6.52,IC50,IC50,300.0
C[C@H](Nc1nc(C(=O)N2CC(CNC(=O)N(C)C)C2)c2sccc2n1)c1cncc(F)c1,7.12,IC50,IC50,75.0
CC(C)C(=O)NCC1CN(C(=O)c2nc(N[C@@H](C)c3cncc(F)c3)nc3ccsc23)C1,7.12,IC50,IC50,75.0
C[C@H](Nc1nc(C(=O)N2CC(C(=O)NOC(C)(C)C)C2)c2sccc2n1)c1cncc(F)c1,7.12,IC50,IC50,75.0
Cc1cc2nc(N[C@@H](C)c3cncc(F)c3)nc(C(=O)N3CC(CC(=O)OC(C)(C)C)C3)c2s1,7.52,IC50,IC50,30.0
C[C@H](Nc1nc(C(=O)N2CC(CNC(=O)OCC(C)(C)C)C2)c2sccc2n1)c1cncc(F)c1,7.52,IC50,IC50,30.0
C[C@H](Nc1nc(C(=O)N2CC(NC(=O)OC(C)(C)C)C2)c2sccc2n1)c1cncc(F)c1,7.52,IC50,IC50,30.0
CNC(=O)N1CCN(C(=O)c2nc(N[C@@H](C)c3cncc(F)c3)nc3ccsc23)C1,6.52,IC50,IC50,300.0
Cc1cc2nc(N[C@@H](C)c3cncc(F)c3)nc(C(=O)N3CC(CNC(=O)CC(C)(C)C)C3)c2s1,7.12,IC50,IC50,75.0
CC(C)NC(=O)N1CCN(C(=O)c2nc(N[C@@H](C)c3cncc(F)c3)nc3ccsc23)C1,6.52,IC50,IC50,300.0
C[C@H](Nc1nc(C(=O)N2CCN(C(=O)N(C)C)C2)c2sccc2n1)c1cncc(F)c1,6.52,IC50,IC50,300.0
Cc1cc2nc(N[C@@H](C)c3cncc(F)c3)nc(C(=O)N3CC(C(=O)NOC(C)(C)C)C3)c2s1,7.12,IC50,IC50,75.0
Cc1cc2nc(N[C@@H](C)c3cncc(F)c3)nc(C(=O)N3CCN(C(=O)NC(C)C)C3)c2s1,7.12,IC50,IC50,75.0
Cc1cc2nc(N[C@@H](C)c3cncc(F)c3)nc(C(=O)N3CC[C@H]3C)c2s1,7.52,IC50,IC50,30.0
Cc1cc2nc(N[C@@H](C)c3cncc(F)c3)nc(C(=O)N3CC[C@@H]3C)c2s1,7.52,IC50,IC50,30.0
Cc1cc2nc(N[C@@H](C)c3cncc(F)c3)nc(C(=O)N3CC(NC(=O)C4CCOC4)C3)c2s1,7.52,IC50,IC50,30.0
Cc1cc2nc(N[C@@H](C)c3cncc(F)c3)nc(C(=O)N3CC(NC(=O)C4CCOC4)C3)c2s1,7.52,IC50,IC50,30.0
C[C@H](Nc1nc(C(=O)N2CC(NC(=O)c3ccoc3)C2)c2sccc2n1)c1cncc(F)c1,7.52,IC50,IC50,30.0
C[C@H](Nc1nc(C(=O)N2CC(NC(=O)c3ccccc3)C2)c2sccc2n1)c1cncc(F)c1,7.52,IC50,IC50,30.0
C[C@H](Nc1nc(C(=O)N2CC(NC(=O)C3COC3)C2)c2sccc2n1)c1cncc(F)c1,7.12,IC50,IC50,75.0
C[C@H](Nc1nc(C(=O)N2CC(NC(=O)CCC3CCOCC3)C2)c2sccc2n1)c1cncc(F)c1,7.52,IC50,IC50,30.0
C[C@H](Nc1nc(C(=O)N2CC(NC(=O)c3ccc(F)c(F)c3)C2)c2sccc2n1)c1cncc(F)c1,7.52,IC50,IC50,30.0
C[C@H](Nc1nc(C(=O)N2CC(NC(=O)c3ccc(Cl)cc3)C2)c2sccc2n1)c1cncc(F)c1,7.52,IC50,IC50,30.0
C[C@H](Nc1nc(C(=O)N2CC(NC(=O)OC3CCCC3)C2)c2sccc2n1)c1cncc(F)c1,7.52,IC50,IC50,30.0
C[C@H](Nc1nc(C(=O)N2CC(NC(=O)c3ccncc3)C2)c2sccc2n1)c1cncc(F)c1,7.12,IC50,IC50,75.0
C[C@H](Nc1nc(C(=O)N2CC(NC(=O)c3cccnc3)C2)c2sccc2n1)c1cncc(F)c1,7.12,IC50,IC50,75.0
C[C@H](Nc1nc(C(=O)N2CC(C)(NC(=O)C3CC3)C2)c2sccc2n1)c1cncc(F)c1,7.12,IC50,IC50,75.0
C[C@H](Nc1nc(C(=O)N2CC(NC(=O)C3CCOCC3)C2)c2sccc2n1)c1cncc(F)c1,7.52,IC50,IC50,30.0
Cc1csc2c(C(=O)N3CC(NC(=O)c4cccc(Cl)c4)C3)nc(N[C@@H](C)c3cncc(F)c3)nc12,7.52,IC50,IC50,30.0
C[C@H](Nc1nc(C(=O)N2CC(NC(=O)c3ccc(C(F)(F)F)o3)C2)c2sccc2n1)c1cncc(F)c1,7.52,IC50,IC50,30.0
C[C@H](Nc1nc(C(=O)N2CC(NC(=O)c3cccc(C(F)(F)F)c3)C2)c2sccc2n1)c1cncc(F)c1,7.52,IC50,IC50,30.0
C[C@H](Nc1nc(C(=O)N2CC(NC(=O)Nc3ccccc3)C2)c2sccc2n1)c1cncc(F)c1,7.52,IC50,IC50,30.0
COc1cccc(C(=O)NC2CN(C(=O)c3nc(N[C@@H](C)c4cncc(F)c4)nc4ccsc34)C2)c1,7.52,IC50,IC50,30.0
C[C@H](Nc1nc(C(=O)N2CC(NC(=O)C3(C#N)CC3)C2)c2sccc2n1)c1cncc(F)c1,7.12,IC50,IC50,75.0
CC1CCC(C(=O)NC2CN(C(=O)c3nc(N[C@@H](C)c4cncc(F)c4)nc4ccsc34)C2)CC1,7.52,IC50,IC50,30.0
C[C@H](Nc1nc(C(=O)N2CC(NC(=O)C3CCC(F)(F)CC3)C2)c2sccc2n1)c1cncc(F)c1,7.52,IC50,IC50,30.0
C[C@H](Nc1nc(C(=O)N2CC(NC(=O)C3(C)CC3)C2)c2sccc2n1)c1cncc(Cl)c1,7.52,IC50,IC50,30.0
C[C@H](Nc1nc(C(=O)N2CC(NC(=O)c3ccc(-c4ccccc4)cc3)C2)c2sccc2n1)c1cncc(F)c1,7.52,IC50,IC50,30.0
Cc1cc(C)cc(C(=O)NC2CN(C(=O)c3nc(N[C@@H](C)c4cncc(F)c4)nc4ccsc34)C2)c1,7.52,IC50,IC50,30.0
Cc1cc(C(=O)NC2CN(C(=O)c3nc(N[C@@H](C)c4cncc(F)c4)nc4ccsc34)C2)c(C)o1,7.52,IC50,IC50,30.0
Nc1nc(-c2ccccc2)c(-c2ccc3ncccc3c2)nc1C(=O)NC(O)c1ccccn1,8.51,IC50,IC50,3.1
C[C@@H](NC(=O)c1nc(-c2ccc3cccnc3c2)c(-c2ccccc2)nc1N)c1ccccn1,8.6,IC50,IC50,2.5
C[C@H](NC(=O)c1nc(-c2ccc3cccnc3c2)c(-c2ccccc2)nc1N)c1ccccn1,8.47,IC50,IC50,3.4
Nc1nc(-c2ccccc2)c(-c2ccc3ncccc3c2)nc1C(=O)NCCC1CCOCC1,7.8,IC50,IC50,16.0
N#Cc1cccc(CNC(=O)c2nc(-c3ccc4ncccc4c3)c(-c3ccccc3)nc2N)n1,9.1,IC50,IC50,0.8
N#Cc1cccc(-c2nc(N)cnc2-c2cc(Cl)c3ncccc3c2)c1,8.43,IC50,IC50,3.7
N#Cc1cccc(-c2nc(N)cnc2-c2cc(Cl)c3ncccc3c2)c1F,8.51,IC50,IC50,3.1
CC(NC(=O)c1nc(-c2cc(Cl)c3ncccc3c2)c(-c2ccn(C)n2)nc1N)c1ccccn1,8.8,IC50,IC50,1.6
CC(NC(=O)c1nc(-c2cc(Cl)c3ncccc3c2)c(-c2ccc(F)cc2)nc1N)c1cccc(C#N)n1,8.72,IC50,IC50,1.9
CC(NC(=O)c1nc(-c2cc(Cl)c3[nH]ncc3c2)c(-c2ccc(F)cc2)nc1N)c1ccccn1,9.05,IC50,IC50,0.9
CC(NC(=O)c1nc(-c2cc(Cl)c3ncccc3c2)c(-c2ccc(F)cc2)nc1N)c1cccc(C#N)n1,8.92,IC50,IC50,1.2
CC(C)(NC(=O)c1nc(-c2ccc3ncccc3c2)c(-c2ccccc2)nc1N)c1ccccn1,8.89,IC50,IC50,1.3
C[C@H](NC(=O)c1nc(-c2ccc3ncccc3c2)c(-c2cccc(C#N)c2)nc1N)c1ccccn1,8.42,IC50,IC50,3.8
C[C@H](NC(=O)c1nc(-c2ccc3ncccc3c2)c(-c2ccn(C)n2)nc1N)c1ccccn1,8.54,IC50,IC50,2.9
C[C@H](NC(=O)c1nc(-c2ccc3ncccc3c2)c(-c2ccccc2)nc1N)c1cccc(C#N)n1,8.41,IC50,IC50,3.9
C[C@H](NC(=O)c1nc(-c2cc(Cl)c3[nH]ncc3c2)c(-c2ccn(C)n2)nc1N)c1ccccn1,8.8,IC50,IC50,1.6
C[C@H](NC(=O)c1nc(-c2cc(Cl)c3ncccc3c2)c(-c2ccccc2)nc1N)c1ccccn1,8.33,IC50,IC50,4.7
CC(NC(=O)c1nc(-c2cc(Cl)c3ncccc3c2)c(-c2ccccc2)nc1N)c1cccc(C#N)n1,8.46,IC50,IC50,3.5
C[C@@H](NC(=O)c1nc(-c2cc(Cl)c3ncccc3c2)c(-c2ccccc2)nc1N)c1cccc(C#N)n1,7.19,IC50,IC50,64.0
C[C@H](NC(=O)c1nc(-c2cc(Cl)c3ncccc3c2)c(-c2ccccc2)nc1N)c1cccc(C#N)n1,8.27,IC50,IC50,5.4
C[C@H](NC(=O)c1nc(-c2ccc3ncccc3c2)c(-c2cccc(C#N)c2)nc1N)c1cccc(C#N)n1,6.57,IC50,IC50,269.0
C[C@H](NC(=O)c1nc(-c2ccc3ncccc3c2)c(-c2cccc(C#N)c2)nc1N)c1cccc(C#N)n1,7.8,IC50,IC50,16.0
C[C@H](NC(=O)c1nc(-c2ccc3[nH]ncc3c2)c(-c2ccn(C)n2)nc1N)c1cccc(C#N)n1,7.92,IC50,IC50,12.0
CC(NC(=O)c1nc(-c2ccc3ncccc3c2)c(-c2ccccc2)nc1N)c1ncccn1,8.17,IC50,IC50,6.8
C[C@H](NC(=O)c1nc(-c2cc(Cl)c3ncccc3c2)c(-c2ccccc2)nc1N)c1cccc(C#N)n1,8.96,IC50,IC50,1.1
CC(NC(=O)c1nc(-c2cc(Cl)c3ncccc3c2)c(-c2ccn(C)n2)nc1N)c1cccc(C#N)n1,8.96,IC50,IC50,1.1
CC(NC(=O)c1nc(-c2cc(Cl)c3[nH]ncc3c2)c(-c2ccn(C)n2)nc1N)c1cccc(C#N)n1,8.43,IC50,IC50,3.7
C[C@H](NC(=O)c1nc(-c2ccc3ncccc3c2)c(-c2ccccc2)nc1N)c1ncccn1,8.92,IC50,IC50,1.2
C[C@@H](NC(=O)c1nc(-c2ccc3ncccc3c2)c(-c2ccccc2)nc1N)c1ncccn1,8.74,IC50,IC50,1.8
CC(NC(=O)c1nc(-c2ccc3ncccc3c2)c(-c2ccn(C)n2)nc1N)c1cccc(C#N)n1,8.41,IC50,IC50,3.9
C[C@H](NC(=O)c1nc(-c2ccc3ncccc3c2)c(-c2ccccc2)nc1N)c1ncccn1,8.7,IC50,IC50,2.0
CC(NC(=O)c1nc(-c2ccc3ncccc3c2)c(-c2ccccc2)nc1N)c1ncccn1,8.41,IC50,IC50,3.9
CC(NC(=O)c1nc(-c2ccc3ncccc3c2)c(-c2ccn(C)n2)nc1N)c1ccccn1,8.33,IC50,IC50,4.7
CC(NC(=O)c1nc(-c2ccc3ncccc3c2)c(-c2ccn(C)n2)nc1N)c1ncccn1,8.14,IC50,IC50,7.3
Cc1cc(-c2c(-c3ccccc3)nc(N)n3cnnc23)cc(C(F)(F)F)n1,9.64,IC50,IC50,0.23
Nc1nc(-c2ccccc2)c(-c2ccc3ncccc3c2)c2nncn12,10.15,IC50,IC50,0.07
Cc1cc(-c2c(-c3ccccc3)nc(N)n3cnnc23)cc(Cl)n1,10.1,IC50,IC50,0.08
Cc1cc(-c2c(-c3ccccc3)nc(N)n3cnnc23)cc2cccnc12,10.05,IC50,IC50,0.09
Nc1nc(-c2ccccc2)c(-c2cc(F)c3[nH]ncc3c2)c2nncn12,9.85,IC50,IC50,0.14
Nc1nc(-c2ccccc2)c(-c2cc(F)c3ncccc3c2)c2nncn12,9.8,IC50,IC50,0.16
Cc1cc(-c2c(-c3ccc(C)o3)nc(N)n3cnnc23)cc(C(F)(F)F)n1,9.74,IC50,IC50,0.18
Nc1nc(-c2ccccc2)c(-c2cc(C(F)(F)F)c3[nH]ncc3c2)c2nncn12,9.6,IC50,IC50,0.25
Nc1nc(-c2ccccc2)c(-c2ccc3[nH]ncc3c2)c2nncn12,9.59,IC50,IC50,0.26
Cc1cc(-c2c(-c3ccccc3)nc(N)n3cnnc23)cc(C)n1,9.82,IC50,IC50,0.15
Cc1cc(-c2c(-c3ccccc3)nc(N)n3cnnc23)ccn1,9.2,IC50,IC50,0.63
Cc1cc(-c2c(-c3ccc(Cl)cc3)nc(N)n3cnnc23)cc(C(F)(F)F)n1,8.81,IC50,IC50,1.56
Cc1cc(-c2c(-c3ccc(F)cc3)nc(N)n3cnnc23)cc(Cl)n1,9.77,IC50,IC50,0.17
Cc1cc(-c2c(-c3ccc(F)cc3)nc(N)n3cnnc23)cc(C(F)(F)F)n1,9.2,IC50,IC50,0.63
Cc1cc(-c2c(-c3ccccc3)nc(N)n3ccnc23)cc(C(F)(F)F)n1,9.12,IC50,IC50,0.75
Cc1cc(-c2c(-c3ccc(F)cc3F)nc(N)n3cnnc23)cc(C(F)(F)F)n1,8.4,IC50,IC50,3.96
Cc1cc(-c2c(-c3ccccc3F)nc(N)n3cnnc23)cc(C)n1,9.02,IC50,IC50,0.96
Cc1cc(-c2c(-c3ccc(F)cc3F)nc(N)n3cnnc23)cc(C(F)F)n1,8.63,IC50,IC50,2.33
Cc1cc(-c2c(-c3ccccc3)nc(N)n3cc(C)nc23)cc(C)n1,8.61,IC50,IC50,2.46
Nc1nc(-c2ccccc2)c(-c2cc(Cl)nc(C(F)(F)F)c2)c2nncn12,9.64,IC50,IC50,0.23
Cc1cc(-c2c(-c3ccccc3)nc(N)n3ccnc23)cc(Cl)n1,9.57,IC50,IC50,0.27
COc1cc(-c2c(-c3ccccc3)nc(N)n3cnnc23)cc(C)n1,9.49,IC50,IC50,0.32
CCc1cc(-c2c(-c3ccccc3)nc(N)n3cnnc23)cc(C)n1,9.38,IC50,IC50,0.42
Cc1cc(-c2c(-c3ccccc3F)nc(N)n3cnnc23)cc(Cl)n1,9.3,IC50,IC50,0.5
Cc1cc(-c2c(-c3ccc(F)cc3)nc(N)n3cnnc23)cc(C)n1,9.28,IC50,IC50,0.52
Cc1cc(-c2c(-c3cccc(F)c3)nc(N)n3cnnc23)cc(C(F)(F)F)n1,9.26,IC50,IC50,0.55
Cc1cc(-c2c(-c3ccccc3)nc(N)n3cnnc23)cc(C2CC2)n1,9.11,IC50,IC50,0.77
Cc1cc(-c2c(-c3ccccc3)nc(N)n3ccnc23)cc(C)n1,9.03,IC50,IC50,0.93
Cc1cc(-c2c(-c3ccc(F)cc3)nc(N)n3ccnc23)cc(C)n1,9.0,IC50,IC50,1.0
Cc1cc(-c2c(-c3ccccc3F)nc(N)n3cnnc23)cc(C(F)(F)F)n1,8.75,IC50,IC50,1.77
Cc1cc(-c2c(-c3ccc(F)cc3F)nc(N)n3cnnc23)cc(Cl)n1,8.69,IC50,IC50,2.04
Cc1ccc(-c2nc(N)n3cnnc3c2-c2cc(C)nc(Cl)c2)cc1,9.74,IC50,IC50,0.18
Cc1cc(-c2c(-c3ccc(Cl)cc3)nc(N)n3cnnc23)cc(Cl)n1,8.46,IC50,IC50,3.47
Nc1nc(-c2ccccc2)c(-c2ccncc2)c2nncn12,8.68,IC50,IC50,2.11
Nc1nc(-c2ccccc2)c(-c2ccnc(Cl)c2)c2nncn12,8.66,IC50,IC50,2.18
Cc1cc(-c2c(-c3ccc(F)cc3F)nc(N)n3cnnc23)cc(C)n1,8.76,IC50,IC50,1.75
CC(C)n1cc(-c2c(-c3ccccc3)nc(N)n3cnnc23)ccc1=O,9.7,IC50,IC50,0.2
Cc1cc(-c2c(-c3ccc(Cl)cc3F)nc(N)n3cnnc23)cc(Cl)n1,8.45,IC50,IC50,3.55
Cc1cc(-c2c(-c3ccc(F)cc3)nc(N)n3cnnc23)cc(C(F)F)n1,9.44,IC50,IC50,0.36
Cc1cc(-c2c(-c3ccc(Cl)cc3)nc(N)n3cnnc23)cc(C(F)F)n1,9.32,IC50,IC50,0.48
Cc1cc(-c2c(-c3ccc(Cl)cc3)nc(N)n3cnnc23)cc(CF)n1,9.46,IC50,IC50,0.35
Cc1cc(-c2c(-c3ccc(Cl)cc3)nc(N)n3cnnc23)cc(C)n1,9.32,IC50,IC50,0.48
Cc1cc(-c2c(-c3ccc(F)cc3)nc(N)n3cnnc23)cc(CF)n1,8.98,IC50,IC50,1.04
Cc1cc(-c2c(-c3ccccc3F)nc(N)n3cnnc23)cc(C(F)F)n1,8.78,IC50,IC50,1.68
Cc1cc(-c2c(-c3ccccc3F)nc(N)n3cnnc23)cc(CF)n1,8.59,IC50,IC50,2.59
Cc1cc(-c2c(-c3ccc(Cl)cc3F)nc(N)n3cnnc23)cc(C(F)F)n1,8.52,IC50,IC50,3.05
Nc1nc(-c2ccccc2)c(-c2ccc3ncccc3c2)c2nncn12,10.15,IC50,IC50,0.07
Cc1cc(-c2c(-c3ccccc3)nc(N)n3cnnc23)cc(Cl)n1,10.1,IC50,IC50,0.08
Cc1cc(-c2c(-c3ccccc3)nc(N)n3cnnc23)cc2cccnc12,10.05,IC50,IC50,0.09
Nc1nc(-c2ccccc2)c(-c2cc(F)c3ncccc3c2)c2nncn12,9.8,IC50,IC50,0.16
Cc1cc(-c2c(-c3ccccc3)nc(N)n3cnnc23)cc(C)n1,9.82,IC50,IC50,0.15
Cc1cc(-c2c(-c3ccc(F)cc3F)nc(N)n3cnnc23)cc(C(F)(F)F)n1,9.12,IC50,IC50,0.75
Cc1cc(-c2c(-c3ccccc3F)nc(N)n3cnnc23)cc(C)n1,9.02,IC50,IC50,0.96
Cc1cc(-c2c(-c3ccc(F)cc3F)nc(N)n3cnnc23)cc(C(F)F)n1,8.63,IC50,IC50,2.33
Cc1cc(-c2c(-c3ccccc3F)nc(N)n3cnnc23)cc(Cl)n1,9.3,IC50,IC50,0.5
Cc1cc(-c2c(-c3ccc(F)cc3)nc(N)n3cnnc23)cc(C)n1,9.28,IC50,IC50,0.52
Cc1cc(-c2c(-c3ccc(F)cc3)nc(N)n3cnnc23)cc(C(F)F)n1,9.44,IC50,IC50,0.36
Cc1cc(-c2c(-c3ccc(Cl)cc3)nc(N)n3cnnc23)cc(C(F)F)n1,9.32,IC50,IC50,0.48
Cc1cc(-c2c(-c3ccc(F)cc3)nc(N)n3cnnc23)cc(CF)n1,8.98,IC50,IC50,1.04
Cc1cc(-c2c(-c3ccccc3F)nc(N)n3cnnc23)cc(C(F)F)n1,8.78,IC50,IC50,1.68
Cc1cc(-c2c(-c3ccccc3F)nc(N)n3cnnc23)cc(CF)n1,8.59,IC50,IC50,2.59
Cc1cc(-c2c(-c3ccc(Cl)cc3F)nc(N)n3cnnc23)cc(C(F)F)n1,8.52,IC50,IC50,3.05
Cc1cc(-c2c(-c3ccccc3)nc(N)n3cnnc23)cc(C(F)(F)F)n1,9.64,IC50,IC50,0.23
Cc1cc(-c2c(-c3ccccc3)nc(N)n3cnnc23)cc(Cl)n1,10.1,IC50,IC50,0.08
Cc1cc(-c2c(-c3ccc(C)o3)nc(N)n3cnnc23)cc(C(F)(F)F)n1,9.74,IC50,IC50,0.18
Nc1nc(-c2ccccc2)c(-c2ccc3[nH]ncc3c2)c2nncn12,9.59,IC50,IC50,0.26
Cc1cc(-c2c(-c3ccc(F)cc3)nc(N)n3cnnc23)cc(Cl)n1,9.77,IC50,IC50,0.17
Cc1cc(-c2c(-c3ccc(F)cc3)nc(N)n3cnnc23)cc(C(F)(F)F)n1,9.2,IC50,IC50,0.63
Cc1cc(-c2c(-c3ccc(F)cc3F)nc(N)n3cnnc23)cc(C(F)(F)F)n1,9.12,IC50,IC50,0.75
Cc1cc(-c2c(-c3ccccc3F)nc(N)n3cnnc23)cc(C)n1,9.02,IC50,IC50,0.96
Cc1cc(-c2c(-c3ccc(F)cc3F)nc(N)n3cnnc23)cc(C(F)F)n1,8.63,IC50,IC50,2.33
Cc1cc(-c2c(-c3cccc(F)c3)nc(N)n3cnnc23)cc(C(F)(F)F)n1,9.26,IC50,IC50,0.55
Cc1cc(-c2c(-c3ccccc3)nc(N)n3cnnc23)cc(C2CC2)n1,9.11,IC50,IC50,0.77
Cc1cc(-c2c(-c3ccccc3F)nc(N)n3cnnc23)cc(C(F)(F)F)n1,8.75,IC50,IC50,1.77
Cc1cc(-c2c(-c3ccc(F)cc3F)nc(N)n3cnnc23)cc(Cl)n1,8.69,IC50,IC50,2.04
Cc1cc(-c2c(-c3ccc(Cl)cc3F)nc(N)n3cnnc23)cc(Cl)n1,8.45,IC50,IC50,3.55
Cc1cc(-c2c(-c3ccc(F)cc3)nc(N)n3cnnc23)cc(CF)n1,8.98,IC50,IC50,1.04
Cc1cc(-c2c(-c3ccccc3F)nc(N)n3cnnc23)cc(C(F)F)n1,8.78,IC50,IC50,1.68
Cc1cc(-c2c(-c3ccccc3F)nc(N)n3cnnc23)cc(CF)n1,8.59,IC50,IC50,2.59
Cc1cc(-c2c(-c3ccc(Cl)cc3F)nc(N)n3cnnc23)cc(C(F)F)n1,8.52,IC50,IC50,3.05
COc1cc2nc(N)n3nc([C@@H]4CCCN(c5ncn(CC(C)(C)O)n5)C4)nc3c2cc1F,8.12,IC50,IC50,7.5
COc1cc2nc(N)n3nc([C@@H]4CCCN(c5cnn(C)c5)C4)nc3c2cc1F,8.43,IC50,IC50,3.7
COc1cc2nc(N)n3nc([C@@H]4CCCN(c5cnn(C(C)(C)C)c5)C4)nc3c2cc1F,8.82,IC50,IC50,1.5
COc1cc2nc(N)n3nc([C@@H]4CCCN(c5cnn(C(C)C)c5)C4)nc3c2cc1F,8.34,IC50,IC50,4.6
COc1cc2nc(N)n3nc([C@@H]4CCCN(c5cnn(CC(F)(F)F)c5)C4)nc3c2cc1F,8.48,IC50,IC50,3.3
COc1cc2nc(N)n3nc([C@@H]4CCCN(c5cnn(C)c5)C4)nc3c2cc1F,8.7,IC50,IC50,2.0
COc1cc2nc(N)n3nc([C@@H]4CCCN(c5cnn(CC(C)(C)O)c5)C4)nc3c2cc1F,8.43,IC50,IC50,3.7
COc1cc2nc(N)n3nc([C@@H]4CCCN(c5cnn(CC(C)(C)O)c5C)C4)nc3c2cc1F,8.35,IC50,IC50,4.5
COc1cc2nc(N)n3nc([C@@H]4CCCN(c5cn(CC(C)(C)O)nc5C)C4)nc3c2cc1F,9.3,IC50,IC50,0.5
COc1cc2nc(N)n3nc([C@@H]4CCCN(c5cnn(CC6(O)CCC6)c5)C4)nc3c2cc1F,8.46,IC50,IC50,3.5
COc1cc2nc(N)n3nc([C@@H]4CCCN(c5cn(C(C)(C)CO)nc5C)C4)nc3c2cc1F,9.3,IC50,IC50,0.5
COc1cc2nc(N)n3nc([C@@H]4CCCN(c5cnn(C(C)C(C)(C)O)c5)C4)nc3c2cc1F,8.77,IC50,IC50,1.7
COc1cc2nc(N)n3nc([C@@H]4CCCN(c5cnn(C(C)C(C)(C)O)c5)C4)nc3c2cc1F,9.15,IC50,IC50,0.7
COc1cc2nc(N)n3nc([C@@H]4CCCN(c5cnn([C@H]6C[C@@](C)(O)C6)c5)C4)nc3c2cc1F,8.52,IC50,IC50,3.0
COc1cc2nc(N)n3nc([C@@H]4CCCN(c5cnn(CC6(C)COC6)c5)C4)nc3c2cc1F,7.42,IC50,IC50,38.4
COc1cc2nc(N)n3nc([C@@H]4CCCN(c5cnn(C6CCOCC6)c5C)C4)nc3c2cc1F,9.1,IC50,IC50,0.8
COc1cc2nc(N)n3nc([C@@H]4CCCN(c5cn(C6CCOCC6)nc5C)C4)nc3c2cc1F,8.77,IC50,IC50,1.7
COc1cc2nc(N)n3nc([C@@H]4CCCN(c5cnn(C6CCOCC6)c5C(F)F)C4)nc3c2cc1F,9.15,IC50,IC50,0.7
COc1cc2nc(N)n3nc([C@@H]4CCCN(c5cn(C6CCOCC6)nc5C(F)F)C4)nc3c2cc1F,9.15,IC50,IC50,0.7
CCn1cc(N2CCC[C@@H](c3nc4c5cc(F)c(OC)cc5nc(N)n4n3)C2)c(CO)n1,8.24,IC50,IC50,5.8
COc1cc2nc(N)n3nc([C@@H]4CCCN(c5cn(CC(C)(C)O)nc5C5CC5)C4)nc3c2cc1F,9.52,IC50,IC50,0.3
COc1cc2nc(N)n3nc([C@@H]4CCCN(c5ccc(OC(F)F)nc5)C4)nc3c2cc1F,8.07,IC50,IC50,8.6
COc1cc2nc(N)n3nc([C@@H]4CCCN(c5ccc(OC(C)C)nc5)C4)nc3c2cc1F,8.7,IC50,IC50,2.0
COc1cc2nc(N)n3nc([C@@H]4CCCN(c5cnc(OC(F)F)c(C)c5)C4)nc3c2cc1F,7.86,IC50,IC50,13.8
COc1cc2nc(N)n3nc([C@@H]4CCCN(c5cc(C)c(=O)n(C(F)F)c5)C4)nc3c2cc1F,9.22,IC50,IC50,0.6
COc1ccc(N2CCC[C@@H](c3nc4c5cc(F)c(OC)cc5nc(N)n4n3)C2)cn1,8.41,IC50,IC50,3.9
COc1cc2nc(N)n3nc([C@@H]4CCCN(c5nc(C)n(CC(C)(C)O)n5)C4)nc3c2cc1F,8.74,IC50,IC50,1.8
COc1cc(F)cc2c1nc(N)n1nc([C@@H]3CCCN(c4cnn(CC(C)(C)O)c4)C3)nc21,8.55,IC50,IC50,2.8
COc1cc(F)cc2c1nc(N)n1nc([C@@H]3CCCN(c4cnn(CC(C)(C)O)c4C)C3)nc21,8.82,IC50,IC50,1.5
COc1cc(F)cc2c1nc(N)n1nc([C@@H]3CCCN(c4cn(CC(C)(C)O)nc4C)C3)nc21,9.4,IC50,IC50,0.4
COc1cc(F)cc2c1nc(N)n1nc([C@@H]3CCCN(c4cnn(CC5(O)CCC5)c4)C3)nc21,8.77,IC50,IC50,1.7
COc1cc(F)cc2c1nc(N)n1nc([C@@H]3CCCN(c4cnn(C(C)(C)CO)c4)C3)nc21,9.3,IC50,IC50,0.5
COc1cc(F)cc2c1nc(N)n1nc([C@@H]3CCCN(c4ccc(OC(F)F)nc4)C3)nc21,8.44,IC50,IC50,3.6
COc1ccc(N2CCC[C@@H](c3nc4c5cc(F)cc(OC)c5nc(N)n4n3)C2)cn1,8.85,IC50,IC50,1.4
COc1cc(F)cc2c1nc(N)n1nc([C@@H]3CCCN(c4ccc(OC(C)C)nc4)C3)nc21,9.22,IC50,IC50,0.6
COc1cc(F)cc2c1nc(N)n1nc([C@@H]3CCCN(c4ncn(CC(C)(C)O)n4)C3)nc21,8.8,IC50,IC50,1.6
COc1cc(F)cc2c1nc(N)n1nc([C@@H]3CCCN(c4nc(C)n(CC(C)(C)O)n4)C3)nc21,8.96,IC50,IC50,1.1
COc1cc2nc(N)n3nc([C@@H]4CCN(c5cnn(CC6(O)CCC6)c5)C4)nc3c2cc1F,7.77,IC50,IC50,16.9
COc1cc(F)cc2c1nc(N)n1nc(C3CCCCN(c4cnn(CC(C)(C)O)c4)C3)nc21,8.96,IC50,IC50,1.1
COc1cc2nc(N)n3nc(C4CCC(C)N(c5cnn(CC6(O)CCC6)c5)C4)nc3c2cc1F,8.92,IC50,IC50,1.2
COc1cc2nc(N)n3nc(C4CCC(C)N(c5cnn(CC(C)(C)O)c5C)C4)nc3c2cc1F,8.92,IC50,IC50,1.2
COc1cc2nc(N)n3nc(C4CCC(C)N(c5cn(CC(C)(C)O)nc5C)C4)nc3c2cc1F,8.37,IC50,IC50,4.3
COc1cc2nc(N)n3nc(C4CCC(C)N(c5cnn(C(C)(C)C(C)(C)O)c5)C4)nc3c2cc1F,9.15,IC50,IC50,0.7
COc1cc2nc(N)n3nc(C4CCC(C)N(c5cnn(C6CCOCC6)c5)C4)nc3c2cc1F,8.89,IC50,IC50,1.3
COc1cc2nc(N)n3nc(C4CCC(C)N(c5cnn(C6CCOCC6)c5C)C4)nc3c2cc1F,8.74,IC50,IC50,1.8
COc1cc2nc(N)n3nc(C4CCC(C)N(c5cn(C6CCOCC6)nc5C)C4)nc3c2cc1F,9.22,IC50,IC50,0.6
COc1cc2nc(N)n3nc(C4CCC(C)N(c5cnn(CC6(CF)COC6)c5)C4)nc3c2cc1F,8.09,IC50,IC50,8.2
COc1cc2nc(N)n3nc(C4CCC(C)N(c5cnn(C(C)C(C)(C)O)c5)C4)nc3c2cc1F,9.22,IC50,IC50,0.6
COc1cc2nc(N)n3nc([C@@H]4CC[C@H](C)N(c5cnn(C(C)C(C)(C)O)c5)C4)nc3c2cc1F,9.52,IC50,IC50,0.3
COc1cc2nc(N)n3nc([C@H]4CC[C@@H](C)N(c5cn(CC6(O)CCC6)nc5C)C4)nc3c2cc1F,7.74,IC50,IC50,18.3
COc1cc2nc(N)n3nc([C@@H]4CC[C@H](C)N(c5cn(CC6(O)CCC6)nc5C)C4)nc3c2cc1F,7.68,IC50,IC50,21.0
COc1cc2nc(N)n3nc(C4CCC(C)N(c5cnn(CC(C)(C)O)c5C)C4)nc3c2cc1F,7.74,IC50,IC50,18.3
COc1cc2nc(N)n3nc(C4CCC(C)N(c5cn(CC(C)(C)O)nc5C)C4)nc3c2cc1F,7.36,IC50,IC50,44.1
COc1cc2nc(N)n3nc(C4CC(F)CN(c5cnn(CC6(O)CCC6)c5)C4)nc3c2cc1F,8.48,IC50,IC50,3.3
COc1cc2nc(N)n3nc(C4CC(F)CN(c5cnn(CC(C)(C)O)c5)C4)nc3c2cc1F,7.97,IC50,IC50,10.6
COc1cc2nc(N)n3nc(C4CC(F)CN(c5cnn(C6CCOCC6)c5)C4)nc3c2cc1F,8.74,IC50,IC50,1.8
COc1cc2nc(N)n3nc(C45CC4CN(c4cnn(CC6(O)CCC6)c4)C5)nc3c2cc1F,7.32,IC50,IC50,48.3
COc1cc2nc(N)n3nc(C45CC4CN(c4cnn(CC(C)(C)O)c4)C5)nc3c2cc1F,7.87,IC50,IC50,13.6
COc1cc2nc(N)n3nc(C4CC(F)CN(c5cnn(C6CCOCC6)c5)C4)nc3c2cc1F,7.17,IC50,IC50,67.0
COc1cc2nc(N)n3nc([C@H]4CCCCN(c5cnn(CC(C)(C)O)c5)C4)nc3c2cc1F,7.5,IC50,IC50,31.4
COc1cc2nc(N)n3nc([C@@H]4CCCCN(c5cnn(CC(C)(C)O)c5)C4)nc3c2cc1F,8.3,IC50,IC50,5.0
COc1cc2nc(N)n3nc(C4(F)CCN(c5cnn(CC(C)(C)O)c5)C4)nc3c2cc1F,6.84,IC50,IC50,146.0
COc1cc2nc(N)n3nc(C4(F)CCN(c5cnn(CC(C)(C)O)c5)C4)nc3c2cc1F,6.62,IC50,IC50,242.0
COc1cc2nc(N)n3nc([C@@H]4CCCN(c5ncn(C(C)C(C)(C)O)n5)C4)nc3c2cc1F,9.0,IC50,IC50,1.0
COc1cc2nc(N)n3nc([C@@H]4CCCN(c5ncn(C(C)C(C)(C)O)n5)C4)nc3c2cc1F,8.92,IC50,IC50,1.2
COc1cc2nc(N)n3nc(C4CN(c5cnn(CC(C)(C)O)c5)CCC4C)nc3c2cc1F,9.22,IC50,IC50,0.6
COc1ccc(CNc2nc3c(OC)cc(F)cc3c3nc([C@H]4C[C@@H](F)CN(c5cnn(CC(C)(C)O)c5)C4)nn23)c(OC)c1,6.74,IC50,IC50,181.0
COc1ccc(CNc2nc3c(OC)cc(F)cc3c3nc([C@@H]4C[C@H](F)CN(c5cnn(CC(C)(C)O)c5)C4)nn23)c(OC)c1,8.59,IC50,IC50,2.6
COc1cc(F)cc2c1nc(N)n1nc(C3CC(F)CN(c4cn(CC(C)(C)O)nc4C)C3)nc21,9.22,IC50,IC50,0.6
COc1cc(F)cc2c1nc(N)n1nc(C3CC(F)CN(c4cn(CC(C)(C)O)nc4C)C3)nc21,7.45,IC50,IC50,35.6
COc1cc(F)cc2c1nc(N)n1nc(C3CC(F)CN(c4cnn(CC5(O)CCC5)c4)C3)nc21,8.7,IC50,IC50,2.0
COc1cc(F)cc2c1nc(N)n1nc(C3CC(F)CN(c4cnn(CC5(O)CCC5)c4)C3)nc21,6.36,IC50,IC50,436.0
COc1ccc(CNc2nc3c(OC)cc(F)cc3c3nc([C@@H]4C[C@@H](F)CN(c5cnn(CC(C)(C)O)c5)C4)nn23)c(OC)c1,9.05,IC50,IC50,0.9
COc1ccc(CNc2nc3c(OC)cc(F)cc3c3nc([C@H]4C[C@H](F)CN(c5cnn(CC(C)(C)O)c5)C4)nn23)c(OC)c1,7.25,IC50,IC50,56.9
COc1cc(F)cc2c1nc(N)n1nc(C3CC(F)CN(c4cn(CC(C)(C)O)nc4C)C3)nc21,6.59,IC50,IC50,256.0
COc1cc(F)cc2c1nc(N)n1nc(C3CC(F)CN(c4cn(CC(C)(C)O)nc4C)C3)nc21,9.4,IC50,IC50,0.4
COc1cc(F)cc2c1nc(N)n1nc(C3CC(F)CN(c4cnn(CC5(O)CCC5)c4)C3)nc21,9.05,IC50,IC50,0.9
COc1cc(F)cc2c1nc(N)n1nc(C3CC(F)CN(c4cnn(CC5(O)CCC5)c4)C3)nc21,7.8,IC50,IC50,16.0
COc1cc2nc(N)n3nc([C@@H]4C[C@@H](F)CN(c5cnn(CC(C)(C)O)c5)C4)nc3c2cc1F,7.94,IC50,IC50,11.6
COc1cc2nc(N)n3nc([C@H]4C[C@H](F)CN(c5cnn(CC(C)(C)O)c5)C4)nc3c2cc1F,6.92,IC50,IC50,121.0
COc1cc2nc(N)n3nc([C@@H]4CCCN(c5cnn(C6CCC[C@]6(C)O)c5)C4)nc3c2cc1F,8.31,IC50,IC50,4.9
COc1cc2nc(N)n3nc([C@@H]4CCCN(c5cnn(C6CCC[C@@]6(C)O)c5)C4)nc3c2cc1F,8.57,IC50,IC50,2.7
COc1cc2nc(N)n3nc([C@@H]4CCCN(c5cnn(C6CCCC6O)c5)C4)nc3c2cc1F,8.64,IC50,IC50,2.3
COc1cc2nc(N)n3nc([C@@H]4CCCN(c5cnn(C6CCCC6O)c5)C4)nc3c2cc1F,8.28,IC50,IC50,5.2
COc1cc(F)cc2c1nc(N)n1nc([C@@H]3CCCN(c4cn(C(C)C(C)(C)O)nc4C)C3)nc21,9.52,IC50,IC50,0.3
COc1cc(F)cc2c1nc(N)n1nc([C@@H]3CCCN(c4cn(C(C)C(C)(C)O)nc4C)C3)nc21,9.4,IC50,IC50,0.4
COc1cc2nc(N)n3nc([C@@H]4CC[C@H](C)N(c5cnn(C6CCCC6O)c5)C4)nc3c2cc1F,10.0,IC50,IC50,0.1
COc1cc2nc(N)n3nc([C@H]4CC[C@@H](C)N(c5cnn(C6CCCC6O)c5)C4)nc3c2cc1F,9.7,IC50,IC50,0.2
COc1cc2nc(N)n3nc([C@H]4C[C@@H](C)CN(C5=NC(CC(C)(C)O)N=C5)C4)nc3c2cc1F,8.92,IC50,IC50,1.2
COc1cc2nc(N)n3nc([C@@H]4C[C@H](C)CN(C5=NC(CC(C)(C)O)N=C5)C4)nc3c2cc1F,7.35,IC50,IC50,44.7
COc1cc2nc(N)n3nc([C@@H]4CCCN(c5cnn(CCCC(C)=O)c5)C4)nc3c2cc1F,8.24,IC50,IC50,5.8
COc1cc2nc(N)n3nc([C@@H]4CCCN(c5cnn(CCC[C@H](C)O)c5)C4)nc3c2cc1F,8.11,IC50,IC50,7.8
COc1cc2nc(N)n3nc([C@@H]4CCCN(c5cnn(CCC[C@@H](C)O)c5)C4)nc3c2cc1F,6.69,IC50,IC50,205.0
COc1cc2nc(N)n3nc([C@H]4CC[C@@H](C)N(c5cnn(C6CCC(C)(O)CC6)c5)C4)nc3c2cc1F,9.15,IC50,IC50,0.7
COc1cc2nc(N)n3nc([C@@H]4CC[C@H](C)N(c5cnn(C6CCC(C)(O)CC6)c5)C4)nc3c2cc1F,9.22,IC50,IC50,0.6
COc1cc2nc(N)n3nc([C@@H]4CCCN(c5cnn(C6CC[C@]6(C)O)c5)C4)nc3c2cc1F,9.05,IC50,IC50,0.9
COc1cc2nc(N)n3nc([C@@H]4CCCN(c5cnn(C6CC[C@@]6(C)O)c5)C4)nc3c2cc1F,8.36,IC50,IC50,4.4
COc1cc(F)cc2c(NNC(=O)C3CCCN(c4cnn(C)c4)C3)nc(N)nc12,8.85,IC50,IC50,1.4
Cn1cc(N2CCCC(c3nc4c5cc(F)c(F)cc5nc(N)n4n3)C2)cn1,7.49,IC50,IC50,32.7
Cn1cc(N2CCCC(c3nc4c5cc(F)ccc5nc(N)n4n3)C2)cn1,6.98,IC50,IC50,104.0
Cn1cc(N2CCCC(c3nc4c5cc(F)cc(F)c5nc(N)n4n3)C2)cn1,9.3,IC50,IC50,0.5
COc1cc(Cl)cc2c1nc(N)n1nc(C3CCCN(c4cnn(C)c4)C3)nc21,7.75,IC50,IC50,17.7
Cc1cc(Cl)cc2c1nc(N)n1nc(C3CCCN(c4cnn(C)c4)C3)nc21,6.48,IC50,IC50,329.0
Cn1cc(N2CCCC(c3nc4c5cc(Cl)ccc5nc(N)n4n3)C2)cn1,6.5,IC50,IC50,316.0
Cn1cc(N2CCCC(c3nc4c5c(F)c(F)ccc5nc(N)n4n3)C2)cn1,6.9,IC50,IC50,127.0
COc1cc2nc(N)n3nc([C@@H]4CC[C@H](C)N(c5cnn(CC(C)(C)O)c5)C4)nc3c2cc1F,9.15,IC50,IC50,0.7
C[C@H]1CC[C@@H](c2nc3c4cc(F)c(Cl)cc4nc(N)n3n2)CN1c1cnn(CC(C)(C)O)c1,9.7,IC50,IC50,0.2
C[C@H]1CC[C@@H](c2nc3c4cc(F)cc(F)c4nc(N)n3n2)CN1c1cnn(CC(C)(C)O)c1,9.15,IC50,IC50,0.7
Cc1cc2nc(N)n3nc([C@@H]4CC[C@H](C)N(c5cnn(CC(C)(C)O)c5)C4)nc3c2cc1F,9.4,IC50,IC50,0.4
Cn1cc(N2CCC[C@@H](c3nc4c5cc(Cl)cc(Cl)c5nc(N)n4n3)C2)cn1,7.24,IC50,IC50,58.1
COc1cc(F)cc2c1nc(N)n1nc(C3CCC(C)N(c4cn(CC(C)(C)O)nc4C)C3)nc21,7.3,IC50,IC50,50.6
COc1cc(F)cc2c1nc(N)n1nc([C@@H]3CC[C@@H](C)N(c4cn(CC(C)(C)O)nc4C)C3)nc21,8.54,IC50,IC50,2.9
COc1cc(F)cc2c1nc(N)n1nc([C@H]3CC[C@H](C)N(c4cn(CC(C)(C)O)nc4C)C3)nc21,6.68,IC50,IC50,207.0
COc1cc(F)cc2c1nc(N)n1nc([C@@H]3CC[C@H](C)N(c4cn(CC(C)(C)O)nc4C)C3)nc21,9.7,IC50,IC50,0.2
COc1cc(F)cc2c1nc(N)n1nc(C3CCC(C)N(c4cnn(CC(C)(C)O)c4)C3)nc21,8.72,IC50,IC50,1.9
COc1cc(F)cc2c1nc(N)n1nc(C3CCC(C)N(c4cnn(CC(C)(C)O)c4)C3)nc21,7.29,IC50,IC50,51.6
COc1cc(F)cc2c1nc(N)n1nc(C3CCC(C)N(c4cnn(CC(C)(C)O)c4)C3)nc21,9.22,IC50,IC50,0.6
COc1cc(F)cc2c1nc(N)n1nc(C3CCC(C)N(c4cnn(CC(C)(C)O)c4)C3)nc21,7.26,IC50,IC50,55.4
COc1cc(F)cc2c1nc(N)n1nc(C3CCC(C)N(c4cnn(C(C)(C)CO)c4)C3)nc21,6.43,IC50,IC50,369.0
COc1cc(F)cc2c1nc(N)n1nc(C3CCC(C)N(c4cnn(C(C)(C)CO)c4)C3)nc21,9.52,IC50,IC50,0.3
COc1cc(F)cc2c1nc(N)n1nc(C3CCC(C)N(c4cnn(C(C)(C)CO)c4)C3)nc21,9.52,IC50,IC50,0.3
COc1cc(F)cc2c1nc(N)n1nc(C3CCC(C)N(c4cnn(C(C)(C)CO)c4)C3)nc21,7.06,IC50,IC50,86.4
COc1cc2nc(N)n3nc(C4CCC(C)N(c5cnn(C(C)(C)CO)c5)C4)nc3c2cc1F,8.59,IC50,IC50,2.6
COc1cc2nc(N)n3nc(C4CCC(C)N(c5cnn(C(C)(C)CO)c5)C4)nc3c2cc1F,6.92,IC50,IC50,120.0
COc1cc2nc(N)n3nc(C4CCC(C)N(c5cnn(C(C)(C)CO)c5)C4)nc3c2cc1F,9.52,IC50,IC50,0.3
COc1cc2nc(N)n3nc([C@@H]4CCCN(c5cn(CS(C)(=O)=O)nc5C)C4)nc3c2cc1F,8.39,IC50,IC50,4.1
COc1cc2nc(N)n3nc([C@H]4CCCN(c5cn(CS(C)(=O)=O)nc5C)C4)nc3c2cc1F,8.92,IC50,IC50,1.2
COc1cc2nc(N)n3nc([C@@H]4CCCN(c5cnn(CS(C)(=O)=O)c5)C4)nc3c2cc1F,7.93,IC50,IC50,11.8
COc1cc2nc(N)n3nc([C@@H]4CCCN(c5cn(CS(C)(=O)=O)nc5C(F)F)C4)nc3c2cc1F,8.17,IC50,IC50,6.7
COc1cc(F)cc2c1nc(N)n1nc(C3(F)CCCN(c4cnn(CC(C)(C)O)c4)C3)nc21,8.37,IC50,IC50,4.3
COc1cc(F)cc2c1nc(N)n1nc(C3(F)CCCN(c4cnn(CC(C)(C)O)c4)C3)nc21,6.91,IC50,IC50,124.0
CCC1CCC(c2nc3c4cc(F)c(OC)cc4nc(N)n3n2)CN1c1cnn(CC(C)(C)O)c1,7.85,IC50,IC50,14.1
CCC1CCC(c2nc3c4cc(F)c(OC)cc4nc(N)n3n2)CN1c1cnn(CC(C)(C)O)c1,9.0,IC50,IC50,1.0
CCC1CCC(c2nc3c4cc(F)c(OC)cc4nc(N)n3n2)CN1c1cnn(CC(C)(C)O)c1,7.1,IC50,IC50,79.3
CCC1CCC(c2nc3c4cc(F)c(OC)cc4nc(N)n3n2)CN1c1cnn(CC(C)(C)O)c1,7.88,IC50,IC50,13.2
COc1cc2nc(N)n3nc(C4CCCN(c5cnn(CC(C)(C)O)c5)C4=O)nc3c2cc1F,7.78,IC50,IC50,16.8
COc1cc2nc(N)n3nc([C@H]4CN(c5cn(CC(C)(C)O)nc5C)CCO4)nc3c2cc1F,9.1,IC50,IC50,0.8
COc1cc2nc(N)n3nc([C@@H]4CN(c5cn(CC(C)(C)O)nc5C)CCO4)nc3c2cc1F,7.62,IC50,IC50,24.1
COc1cc2nc(F)n3nc([C@H]4CN(c5cn(CC(C)(C)O)nc5C)CCS4(=O)=O)nc3c2cc1F,6.01,IC50,IC50,984.0
CCn1cc([C@@]2(O)CCCC(c3nc4c5cc(F)c(OC)cc5nc(N)n4n3)C2)cn1,8.68,IC50,IC50,2.1
CCn1cc([C@]2(O)CCCC(c3nc4c5cc(F)c(OC)cc5nc(N)n4n3)C2)cn1,6.06,IC50,IC50,870.0
CCn1cc([C@@]2(O)CCCC(c3nc4c5cc(F)c(OC)cc5nc(N)n4n3)C2)cn1,6.42,IC50,IC50,385.0
CCn1cc([C@]2(O)CCCC(c3nc4c5cc(F)c(OC)cc5nc(N)n4n3)C2)cn1,8.74,IC50,IC50,1.8
COc1cccc2c1nc(N)n1nc(C3CCCC(O)(c4cnn(CC(C)(C)O)c4)C3)nc21,8.85,IC50,IC50,1.4
COc1cc2nc(N)n3nc([C@@H]4CCCN(c5cnn(C(C)(C)CO)c5)C4)nc3c2cc1F,8.42,IC50,IC50,3.8
COc1cc2nc(N)n3nc([C@@H]4CCCN(c5cnn(CCC(C)(C)O)c5)C4)nc3c2cc1F,8.23,IC50,IC50,5.9
CC(C)(O)Cn1cc(N2CCC[C@@H](c3nc4c5cc(F)c(OC(F)F)cc5nc(N)n4n3)C2)cn1,8.13,IC50,IC50,7.4
Cc1nn(CC(C)(C)O)cc1N1CCC[C@@H](c2nc3c4cc(F)c(OC(F)F)cc4nc(N)n3n2)C1,8.92,IC50,IC50,1.2
COc1cc2nc(N)n3nc(C4CC(C)CN(c5cn(C(C)(C)CO)nc5C)C4)nc3c2cc1F,7.62,IC50,IC50,23.9
COc1cc2nc(N)n3nc(C4CC(C)CN(c5cnn(C(C)(C)CO)c5)C4)nc3c2cc1F,8.02,IC50,IC50,9.5
COc1cc2nc(N)n3nc([C@H]4C[C@@H](C)CN(c5cn(CC(C)(C)O)nc5C)C4)nc3c2cc1F,7.48,IC50,IC50,33.4
COc1cc2nc(N)n3nc([C@@H]4C[C@H](C)CN(c5cn(CC(C)(C)O)nc5C)C4)nc3c2cc1F,8.96,IC50,IC50,1.1
COc1cc(F)cc2c1nc(N)n1nc(C3CC(C)CN(c4cnn(CC(C)(C)O)c4)C3)nc21,9.0,IC50,IC50,1.0
COc1cc(F)cc2c1nc(N)n1nc(C3CC(C)CN(c4cnn(CC(C)(C)O)c4)C3)nc21,8.06,IC50,IC50,8.7
COc1cc2nc(N)n3nc(C4CC(C)CN(c5cn(CC(C)(C)O)nc5C)C4)nc3c2cc1F,7.41,IC50,IC50,38.9
COc1cc2nc(N)n3nc(C4CC(C)CN(c5cn(CC(C)(C)O)nc5C)C4)nc3c2cc1F,9.15,IC50,IC50,0.7
CC1CC(c2nc3c4cc(F)cc(F)c4nc(N)n3n2)CN(c2cnn(CC(C)(C)O)c2)C1,7.44,IC50,IC50,36.0
CC1CC(c2nc3c4cc(F)cc(F)c4nc(N)n3n2)CN(c2cnn(CC(C)(C)O)c2)C1,8.72,IC50,IC50,1.9
COc1cc(F)cc2c1nc(N)n1nc(C3CC(C)CN(c4cnn(C(C)(C)CO)c4)C3)nc21,9.1,IC50,IC50,0.8
COc1cc(F)cc2c1nc(N)n1nc(C3CC(C)CN(c4cnn(C(C)(C)CO)c4)C3)nc21,7.7,IC50,IC50,20.0
Cc1nn(CC(C)(C)O)cc1N1CC(C)CC(c2nc3c4cc(F)cc(F)c4nc(N)n3n2)C1,9.22,IC50,IC50,0.6
Cc1nn(CC(C)(C)O)cc1N1CC(C)CC(c2nc3c4cc(F)cc(F)c4nc(N)n3n2)C1,7.62,IC50,IC50,23.9
COc1cc2nc(N)n3nc(C4CC(C)CN(c5cn(C(C)(C)CO)nc5C)C4)nc3c2cc1F,7.01,IC50,IC50,96.5
COc1cc2nc(N)n3nc(C4CC(C)CN(c5cn(C(C)(C)CO)nc5C)C4)nc3c2cc1F,9.1,IC50,IC50,0.8
COc1cc2nc(N)n3nc(C4CC(C)CN(c5cnn(C(C)(C)CO)c5)C4)nc3c2cc1F,8.92,IC50,IC50,1.2
COc1cc2nc(N)n3nc(C4CC(C)CN(c5cnn(C(C)(C)CO)c5)C4)nc3c2cc1F,7.22,IC50,IC50,60.5
COc1cc(F)cc2c1nc(N)n1nc(C3CC(C)CN(c4cnn(CC(C)(C)O)c4C)C3)nc21,7.68,IC50,IC50,20.7
COc1cc(F)cc2c1nc(N)n1nc(C3CC(C)CN(c4cnn(CC(C)(C)O)c4C)C3)nc21,9.22,IC50,IC50,0.6
COc1cc(F)cc2c1nc(N)n1nc(C3CC(C)CN(c4cn(C(C)(C)CO)nc4C)C3)nc21,7.52,IC50,IC50,30.2
COc1cc(F)cc2c1nc(N)n1nc(C3CC(C)CN(c4cn(C(C)(C)CO)nc4C)C3)nc21,9.05,IC50,IC50,0.9
Cc1nn(C(C)(C)CO)cc1N1CC(C)CC(c2nc3c4cc(F)cc(F)c4nc(N)n3n2)C1,6.81,IC50,IC50,154.0
Cc1nn(C(C)(C)CO)cc1N1CC(C)CC(c2nc3c4cc(F)cc(F)c4nc(N)n3n2)C1,9.22,IC50,IC50,0.6
CC1CC(c2nc3c4cc(F)cc(F)c4nc(N)n3n2)CN(c2cnn(C(C)(C)CO)c2)C1,8.4,IC50,IC50,4.0
CC1CC(c2nc3c4cc(F)cc(F)c4nc(N)n3n2)CN(c2cnn(C(C)(C)CO)c2)C1,7.27,IC50,IC50,54.0
CC1CC(c2nc3c4cc(F)cc(F)c4nc(N)n3n2)CN(c2cnn(CC(C)(C)O)c2)C1,7.8,IC50,IC50,16.0
CC1CC(c2nc3c4cc(F)cc(F)c4nc(N)n3n2)CN(c2cnn(CC(C)(C)O)c2)C1,6.44,IC50,IC50,362.0
CCC(C)(O)Cn1cc(N2CCC[C@@H](c3nc4c5cc(F)c(OC)cc5nc(N)n4n3)C2)cn1,8.7,IC50,IC50,2.0
CCC(C)(O)Cn1cc(N2CCC[C@@H](c3nc4c5cc(F)c(OC)cc5nc(N)n4n3)C2)cn1,8.31,IC50,IC50,4.9
COc1cc(F)cc2c1nc(N)n1nc([C@@H]3CCCN(c4cnn(C(C)C(C)O)c4)C3)nc21,8.96,IC50,IC50,1.1
COc1cc(F)cc2c1nc(N)n1nc([C@@H]3CCCN(c4cnn(C(C)C(C)O)c4)C3)nc21,9.0,IC50,IC50,1.0
COc1cc2nc(N)n3nc([C@@H]4CCCN(c5cnn(C(C)C(C)O)c5)C4)nc3c2cc1F,8.59,IC50,IC50,2.6
COc1cc2nc(N)n3nc([C@@H]4CCCN(c5cnn(C(C)C(C)O)c5)C4)nc3c2cc1F,8.82,IC50,IC50,1.5
COc1cc(F)cc2c1nc(N)n1nc([C@@H]3CCCN(c4cn(C(C)C(C)O)nc4C)C3)nc21,9.3,IC50,IC50,0.5
COc1cc(F)cc2c1nc(N)n1nc([C@@H]3CCCN(c4cn(C(C)C(C)O)nc4C)C3)nc21,9.1,IC50,IC50,0.8
Cc1nn(C(C)C(C)O)cc1N1CCC[C@@H](c2nc3c4cc(F)cc(F)c4nc(N)n3n2)C1,9.05,IC50,IC50,0.9
Cc1nn(C(C)C(C)O)cc1N1CCC[C@@H](c2nc3c4cc(F)cc(F)c4nc(N)n3n2)C1,9.1,IC50,IC50,0.8
COc1cc(F)cc2c1nc(N)n1nc([C@@H]3CCCN(c4cnn(C(C)C(C)O)c4C)C3)nc21,8.89,IC50,IC50,1.3
COc1cc(F)cc2c1nc(N)n1nc([C@@H]3CCCN(c4cnn(C(C)C(C)O)c4C)C3)nc21,8.77,IC50,IC50,1.7
COc1cc2nc(N)n3nc([C@@H]4CCCN(c5cnn(C(C)C(C)O)c5C)C4)nc3c2cc1F,8.47,IC50,IC50,3.4
COc1cc2nc(N)n3nc([C@@H]4CCCN(c5cnn(C(C)C(C)O)c5C)C4)nc3c2cc1F,8.43,IC50,IC50,3.7
CC(O)C(C)n1cc(N2CCC[C@@H](c3nc4c5cc(F)cc(F)c5nc(N)n4n3)C2)cn1,8.19,IC50,IC50,6.4
CC(O)C(C)n1cc(N2CCC[C@@H](c3nc4c5cc(F)cc(F)c5nc(N)n4n3)C2)cn1,8.37,IC50,IC50,4.3
COc1cc2nc(N)n3nc([C@@H]4CCCN(c5cnn(C(C)C(C)O)c5)C4)nc3c2cc1F,8.6,IC50,IC50,2.5
COc1cc2nc(N)n3nc([C@@H]4CCCN(c5cnn(C(C)C(C)O)c5)C4)nc3c2cc1F,8.6,IC50,IC50,2.5
COc1cc(F)cc2c1nc(N)n1nc([C@@H]3CCCN(c4cnn(C(C)C(C)O)c4)C3)nc21,8.72,IC50,IC50,1.9
COc1cc(F)cc2c1nc(N)n1nc([C@@H]3CCCN(c4cnn(C(C)C(C)O)c4)C3)nc21,8.85,IC50,IC50,1.4
CC(O)C(C)n1cc(N2CCC[C@@H](c3nc4c5cc(F)cc(F)c5nc(N)n4n3)C2)cn1,8.11,IC50,IC50,7.7
CC(O)C(C)n1cc(N2CCC[C@@H](c3nc4c5cc(F)cc(F)c5nc(N)n4n3)C2)cn1,8.11,IC50,IC50,7.8
COc1cc(F)cc2c1nc(N)n1nc(C3CC(C)CN(c4cn(C(C)(C)C(C)O)nc4C)C3)nc21,8.15,IC50,IC50,7.0
COc1cc(F)cc2c1nc(N)n1nc(C3CC(C)CN(c4cn(C(C)(C)C(C)O)nc4C)C3)nc21,7.89,IC50,IC50,13.0
COc1cc(F)cc2c1nc(N)n1nc(C3CC(C)CN(c4cn(C(C)(C)C(C)O)nc4C)C3)nc21,9.05,IC50,IC50,0.9
COc1cc2nc(N)n3nc(C4CC(C)CN(c5cnn(C(C)C(C)O)c5)C4)nc3c2cc1F,9.15,IC50,IC50,0.7
COc1cc2nc(N)n3nc(C4CC(C)CN(c5cnn(C(C)C(C)O)c5)C4)nc3c2cc1F,9.15,IC50,IC50,0.7
COc1cc2nc(N)n3nc(C4CC(C)CN(c5cnn(C(C)C(C)O)c5)C4)nc3c2cc1F,7.79,IC50,IC50,16.2
COc1cc2nc(N)n3nc(C4CC(C)CN(c5cnn(C(C)C(C)O)c5)C4)nc3c2cc1F,7.05,IC50,IC50,89.3
Cc1nn(C(C)C(C)O)cc1N1CC(C)CC(c2nc3c4cc(F)cc(F)c4nc(N)n3n2)C1,6.91,IC50,IC50,122.0
Cc1nn(C(C)C(C)O)cc1N1CC(C)CC(c2nc3c4cc(F)cc(F)c4nc(N)n3n2)C1,6.48,IC50,IC50,331.0
Cc1nn(C(C)C(C)O)cc1N1CC(C)CC(c2nc3c4cc(F)cc(F)c4nc(N)n3n2)C1,9.3,IC50,IC50,0.5
Cc1nn(C(C)C(C)O)cc1N1CC(C)CC(c2nc3c4cc(F)cc(F)c4nc(N)n3n2)C1,9.4,IC50,IC50,0.4
Cc1c(N2CC(C)CC(c3nc4c5cc(F)cc(F)c5nc(N)n4n3)C2)cnn1C(C)C(C)O,9.0,IC50,IC50,1.0
Cc1c(N2CC(C)CC(c3nc4c5cc(F)cc(F)c5nc(N)n4n3)C2)cnn1C(C)C(C)O,8.96,IC50,IC50,1.1
Cc1c(N2CC(C)CC(c3nc4c5cc(F)cc(F)c5nc(N)n4n3)C2)cnn1C(C)C(C)O,6.63,IC50,IC50,236.0
Cc1c(N2CC(C)CC(c3nc4c5cc(F)cc(F)c5nc(N)n4n3)C2)cnn1C(C)C(C)O,6.61,IC50,IC50,247.0
COc1cc(F)cc2c1nc(N)n1nc(C3CC(C)CN(c4cnn(C(C)C(C)O)c4C)C3)nc21,7.69,IC50,IC50,20.4
COc1cc(F)cc2c1nc(N)n1nc(C3CC(C)CN(c4cnn(C(C)C(C)O)c4C)C3)nc21,9.3,IC50,IC50,0.5
COc1cc(F)cc2c1nc(N)n1nc(C3CC(C)CN(c4cnn(C(C)C(C)O)c4C)C3)nc21,7.46,IC50,IC50,34.6
COc1cc(F)cc2c1nc(N)n1nc(C3CC(C)CN(c4cnn(C(C)C(C)O)c4C)C3)nc21,9.15,IC50,IC50,0.7
COc1cc(F)cc2c1nc(N)n1nc(C3CC(C)CN(c4cn(C(C)C(C)O)nc4C)C3)nc21,9.4,IC50,IC50,0.4
COc1cc(F)cc2c1nc(N)n1nc(C3CC(C)CN(c4cn(C(C)C(C)O)nc4C)C3)nc21,9.4,IC50,IC50,0.4
COc1cc(F)cc2c1nc(N)n1nc(C3CC(C)CN(c4cn(C(C)C(C)O)nc4C)C3)nc21,7.75,IC50,IC50,17.6
COc1cc(F)cc2c1nc(N)n1nc(C3CC(C)CN(c4cn(C(C)C(C)O)nc4C)C3)nc21,7.4,IC50,IC50,40.2
COc1cc2nc(N)n3nc([C@H]4CC[C@@H](C)N(c5cnn(C(C)C(C)O)c5)C4)nc3c2cc1F,9.1,IC50,IC50,0.8
COc1cc2nc(N)n3nc([C@@H]4CC[C@@H](C)N(c5cnn(C(C)C(C)O)c5)C4)nc3c2cc1F,9.0,IC50,IC50,1.0
COc1cc2nc(N)n3nc([C@H]4CC[C@H](C)N(c5cnn(C(C)C(C)O)c5)C4)nc3c2cc1F,7.48,IC50,IC50,32.9
COc1cc2nc(N)n3nc([C@@H]4CC[C@H](C)N(c5cnn(C(C)C(C)O)c5)C4)nc3c2cc1F,6.91,IC50,IC50,122.0
CC(O)C(C)n1cc(N2CC(c3nc4c5cc(F)cc(F)c5nc(N)n4n3)CCC2C)cn1,8.89,IC50,IC50,1.3
CC(O)C(C)n1cc(N2CC(c3nc4c5cc(F)cc(F)c5nc(N)n4n3)CCC2C)cn1,9.15,IC50,IC50,0.7
CC(O)C(C)n1cc(N2CC(c3nc4c5cc(F)cc(F)c5nc(N)n4n3)CCC2C)cn1,7.33,IC50,IC50,46.8
CC(O)C(C)n1cc(N2CC(c3nc4c5cc(F)cc(F)c5nc(N)n4n3)CCC2C)cn1,6.36,IC50,IC50,439.0
COc1cc2nc(N)n3nc(C4CCC(C)N(c5cnn(C(C)C(C)O)c5)C4)nc3c2cc1F,9.0,IC50,IC50,1.0
COc1cc2nc(N)n3nc(C4CCC(C)N(c5cnn(C(C)C(C)O)c5)C4)nc3c2cc1F,9.1,IC50,IC50,0.8
COc1cc2nc(N)n3nc(C4CCC(C)N(c5cnn(C(C)C(C)O)c5)C4)nc3c2cc1F,7.66,IC50,IC50,21.8
COc1cc2nc(N)n3nc(C4CCC(C)N(c5cnn(C(C)C(C)O)c5)C4)nc3c2cc1F,7.12,IC50,IC50,75.1
COc1cc2nc(N)n3nc(C4CCC(C)N(c5cnn(CC(C)O)c5)C4)nc3c2cc1F,8.92,IC50,IC50,1.2
COc1cc2nc(N)n3nc(C4CCC(C)N(c5cnn(CC(C)O)c5)C4)nc3c2cc1F,8.89,IC50,IC50,1.3
COc1cc2nc(N)n3nc([C@@H]4CCCN(c5cnn(C(C)(C)C(C)O)c5)C4)nc3c2cc1F,8.7,IC50,IC50,2.0
COc1cc2nc(N)n3nc([C@H]4CCCN(c5cnn(C(C)(C)C(C)O)c5)C4)nc3c2cc1F,8.59,IC50,IC50,2.6
COc1cc(F)cc2c1nc(N)n1nc([C@@H]3CCCN(c4cnn(C(C)(C)C(C)O)c4)C3)nc21,9.05,IC50,IC50,0.9
COc1cc(F)cc2c1nc(N)n1nc([C@@H]3CCCN(c4cnn(C(C)(C)C(C)O)c4)C3)nc21,8.7,IC50,IC50,2.0
CC(O)C(C)(C)n1cc(N2CCC[C@@H](c3nc4c5cc(F)cc(F)c5nc(N)n4n3)C2)cn1,8.49,IC50,IC50,3.2
CC(O)C(C)(C)n1cc(N2CCC[C@@H](c3nc4c5cc(F)cc(F)c5nc(N)n4n3)C2)cn1,8.35,IC50,IC50,4.5
C[C@@H]1CC[C@H](c2nc3c4cc(F)cc(F)c4nc(N)n3n2)CN1c1cnn(C(C)(CO)CO)c1,8.85,IC50,IC50,1.4
C[C@H]1CC[C@@H](c2nc3c4cc(F)cc(F)c4nc(N)n3n2)CN1c1cnn(C(C)(CO)CO)c1,7.57,IC50,IC50,26.9
COc1cc2nc(N)n3nc(C4CCC(C)N(c5cnn(C(C)(CO)CO)c5)C4)nc3c2cc1F,9.15,IC50,IC50,0.7
COc1cc2nc(N)n3nc(C4CCC(C)N(c5cnn(C(C)(CO)CO)c5)C4)nc3c2cc1F,7.4,IC50,IC50,39.5
COc1cc2nc(N)n3nc(C4CCC(C)N(c5cnn(CC(C)(O)CO)c5)C4)nc3c2cc1F,7.02,IC50,IC50,95.0
COc1cc2nc(N)n3nc(C4CCC(C)N(c5cnn(CC(C)(O)CO)c5)C4)nc3c2cc1F,6.91,IC50,IC50,123.0
COc1cc2nc(N)n3nc(C4CCC(C)N(c5cnn(CC(C)(O)CO)c5)C4)nc3c2cc1F,8.82,IC50,IC50,1.5
COc1cc2nc(N)n3nc(C4CCC(C)N(c5cnn(CC(C)(O)CO)c5)C4)nc3c2cc1F,8.59,IC50,IC50,2.6
CC1CCC(c2nc3c4cc(F)cc(F)c4nc(N)n3n2)CN1c1cnn(CC(C)(O)CO)c1,6.62,IC50,IC50,241.0
CC1CCC(c2nc3c4cc(F)cc(F)c4nc(N)n3n2)CN1c1cnn(CC(C)(O)CO)c1,6.27,IC50,IC50,541.0
CC1CCC(c2nc3c4cc(F)cc(F)c4nc(N)n3n2)CN1c1cnn(CC(C)(O)CO)c1,8.64,IC50,IC50,2.3
CC1CCC(c2nc3c4cc(F)cc(F)c4nc(N)n3n2)CN1c1cnn(CC(C)(O)CO)c1,8.64,IC50,IC50,2.3
CC1CCC(c2nc3c4cc(F)cc(F)c4nc(N)n3n2)CN1c1cnn(CC(C)(CO)CO)c1,8.77,IC50,IC50,1.7
CC1CCC(c2nc3c4cc(F)cc(F)c4nc(N)n3n2)CN1c1cnn(CC(C)(CO)CO)c1,7.06,IC50,IC50,86.6
COc1cc2nc(N)n3nc(C4CCC(C)N(c5cnn(CC(C)(C)N)c5)C4)nc3c2cc1F,8.66,IC50,IC50,2.2
COc1cc2nc(N)n3nc(C4CCC(C)N(c5cnn(CC(C)(C)N)c5)C4)nc3c2cc1F,7.58,IC50,IC50,26.0
COc1cc2nc(N)n3nc(C4CCC(C)N(c5cnn(C(C)(C)C(C)O)c5)C4)nc3c2cc1F,8.52,IC50,IC50,3.0
COc1cc2nc(N)n3nc(C4CCC(C)N(c5cnn(C(C)(C)C(C)O)c5)C4)nc3c2cc1F,8.89,IC50,IC50,1.3
COc1cc2nc(N)n3nc(C4CCC(C)N(c5cnn(C(C)(C)C(C)O)c5)C4)nc3c2cc1F,7.19,IC50,IC50,64.2
COc1cc2nc(N)n3nc(C4CCC(C)N(c5cnn(C(C)(C)C(C)O)c5)C4)nc3c2cc1F,6.76,IC50,IC50,175.0
COc1cc(F)cc2c1nc(N)n1nc(C3CCC(C)N(c4cnn(C(C)(C)C(C)O)c4)C3)nc21,9.15,IC50,IC50,0.7
COc1cc(F)cc2c1nc(N)n1nc(C3CCC(C)N(c4cnn(C(C)(C)C(C)O)c4)C3)nc21,8.92,IC50,IC50,1.2
COc1cc(F)cc2c1nc(N)n1nc(C3CCC(C)N(c4cnn(C(C)(C)C(C)O)c4)C3)nc21,8.28,IC50,IC50,5.2
COc1cc(F)cc2c1nc(N)n1nc(C3CCC(C)N(c4cnn(C(C)(C)C(C)O)c4)C3)nc21,7.67,IC50,IC50,21.4
COc1cc2nc(N)n3nc(C4CCC(C)N(c5cnn(CC6(O)CC6)c5)C4)nc3c2cc1F,7.36,IC50,IC50,43.6
COc1cc2nc(N)n3nc(C4CCC(C)N(c5cnn(CC6(O)CC6)c5)C4)nc3c2cc1F,8.92,IC50,IC50,1.2
COc1cc2nc(N)n3nc(C4CC(C)CN(c5cnn(CC(C)(C)O)c5C)C4)nc3c2cc1F,9.15,IC50,IC50,0.7
COc1cc2nc(N)n3nc(C4CC(C)CN(c5cnn(CC(C)(C)O)c5C)C4)nc3c2cc1F,7.81,IC50,IC50,15.6
C[C@](C(=O)NCC1(O)COC1)(c1ccccc1)n1ncc2c1nc(N)n1nc(-c3ccco3)nc21,8.92,Ki,Ki,1.2
C[C@](C(=O)N[C@@H]1CCC[C@@H]1O)(c1ccccc1)n1ncc2c1nc(N)n1nc(-c3ccco3)nc21,8.66,Ki,Ki,2.2
Nc1nc2c(cnn2[C@H](C(=O)NCC2(O)COC2)c2ccccc2)c2nc(-c3ccco3)nn12,8.77,Ki,Ki,1.7
CC1(O)CCC(NC(=O)[C@@](C)(c2ccccc2)n2ncc3c2nc(N)n2nc(-c4ccco4)nc32)CC1,8.8,Ki,Ki,1.6
C[C@](C(=O)NC1CCC(O)CC1)(c1ccccc1)n1ncc2c1nc(N)n1nc(-c3ccco3)nc21,8.8,Ki,Ki,1.6
COCCOc1ccc(N2CCN(CCn3ncc4c3nc(N)n3nc(-c5ccco5)nc43)CC2)cc1,8.89,Ki,Ki,1.3
Cn1cc(-c2nc(C(=O)NCc3c(F)cccc3F)c(N)nc2-c2ncco2)ccc1=O,8.72,IC50,IC50,1.9
Cn1cc(-c2nc(C(=O)NCc3ncccc3F)c(N)nc2-c2ncco2)ccc1=O,8.51,IC50,IC50,3.1
CN(C)c1cccnc1CNC(=O)c1nc(-c2ccc(=O)n(C)c2)c(-c2ncco2)nc1N,8.41,IC50,IC50,3.9
Cn1cc(-c2nc(C(=O)NCc3ncccc3OC(F)F)c(N)nc2-c2ncco2)ccc1=O,5.0,IC50,IC50,10000.0
Cc1scnc1CNC(=O)c1nc(-c2ccc(=O)n(C)c2)c(-c2ncco2)nc1N,8.46,IC50,IC50,3.5
CNc1cccc(CNC(=O)c2nc(-c3ccc(=O)n(C)c3)c(-c3ncco3)nc2N)n1,8.46,IC50,IC50,3.5
Cn1cc(-c2nc(C(=O)NCc3cccc(N)n3)c(N)nc2-c2ncco2)ccc1=O,7.96,IC50,IC50,11.0
Cn1cc(-c2nc(C(=O)NCc3c(F)cccc3F)c(N)nc2-c2ccc(F)cc2)ccc1=O,8.64,IC50,IC50,2.3
Nc1nc(-c2ncco2)c(-c2ccc3nncn3c2)nc1C(=O)NCc1c(F)cccc1F,8.43,IC50,IC50,3.7
Cn1cc(-c2nc(C(=O)NCc3c(F)cccc3F)c(N)nc2-n2nccn2)ccc1=O,8.49,IC50,IC50,3.2
Cn1nc(-c2nc(C(=O)NCc3c(F)cccc3F)c(N)nc2-c2ncco2)ccc1=O,9.0,IC50,IC50,1.0
CC(NC(=O)c1nc(-c2ccc(=O)n(C)n2)c(-c2ncco2)nc1N)c1c(F)cccc1F,8.28,IC50,IC50,5.2
Nc1nc(-c2ncco2)c(-c2ccc(=O)n(CCO)c2)nc1C(=O)NCc1c(F)cccc1F,8.48,IC50,IC50,3.3
Nc1nc(-c2ncco2)c(-c2ccc3nccn3c2)nc1C(=O)NCc1ncccc1F,7.68,IC50,IC50,21.0
Nc1nc(-c2ncco2)c(-c2ccc3[nH]cnc3c2)nc1C(=O)NCc1ncccc1F,8.59,IC50,IC50,2.6
Nc1cccc(CNC(=O)c2nc(-c3ccc4nccn4c3)c(-c3ncco3)nc2N)n1,8.51,IC50,IC50,3.1
Cn1cc(-c2nc(C(=O)NCc3nc(N)ccc3F)c(N)nc2-c2ncco2)ccc1=O,8.28,IC50,IC50,5.3
Cn1cnc2ccc(-c3nc(C(=O)NCc4ncccc4F)c(N)nc3-c3ncco3)cc21,8.68,IC50,IC50,2.1
COc1ccccc1CNC(=O)c1nc(-c2cc(C)nc(C)c2)c(-c2ccc(C)o2)nc1N,8.1,IC50,IC50,7.9
Cc1cc(-c2nc(C(=O)NCc3ccccc3OC(F)(F)F)c(N)nc2-c2ccc(F)cc2)cc(C)n1,7.89,IC50,IC50,13.0
Cn1cc(-c2nc(CNC(=O)c3c(F)cccc3F)c(N)nc2-c2ccc(F)cc2)ccc1=O,8.62,IC50,IC50,2.4
Cn1cc(-c2nc(C(=O)NC(CO)c3c(F)cccc3F)c(N)nc2-c2ncco2)ccc1=O,8.03,IC50,IC50,9.3
Nc1nc(-c2ncco2)c(-c2ccc3ncnn3c2)nc1C(=O)NCc1ncccc1F,8.08,IC50,IC50,8.4
Cc1cnc2ccc(-c3nc(C(=O)NCc4ncccc4F)c(N)nc3-c3ncco3)cn12,8.62,IC50,IC50,2.4
Nc1nc(-n2nccn2)c(-c2ccc3nccn3c2)nc1C(=O)NCc1ncccc1F,8.21,IC50,IC50,6.2
CNCCOc1cccnc1CNC(=O)c1nc(-c2ccc3ncn(C)c3c2)c(-c2ccc(F)cc2)nc1N,8.16,IC50,IC50,6.9
Cc1cnc2ccc(-c3nc(C(=O)NCC4CCCN4C)c(N)nc3-c3ncco3)cn12,8.43,IC50,IC50,3.7
Cc1cnc2ccc(-c3nc(C(=O)NCC4CCCN4C)c(N)nc3-c3ncco3)cn12,8.54,IC50,IC50,2.9
Cc1cnc2ccc(-c3nc(C(=O)NC[C@H]4CCCO4)c(N)nc3-c3ncco3)cn12,8.85,IC50,IC50,1.4
Cc1cnc2ccc(-c3nc(C(=O)NC[C@@H]4CCCO4)c(N)nc3-c3ncco3)cn12,8.51,IC50,IC50,3.1
Cc1cnc2ccc(-c3nc(C(=O)NC(C)C)c(N)nc3-c3ncco3)cn12,8.57,IC50,IC50,2.7
Cc1cnc2ccc(-c3nc(C(=O)NCC4CCO4)c(N)nc3-c3ncco3)cn12,8.26,IC50,IC50,5.5
Cc1cnc2ccc(-c3nc(C(=O)NCC4CCO4)c(N)nc3-c3ncco3)cn12,8.7,IC50,IC50,2.0
Cc1cnc2ccc(-c3nc(C(=O)NC[C@H]4CCOC4)c(N)nc3-c3ncco3)cn12,8.77,IC50,IC50,1.7
Cc1cnc2ccc(-c3nc(C(=O)NC[C@@H]4CCOC4)c(N)nc3-c3ncco3)cn12,8.41,IC50,IC50,3.9
Cc1cnc2ccc(-c3nc(C(=O)NC[C@H]4CCCN4C)c(N)nc3-c3ccc(F)cc3)cn12,8.66,IC50,IC50,2.2
Cc1cnc2ccc(-c3nc(C(=O)NC[C@@H]4CCCN4C)c(N)nc3-c3ccc(F)cc3)cn12,8.28,IC50,IC50,5.2
COCCNC(=O)c1nc(-c2ccc3ncc(C)n3c2)c(-c2ncco2)nc1N,8.25,IC50,IC50,5.6
COC[C@H](C)NC(=O)c1nc(-c2ccc3ncc(C)n3c2)c(-c2ncco2)nc1N,8.5,IC50,IC50,3.15
Cc1cnc2ccc(-c3nc(C(=O)NC4CCC4)c(N)nc3-c3ncco3)cn12,8.04,IC50,IC50,9.1
Cn1cc(-c2c(-c3ccc(F)cc3)nc(N)n3nc(Cc4ncccc4F)nc23)ccc1=O,8.64,IC50,IC50,2.3
Cn1cc(-c2c(-c3ccc(F)cc3)nc(N)n3nc(Cc4c(F)cccc4F)nc23)ccc1=O,8.68,IC50,IC50,2.1
CN(C)c1cc(-c2c(-c3ccc(F)cc3)nc(N)n3nc(Cc4c(F)cccc4F)nc23)ccn1,9.05,IC50,IC50,0.9
Cn1cc(-c2c(-c3ccc(F)cc3)nc(N)n3nc(Cc4ncccc4OC(F)F)nc23)ccc1=O,8.55,IC50,IC50,2.8
Cn1cc(-c2c(-c3ncco3)nc(N)n3nc(Cc4ncccc4F)nc23)ccc1=O,7.7,IC50,IC50,20.0
Cn1cc(-c2c(-c3ncco3)nc(N)n3nc(Cc4c(F)cccc4F)nc23)ccc1=O,7.92,IC50,IC50,12.0
Cn1cc(-c2c(-n3nccn3)nc(N)n3nc(Cc4c(F)cccc4F)nc23)ccc1=O,8.85,IC50,IC50,1.4
Nc1nc(-c2ncco2)c(-c2ccc3nccn3c2)c2nc(Cc3ncccc3F)nn12,8.52,IC50,IC50,3.0
Nc1nc(-c2ccc(F)cc2)c(-c2ccc3nccn3c2)c2nc(Cc3ncccc3F)nn12,8.26,IC50,IC50,5.5
CCn1cc(-c2c(-c3ccc(F)cc3)nc(N)n3nc(Cc4ncccc4F)nc23)ccc1=O,8.55,IC50,IC50,2.8
Nc1cccc(Cc2nc3c(-c4ccc5nccn5c4)c(-c4ccc(F)cc4)nc(N)n3n2)n1,8.2,IC50,IC50,6.3
Cn1cc(-c2c(-c3ccc(C(F)F)cc3)nc(N)n3nc(Cc4ncccc4F)nc23)ccc1=O,8.47,IC50,IC50,3.4
CC(C)n1cc(-c2c(-c3ccc(F)cc3)nc(N)n3nc(Cc4ncccc4F)nc23)ccc1=O,8.4,IC50,IC50,4.0
COc1ccc(-c2nc(N)n3nc(Cc4ncccc4F)nc3c2-c2ccc(=O)n(C)c2)cc1,8.38,IC50,IC50,4.2
Cn1cc(-c2c(-c3ccc(C(F)(F)F)cc3)nc(N)n3nc(Cc4ncccc4F)nc23)ccc1=O,8.28,IC50,IC50,5.2
Cc1c(-c2c(-c3ccc(F)cc3)nc(N)n3nc(Cc4ncccc4F)nc23)ccc(=O)n1C,8.14,IC50,IC50,7.2
Cn1cc(-c2c(-c3cccc(Cl)c3)nc(N)n3nc(Cc4ncccc4F)nc23)ccc1=O,8.39,IC50,IC50,4.1
COc1cccc(-c2nc(N)n3nc(Cc4ncccc4F)nc3c2-c2ccc(=O)n(C)c2)c1,8.44,IC50,IC50,3.6
Nc1nc(-c2ncco2)c(-c2ccnc(OC(F)F)c2)c2nc(Cc3c(F)cccc3F)nn12,8.26,IC50,IC50,5.5
Nc1nc(-c2ncco2)c(-c2ccnc(OC(F)F)c2)c2nc(Cc3ncccc3F)nn12,8.08,IC50,IC50,8.3
Nc1nc(-n2nccn2)c(-c2ccc3nccn3c2)c2nc(Cc3ncccc3F)nn12,8.46,IC50,IC50,3.5
CN(C)CCc1c[nH]c2cccc(O)c12,5.7,Ki,Ki,2000.0
COc1cc(C(F)(F)F)c(OC)cc1C1CCCNC1,5.85,Ki,Ki,1400.0
Cc1cc(-c2c(-c3cnc4c(c3)CCN4)nc(N)n3ccnc23)cc(C)n1,6.26,Ki,Ki,550.0
Cc1cc(-c2c(-c3ccccc3)nc(N)n3c(CN4CCOCC4)cnc23)cc(C)n1,7.26,Ki,Ki,55.0
Nc1nc(-c2ccncc2)c(-c2ccncc2)c2nccn12,7.26,Ki,Ki,55.0
Cc1occc1-c1nc(N)n2ccnc2c1-c1ccncc1,7.26,Ki,Ki,55.0
Nc1nc(-c2ccccc2F)c(-c2ccncc2)c2nccn12,7.26,Ki,Ki,55.0
Nc1nc(-c2cc3ccccc3o2)c(-c2ccncc2)c2nccn12,6.26,Ki,Ki,550.0
Cc1cc(-c2c(-c3cnn(C)c3)nc(N)n3ccnc23)ccn1,7.26,Ki,Ki,55.0
CCOC(=O)c1cn2c(N)nc(-c3ccccc3)c(-c3ccnc(C)c3)c2n1,7.26,Ki,Ki,55.0
COC(=O)c1cc(-c2cn3c(N)nc(-c4ccccc4)c(-c4ccncc4)c3n2)on1,7.26,Ki,Ki,55.0
CCOc1ccc(-c2cnc3c(-c4ccnc(C)c4)c(-c4ccccc4)nc(N)n23)cc1,7.26,Ki,Ki,55.0
CCNC(=O)c1nc2c(-c3ccnc(OC)c3)c(-c3cccc(C#N)c3)nc(N)n2c1C,7.26,Ki,Ki,55.0
CCNC(=O)c1cn2c(NCC)nc(-c3ccccc3)c(-c3cc(C)nc(C)c3)c2n1,7.26,Ki,Ki,55.0
CCNC(=O)c1cn2c(N)nc(-c3cccc(C#N)c3)c(C3CC3)c2n1,7.26,Ki,Ki,55.0
